time,state_real_ROLL,state_obs_ROLL,state_real_WX,state_obs_WX,state_real_VY,state_obs_VY,state_real_WZ,state_obs_WZ,state_real_VX,state_obs_VX,state_real_PHI_U,state_obs_PHI_U,output_real_ROLL,output_obs_ROLL,output_real_VX,output_obs_VX,output_real_WX,output_obs_WX,output_real_DOT_WX,output_obs_DOT_WX,output_real_WZ,output_obs_WZ,output_real_ACC_Y,output_obs_ACC_Y,phi_s
0.01,0.0007845909572784495,-7.869696102841027e-21,0.0007845909572784495,0.0076703094752876315,0.0007845909572784495,0.017636042400668333,0.22735835637387664,0.23439032363305057,0.39113018338969,0.0,-0.00624950652627385,0.00150926711360214,0.0,0.0,0.0,0.0,0.011302014521247928,0.0,0.0,0.0010541569073216283,0.011457453315234265,0.0,0.004191768862566036,0.0,-0.00150926711360214
0.02,0.0023567815172535426,0.00030427119320711594,0.13307277132536893,0.15529232510422067,0.03573827047774541,0.026618010495981947,0.3144726983890929,0.3035389037280437,0.7525145225868843,0.39113018338969,-0.012497532709294476,0.0005804321075203128,0.0007845909572784495,-7.869696102841027e-21,0.39113018338969,0.0,0.001035355725163643,0.0076703094752876315,14.463283082622947,0.002513876393845446,0.2172286444211061,0.23439032363305057,3.4238939316110066,3.404420438429278,-0.0002761609143131969
0.03,0.006021962869066286,0.002747589913110249,0.21300932737713824,0.23332053284900983,0.07696515308429433,0.04963298999099959,0.3444911005404878,0.3341584883278729,1.08657411880682,0.7525145225868843,-0.01874309191329816,-0.005711047092267147,0.0023567815172535426,0.00030427119320711594,0.7525145225868843,0.39113018338969,0.12701250317084273,0.15529232510422067,10.183814084790829,0.02745671843022074,0.2970721478705981,0.3035389037280437,4.12629423455933,4.080391874128672,0.008458637005377396
0.04,0.011242226086587141,0.006933793702377829,0.2301758941395085,0.2738468291765116,0.11776763103695607,0.10606369223135903,0.35526584218134327,0.3505719778140983,1.395469358211641,1.08657411880682,-0.024985197892085767,-0.00467273108440411,0.006021962869066286,0.002747589913110249,1.08657411880682,0.7525145225868843,0.2240643471886318,0.23332053284900983,4.568671613903737,0.07684127578516767,0.3410474640415907,0.3341584883278729,4.145097443559696,4.213092458590641,0.011606524786781938
0.05,0.017370819351633125,0.012647751469791036,0.2033713114453483,0.23561031307155383,0.15674266158961667,0.15846450908757811,0.36011714815601104,0.3625703903648779,1.681145704167518,1.395469358211641,-0.031222864944762466,-0.011779792865226232,0.011242226086587141,0.006933793702377829,1.395469358211641,1.08657411880682,0.2333848825903409,0.2738468291765116,0.6793524728664813,0.13847088689091122,0.36297818022152795,0.3505719778140983,4.010947918968853,4.03644406707146,0.024427544335017266
0.060000000000000005,0.023944437463482075,0.01889590233137841,0.13874549210418072,0.16236228249984835,0.19120984418987286,0.2370497118623337,0.3675148035258828,0.3551501953062515,1.9453845585358593,1.681145704167518,-0.0374551080713913,-0.01387997338726964,0.017370819351633125,0.012647751469791036,1.681145704167518,1.395469358211641,0.1922624318494094,0.23561031307155383,3.1902340880377764,0.20035304799571957,0.35390702553892317,0.3625703903648779,3.5932663280341335,3.8528261035751044,0.032775875718648054
0.07,0.03055687803168337,0.025338508583444642,0.051493000166619105,0.077881326311656,0.220937627748241,0.2717816161097324,0.37550583039865826,0.3670665001285815,2.189823271430661,1.9453845585358593,-0.04368094312853613,-0.01959388498769009,0.023944437463482075,0.01889590233137841,1.9453845585358593,1.681145704167518,0.129728013043806,0.16236228249984835,0.6037181197277199,0.24202824565863018,0.3630855084626472,0.3551501953062515,3.1649522660774676,3.1492739751355816,0.04493239357113473
0.08,0.03694966055627429,0.03180942544417059,-0.04348976161262916,-0.019318408314943344,0.24697789427407701,0.29407062100757814,0.3820513846197686,0.37648789131613236,2.4159636212600937,2.189823271430661,-0.04989938698466926,-0.02584992174854669,0.03055687803168337,0.025338508583444642,2.189823271430661,1.9453845585358593,0.046688755830207256,0.077881326311656,-0.45291777046657167,0.26729617618175144,0.374758000256385,0.3670665001285815,2.8391311365370115,2.7900607305623044,0.057659347192717286
0.09,0.04300924342344984,0.03803661639131965,-0.1390968170121499,-0.13359731560818766,0.2700070536672446,0.31328286151160484,0.38716006159185945,0.3830626369092843,2.6251845486631256,2.4159636212600937,-0.05610945767541931,-0.03472516820975635,0.03694966055627429,0.03180942544417059,2.4159636212600937,2.189823271430661,-0.05899136897455555,-0.019318408314943344,-0.7022968774550566,0.26389734458970016,0.38326878180706986,0.37648789131613236,2.581095665222205,2.5367609262624544,0.072761784601076
0.09999999999999999,0.04868934306519382,0.04377708885745117,-0.23194649623639207,-0.20759737646402993,0.2905238109043712,0.31952821800463066,0.3911559693025765,0.38276719372618656,2.8187543582449153,2.6251845486631256,-0.0623101745586348,-0.03536777736394048,0.04300924342344984,0.03803661639131965,2.6251845486631256,2.4159636212600937,-0.13666757528024226,-0.13359731560818766,-0.5320085279464326,0.23909134955101902,0.3790933150256888,0.3830626369092843,2.3630155006916684,2.3234492883208056,0.07914486622139165
0.10999999999999999,0.05397393775883021,0.04948203448564437,-0.32056180554115365,-0.2962544419502163,0.308914549772346,0.32901340415789676,0.3943343221685324,0.38755041926884426,2.9978402483551063,2.8187543582449153,-0.06850055846923887,-0.040066127217532985,0.04868934306519382,0.04377708885745117,2.8187543582449153,2.6251845486631256,-0.23279262415860555,-0.20759737646402993,-0.15213124731568328,0.20141490140427157,0.3876013390816856,0.38276719372618656,2.1827464348149217,2.1438429519808953,0.08954816170317736
0.11999999999999998,0.058858489647168145,0.05475795049401026,-0.40444709462805833,-0.37840438625981526,0.3254831356788233,0.36498721224030417,0.39691062225806495,0.39980326897795443,3.1635164829218567,2.9978402483551063,-0.07467963187385084,-0.04332210353179771,0.05397393775883021,0.04948203448564437,2.9978402483551063,2.8187543582449153,-0.3192979394822949,-0.2962544419502163,0.3228690830568146,0.15417818903686942,0.402294862029228,0.38755041926884426,2.0278256481888968,2.02018737767835,0.09808005402580797
0.12999999999999998,0.06334042034442848,0.059635004919742655,-0.4835900229078278,-0.4618426713094502,0.34046937878164746,0.37524896922984224,0.39903222672378524,0.39630072234242764,3.31677173859276,3.1635164829218567,-0.08084641902515001,-0.04865624498840242,0.058858489647168145,0.05475795049401026,3.1635164829218567,2.9978402483551063,-0.4055680857944071,-0.37840438625981526,0.8320740498165353,0.09863730309875302,0.39861974688288243,0.39980326897795443,1.901150939323585,1.8831414125751513,0.10829124990814507
0.13999999999999999,0.06741458535723388,0.06404833719130697,-0.558189512472834,-0.5483520983713408,0.3540624720488247,0.3644899591138706,0.4007980038958295,0.39495576598824783,3.4585158573500707,3.31677173859276,-0.08699994611595754,-0.05663195183660438,0.06334042034442848,0.059635004919742655,3.31677173859276,3.1635164829218567,-0.4929208149014805,-0.4618426713094502,1.3449051209881122,0.03529700251589625,0.39431634867967436,0.39630072234242764,1.7958298547277487,1.7396943237691305,0.12068028902791135
0.15,0.07107148555761841,0.06795022454352033,-0.6285101927722455,-0.6100261369802839,0.36641134258828484,0.37704702790023076,0.40227434658197525,0.398035053721314,3.5895861083752334,3.4585158573500707,-0.09313924143301185,-0.059103561863402515,0.06741458535723388,0.06404833719130697,3.4585158573500707,3.31677173859276,-0.5605420616104708,-0.5483520983713408,1.8477797080412297,-0.03562048592242671,0.40030700697120647,0.39495576598824783,1.6990560577773388,1.6915876754470842,0.12705378640692283
0.16,0.0742969487928475,0.07159885312998489,-0.6948085811870784,-0.678470360991547,0.37763275644878386,0.38585685876192055,0.4035063304265644,0.3984329185751717,3.71075301129929,3.5895861083752334,-0.09926333551041339,-0.06418146481670046,0.07107148555761841,0.06795022454352033,3.5895861083752334,3.4585158573500707,-0.6331310622985423,-0.6100261369802839,2.3363438531920737,-0.11402937080689235,0.3999059867640753,0.398035053721314,1.6145551631523014,1.6118856456008865,0.13578031794668535
0.17,0.07707256218495348,0.0747966103499156,-0.7572995438643957,-0.7358348930200684,0.3878177017353294,0.41101076264455605,0.4045251010178588,0.40704792543393287,3.822725752726524,3.71075301129929,-0.1053712612827146,-0.06728051260229431,0.0742969487928475,0.07159885312998489,3.71075301129929,3.5895861083752334,-0.6939894680009023,-0.678470360991547,2.810975898436097,-0.1998879644623709,0.4106269125741721,0.3984329185751717,1.5379376265725755,1.5357401578793652,0.14207712295220992
0.18000000000000002,0.0793764501522609,0.07760428724853646,-0.8161447659917247,-0.8117235950226317,0.39703644348054695,0.4265467115827515,0.4053526792240331,0.4078843869751188,3.9261572206114126,3.822725752726524,-0.1114620542376307,-0.07548832387444909,0.07707256218495348,0.0747966103499156,3.822725752726524,3.71075301129929,-0.768813132984369,-0.7358348930200684,3.2742292086371028,-0.29318666145340755,0.41365377581426127,0.40704792543393287,1.4802072322530746,1.4729063687213562,0.15309261112298556
0.19000000000000003,0.08118417582967494,0.07974904924678737,-0.8714526960069806,-0.8574356313394964,0.40534255644771006,0.4099899997636015,0.4060050787126101,0.3985305938108369,4.021648678406194,3.9261572206114126,-0.11753475256834742,-0.07920311685203643,0.0793764501522609,0.07760428724853646,3.9261572206114126,3.822725752726524,-0.8172912747079348,-0.8117235950226317,3.7294181412983693,-0.3939070888473017,0.3970010679243461,0.4078843869751188,1.423876613346003,1.396477604612956,0.1589521660988238
0.20000000000000004,0.08246964886960513,0.08155078615329074,-0.9232839969403422,-0.8956931581783525,0.41277617282117796,0.4287056251395595,0.4064943580589304,0.4109655944854196,4.109754099858488,4.021648678406194,-0.12358839732540136,-0.08084142710654825,0.08118417582967494,0.07974904924678737,4.021648678406194,3.9261572206114126,-0.85727417481184,-0.8574356313394964,4.179869240799244,-0.5020300111654469,0.412691645354773,0.3985305938108369,1.375027605409554,1.3512823938743708,0.162392213259839
0.21000000000000005,0.08320598223753299,0.08297521936791218,-0.9716592173791166,-0.9634829752154708,0.41936662624532384,0.4385398043802069,0.40682997819910527,0.40885031884920614,4.19098418467504,4.109754099858488,-0.12962203256810934,-0.09025078839358033,0.08246964886960513,0.08155078615329074,4.109754099858488,4.021648678406194,-0.9295910991416926,-0.8956931581783525,4.628552942057986,-0.6175752144344242,0.4132759523138999,0.4109655944854196,1.3356014820573197,1.3444997513622177,0.1732260077614925
0.22000000000000006,0.0833662734696932,0.08363463385426295,-1.0165669480744806,-1.0030001911077144,0.4251346292062942,0.4465129593062913,0.4070197080707491,0.41050583594491963,4.265810074538824,4.19098418467504,-0.13563470551552237,-0.09433076335809873,0.08320598223753299,0.08297521936791218,4.19098418467504,4.109754099858488,-0.9708216326071233,-0.9634829752154708,5.07792660507999,-0.7405156771206429,0.4144341314841536,0.40885031884920614,1.2959016935208842,1.281028199644755,0.17796539721236168
0.23000000000000007,0.08292430319292517,0.08381911383948183,-1.0579716088098727,-1.0414863752157837,0.43009408687068595,0.436293005295925,0.40707026629942844,0.4037421304418742,4.334666788106457,4.265810074538824,-0.14162546669688098,-0.09975848840083812,0.0833662734696932,0.08363463385426295,4.265810074538824,4.19098418467504,-1.0126149742542931,-1.0030001911077144,5.529890921049098,-0.8708256907671079,0.40161402952590464,0.41050583594491963,1.2604831868810225,1.24724508783624,0.18357760224031994
0.24000000000000007,0.08185515226777797,0.08337266441616235,-1.0958204928401065,-1.0783320926824558,0.43425362522215294,0.43926163169563026,0.4069877463279227,0.4073906526770148,4.397956392883671,4.334666788106457,-0.1475933701015475,-0.10526967752831816,0.08292430319292517,0.08381911383948183,4.334666788106457,4.265810074538824,-1.0514171296946861,-1.0414863752157837,5.985804951173252,-1.0084621062209833,0.4082369976820828,0.4037421304418742,1.227187345145393,1.214749608573484,0.1886423419444805
0.25000000000000006,0.08013574266448976,0.08216842627381381,-1.1300499568871023,-1.1194231400820707,0.43761789134952556,0.4396931632113022,0.40677792532364165,0.40602155564451,4.45605093065724,4.397956392883671,-0.1535374733283922,-0.11276750974813601,0.08185515226777797,0.08337266441616235,4.397956392883671,4.334666788106457,-1.094284760690203,-1.0783320926824558,6.446526920322849,-1.1533875275417251,0.4040112899585575,0.4073906526770148,1.200902090055893,1.2091060433375465,0.1949359360219498
0.26000000000000006,0.07774530833750241,0.08008581222646881,-1.1605907689912422,-1.1486610448467534,0.44018866992281896,0.44260955645724265,0.4064464714102575,0.407128167052095,4.509295112358722,4.45605093065724,-0.15945683773460936,-0.11844673972117126,0.08013574266448976,0.08216842627381381,4.45605093065724,4.397956392883671,-1.121351750531444,-1.1194231400820707,6.912465419200911,-1.3054027120579859,0.40771905035480177,0.40602155564451,1.1793476130818268,1.1844231945053458,0.19853255194764008
0.2700000000000001,0.07466580229113091,0.07725191525835905,-1.1873726850568027,-1.179502643745799,0.4419658488798841,0.43764357949884136,0.40599910092376995,0.40290176253779686,4.558008797136997,4.509295112358722,-0.16535052858393975,-0.12600139926738696,0.07774530833750241,0.08008581222646881,4.509295112358722,4.45605093065724,-1.1572794215568822,-1.1486610448467534,7.383631542029928,-1.464362239873369,0.3995555234113637,0.407128167052095,1.155337936795868,1.1688366109288528,0.20325331452574602
0.2800000000000001,0.07088224538431236,0.07363039946043375,-1.210328342552047,-1.2085210549584506,0.4429482596054174,0.4382023332619657,0.40544167924422925,0.4044412012757517,4.602489269587628,4.558008797136997,-0.17121761519427647,-0.13387814971015335,0.07466580229113091,0.07725191525835905,4.558008797136997,4.509295112358722,-1.1870829527973918,-1.179502643745799,7.859688785979303,-1.6298758424209652,0.402678737650962,0.40290176253779686,1.137568805598912,1.1453117381752627,0.2075085491705871
0.2900000000000001,0.06638302161479219,0.0692438535818508,-1.2293965612641407,-1.2303328225056878,0.4431344106908399,0.4550833748415656,0.4047802942218862,0.41087452889707843,4.643013328111091,4.602489269587628,-0.1770571710846303,-0.14043245061672038,0.07088224538431236,0.07363039946043375,4.602489269587628,4.558008797136997,-1.2048289562703,-1.2085210549584506,8.339998322232649,-1.800773288842848,0.41356438359498326,0.4044412012757517,1.1244423175678835,1.1403801478250317,0.2096763041985712
0.3000000000000001,0.061160123814016254,0.06416545687273868,-1.2445251317719086,-1.256664686054125,0.4425231300309069,0.45772163332148397,0.40402129713319335,0.40781287760152807,4.67983919656963,4.643013328111091,-0.18286827412143186,-0.1494871571118761,0.06638302161479219,0.0692438535818508,4.643013328111091,4.602489269587628,-1.2393627798625937,-1.2303328225056878,8.82365989093186,-1.976954867262065,0.4075081428607664,0.41087452889707843,1.1117903075125586,1.1244164645918573,0.21365261398461477
0.3100000000000001,0.055209352979599,0.05831442388134605,-1.2556731614857704,-1.2741927025937432,0.4411141265527311,0.4530057558136073,0.4031713299122231,0.40519498676092924,4.713208270561279,4.67983919656963,-0.18865000666414722,-0.15781238770028422,0.061160123814016254,0.06416545687273868,4.67983919656963,4.643013328111091,-1.2510406587003458,-1.256664686054125,9.309548159757309,-2.155196318843156,0.40303318442433395,0.40781287760152807,1.0972593492874991,1.0936297031155278,0.21612681158163027
0.3200000000000001,0.04853047388766602,0.05178118344990109,-1.2628130360798346,-1.2694991928005663,0.43890848040284836,0.446953841071672,0.4022373399831153,0.40516397643244056,4.743346709042465,4.713208270561279,-0.1944014557101839,-0.1628128732988439,0.055209352979599,0.05831442388134605,4.713208270561279,4.67983919656963,-1.249601655137599,-1.2741927025937432,9.796345479830542,-2.3290203307649087,0.40344903741536997,0.40519498676092924,1.0952838024688663,1.0828228482027995,0.214594056748745
0.3300000000000001,0.04112732917402716,0.04474591764067644,-1.2659320437890347,-1.2817473195225657,0.4359090684552502,0.4456874127008953,0.4012265734589566,0.4053328048407551,4.770466881272893,4.743346709042465,-0.20012171303906465,-0.17142238214212968,0.04853047388766602,0.05178118344990109,4.743346709042465,4.713208270561279,-1.2670235364929134,-1.2694991928005663,10.282571513898455,-2.5003267440269727,0.40440945809934903,0.40516397643244056,1.0826072666375701,1.0888585104426665,0.2161682997828061
0.34000000000000014,0.03300791373353227,0.036884087936765654,-1.2650337009981787,-1.2730760091775097,0.43212093051589917,0.43292401461777735,0.4001465637051938,0.40057660502212894,4.794768678404199,4.770466881272893,-0.20580987535584586,-0.17756060104406343,0.04112732917402716,0.04474591764067644,4.770466881272893,4.743346709042465,-1.2590074549609973,-1.2817473195225657,10.766609917962095,-2.661758369339738,0.3970926076946888,0.4053328048407551,1.0821409393290733,1.0859245780135827,0.21444468898082908
0.35000000000000014,0.02418441104720137,0.02840970870506381,-1.2601388095695614,-1.2743286390529667,0.42755158055823805,0.41786017923699514,0.39900511319042803,0.3968918444153143,4.816440698586051,4.794768678404199,-0.21146504443375846,-0.18642937564191084,0.03300791373353227,0.036884087936765654,4.794768678404199,4.770466881272893,-1.2629922687684383,-1.2730760091775097,11.246733027608705,-2.81628652552904,0.39176490613324344,0.40057660502212894,1.0769600682007565,1.0845900533070174,0.21483908434697466
0.36000000000000015,0.01467319289525522,0.019122960295544597,-1.2512862702946426,-1.2745430791729264,0.42221126647306406,0.42469406489331374,0.39781026884877424,0.40301121719743965,4.835661313909728,4.816440698586051,-0.2170863272560483,-0.19504172059046268,0.02418441104720137,0.02840970870506381,4.816440698586051,4.794768678404199,-1.265304355547109,-1.2743286390529667,11.721124836235035,-2.966774506987709,0.4033040399275947,0.3968918444153143,1.077372390874528,1.0942221514897477,0.21416468088600726
0.37000000000000016,0.004494783830867837,0.0090563310419847,-1.2385336718524405,-1.253893363028656,0.4161131811981663,0.40658910053173936,0.3965702881909138,0.39179661146360206,4.852599627063724,4.835661313909728,-0.22267283615699368,-0.2015109841010598,0.01467319289525522,0.019122960295544597,4.835661313909728,4.816440698586051,-1.24820503223707,-1.2745430791729264,12.18790257247688,-3.0997052393421067,0.38811122556585104,0.40301121719743965,1.0782436772366943,1.104671835911316,0.2105673151430445
0.38000000000000017,-0.006326208237254272,-0.0015437433119844437,-1.221957670689284,-1.2491882818612983,0.4092736276431484,0.40913115087633206,0.3952936017788988,0.40042913310856687,4.867416325123362,4.852599627063724,-0.22822368896207834,-0.2108557955775738,0.004494783830867837,0.0090563310419847,4.852599627063724,4.835661313909728,-1.245512360785183,-1.253893363028656,12.645137036919603,-3.2146510325969677,0.3992163866099892,0.39179661146360206,1.0847347235071012,1.0849780032958616,0.20931205226558935
0.3900000000000002,-0.017761193986868675,-0.012926646842392845,-1.2016541741229578,-1.2163659737209311,0.4017121395130631,0.41994934155954483,0.39398878339098053,0.40114366793388223,4.8802644375314035,4.867416325123362,-0.2337380091272968,-0.2152150577289002,-0.006326208237254272,-0.0015437433119844437,4.867416325123362,4.852599627063724,-1.217458787486777,-1.2491882818612983,13.090872054571037,-3.313778827107919,0.4013143846735642,0.40042913310856687,1.0857105859531013,1.1180041387924187,0.20228841088650737
0.4000000000000002,-0.029777735728098265,-0.024732982913475074,-1.177738336705509,-1.1861729168648103,0.39345155990934144,0.39252690989688166,0.3926644936840343,0.3904545728945709,4.891290005062887,4.8802644375314035,-0.23921492587757096,-0.222312606019546,-0.017761193986868675,-0.012926646842392845,4.8802644375314035,4.867416325123362,-1.1895887594745915,-1.2163659737209311,13.523143513555667,-3.400733863681375,0.38659205568576077,0.40114366793388223,1.0961781303996876,1.094827178024847,0.1975796231060709
0.4100000000000002,-0.04233971005243182,-0.03710405152521712,-1.150344378232145,-1.1789656541884233,0.3845180794428826,0.3872399176946183,0.3913294483325616,0.3961324497776382,4.900632666086241,4.891290005062887,-0.2446535743442555,-0.23343972946936406,-0.029777735728098265,-0.024732982913475074,4.891290005062887,4.8802644375314035,-1.1880960184247102,-1.1861729168648103,13.939997064686603,-3.4789329958738846,0.39377514875922726,0.3904545728945709,1.105007834986403,1.099386905560123,0.19633567794414694
0.4200000000000002,-0.055407498485155596,-0.05029012006274254,-1.11962523062745,-1.137931015822949,0.3749412355265432,0.39041652914833225,0.38999237044422613,0.39850134478298915,4.908426166351162,4.900632666086241,-0.2500530957017107,-0.23862173725643726,-0.04233971005243182,-0.03710405152521712,4.900632666086241,4.891290005062887,-1.1459784935824437,-1.1789656541884233,14.33950605322525,-3.5477677769443234,0.39851102168077923,0.3961324497776382,1.116538101625891,1.1359498120719278,0.18833161719369473
0.4300000000000002,-0.06893820442998916,-0.06376908762820012,-1.0857520203504722,-1.1070767436673175,0.3647538744810582,0.3839983964743223,0.38866193397119786,0.3965149951598361,4.914798798111576,4.908426166351162,-0.255412637302921,-0.2466337129713477,-0.055407498485155596,-0.05029012006274254,4.908426166351162,4.900632666086241,-1.1153749476325525,-1.137931015822949,14.719788500746889,-3.6080370617013995,0.39365399572732357,0.39850134478298915,1.127433913242201,1.1384961807927008,0.18286462534314757
0.4400000000000002,-0.08288589457724337,-0.07774196164262144,-1.0489133926543386,-1.0720004923802724,0.35399207811922034,0.3711147326117503,0.38734672546211624,0.3945099778169615,4.919873774145961,4.914798798111576,-0.26073135281413784,-0.254615473270961,-0.06893820442998916,-0.06376908762820012,4.914798798111576,4.908426166351162,-1.082720246615208,-1.1070767436673175,15.079023327141764,-3.6601802176145792,0.39101550992294015,0.3965149951598361,1.1461317004128369,1.1409798065397154,0.17687351162833959
0.45000000000000023,-0.09720186282743766,-0.09212144806460912,-1.0093146842787748,-1.0410542840706682,0.3426950564981447,0.37212590625541714,0.38605519486934675,0.3994361540252459,4.923769542162336,4.919873774145961,-0.2660084023485254,-0.26326165921916245,-0.08288589457724337,-0.07774196164262144,4.919873774145961,4.914798798111576,-1.0528422658566718,-1.0720004923802724,15.415466573398175,-3.7044937029117144,0.401199746823714,0.3945099778169615,1.1585849668258092,1.1575654674900446,0.17114021115455333
0.46000000000000024,-0.1118349146676209,-0.10691888746341922,-0.9671769514718042,-0.9890185714432761,0.3309050086161472,0.3633350405724856,0.3847956058273363,0.39675272379834164,4.926600044738714,4.923769542162336,-0.2712429525987888,-0.26862232041366263,-0.09720186282743766,-0.09212144806460912,4.923769542162336,4.919873774145961,-1.006677741941425,-1.0410542840706682,15.727466694417775,-3.7410501440440487,0.39518261873975874,0.3994361540252459,1.173964994659015,1.1779503324358789,0.16170343295024342
0.47000000000000025,-0.12673166982949843,-0.12184578630719076,-0.9227358609131747,-0.9521134453410449,0.3186669529176793,0.3031911223347901,0.38357598702508294,0.3755858867115873,4.928474929753658,4.926600044738714,-0.2764341769687626,-0.2794509434841516,-0.1118349146676209,-0.10691888746341922,4.926600044738714,4.923769542162336,-0.9687360470854437,-0.9890185714432761,16.01347914216379,-3.769987992359098,0.37303186195948784,0.39675272379834164,1.1994359804162955,1.1830063902471006,0.15760515717696086
0.48000000000000026,-0.14183688096155492,-0.13712013635269965,-0.8762404519597972,-0.88685848467487,0.3060285295693067,0.31845218801959585,0.38240409160476946,0.39870234771096985,4.929499716065808,4.928474929753658,-0.28158125570394027,-0.2803108723484089,-0.12673166982949843,-0.12184578630719076,4.928474929753658,4.926600044738714,-0.9116176968289557,-0.9521134453410449,16.2720801836992,-3.791353104897211,0.3931304140767251,0.3755858867115873,1.2185695832604122,1.2096313715977434,0.14319073599570925
0.49000000000000027,-0.15709376596445473,-0.1523611836196629,-0.8279517796330649,-0.8496258097255566,0.29303977656952473,0.2979435217883375,0.3812873537400304,0.37945262425896575,4.929775919102029,4.929499716065808,-0.28668337602092264,-0.290254663543757,-0.14183688096155492,-0.13712013635269965,4.929499716065808,4.928474929753658,-0.8736221098703983,-0.88685848467487,16.50198004411307,-3.8052189623621455,0.3782452044630204,0.39870234771096985,1.2372666018758165,1.2873315291284404,0.13789347992409412
0.5000000000000002,-0.17244435157265087,-0.16794741251238973,-0.778141448722712,-0.7888402551321971,0.27975288187982045,0.29096463225131614,0.38023282533641106,0.3907313877132493,4.929401140751468,4.929775919102029,-0.29173973223576605,-0.2939903322988012,-0.15709376596445473,-0.1523611836196629,4.929775919102029,4.929499716065808,-0.8163502566593664,-0.8496258097255566,16.702034938907403,-3.811607478651395,0.3876579196183081,0.37945262425896575,1.2552779980221453,1.2388112360099672,0.1260429197864115
0.5100000000000002,-0.1878298257158783,-0.18348001637450262,-0.7270900503244427,-0.7363496888636194,0.2662219139009993,0.2744753335087118,0.3792471688659359,0.3835098756385508,4.928469127713462,4.929401140751468,-0.296749525891209,-0.3003935036452379,-0.17244435157265087,-0.16794741251238973,4.929401140751468,4.929775919102029,-0.7651533289912997,-0.7888402551321971,16.871257377161392,-3.81054043293656,0.37883046408241483,0.3907313877132493,1.2804061792871484,1.3077636058721198,0.1169134872707353
0.5200000000000002,-0.20319089616287223,-0.1990664969166332,-0.6750855136246846,-0.6911998841909754,0.25250253262562483,0.2698596512691774,0.3783365876979427,0.389791083452163,4.9270698025470825,4.928469127713462,-0.301711965882758,-0.3080843408128977,-0.1878298257158783,-0.18348001637450262,4.928469127713462,4.929401140751468,-0.7204980619600283,-0.7363496888636194,17.008826841170944,-3.8020315130377598,0.38900903383403146,0.3835098756385508,1.304202508172442,1.308657929299879,0.10901784389626451
0.5300000000000002,-0.21846815294266,-0.2147099008251219,-0.6224213858019194,-0.6575139796192295,0.23865168405228082,0.22186854944393375,0.3775068115395378,0.37108099038531783,4.925289271110401,4.9270698025470825,-0.30662626858361186,-0.32030356290195067,-0.20319089616287223,-0.1990664969166332,4.9270698025470825,4.928469127713462,-0.6891727294997635,-0.6911998841909754,17.11409727927146,-3.7860897311601422,0.367794068059013,0.389791083452163,1.3349056623706745,1.3488318420031762,0.10559366207682877
0.5400000000000003,-0.2336024320425629,-0.2304077417990338,-0.5693950545739074,-0.5763351416248379,0.22472728038097736,0.2093766506266428,0.37676304924572207,0.3792558467361711,4.923209810269385,4.925289271110401,-0.3114916579684058,-0.3207254498044839,-0.21846815294266,-0.2147099008251219,4.925289271110401,4.9270698025470825,-0.6126809556680269,-0.6575139796192295,17.186604742581657,-3.7627128822867526,0.37109057347800833,0.37108099038531783,1.3540982021865389,1.362726402583097,0.09031770800545011
0.5500000000000003,-0.24853517791341484,-0.24552392446246496,-0.5163059278197883,-0.535423828934684,0.21078786870057897,0.2310764058691212,0.37610997272423274,0.3891345276330056,4.920909839272621,4.923209810269385,-0.31630736573575446,-0.32812294593768493,-0.2336024320425629,-0.2304077417990338,4.923209810269385,4.925289271110401,-0.5673513189138485,-0.5763351416248379,17.226072540854123,-3.7319050506182543,0.38923889527713135,0.3792558467361711,1.3876129912698973,1.4291695078287054,0.08259902147521997
0.5600000000000003,-0.2632088023545643,-0.26060596904898936,-0.4634535856010138,-0.480792844229079,0.19689229085182686,0.22205913762125035,0.3755516702849366,0.38308182917762235,4.91846387826483,4.920909839272621,-0.32107263142957604,-0.3335946162827894,-0.24853517791341484,-0.24552392446246496,4.920909839272621,4.923209810269385,-0.511850321902404,-0.535423828934684,17.232415712929527,-3.69366760437586,0.380569158563669,0.3891345276330056,1.404707386188633,1.4302826448992672,0.07298864723380005
0.5700000000000003,-0.2775670374145512,-0.27536988574667853,-0.4111359196155517,-0.4412611783288325,0.18309933727333205,0.19235409164379422,0.37509163666073864,0.379926699965253,4.915942497029164,4.91846387826483,-0.3257867025591767,-0.3429681497244096,-0.2632088023545643,-0.26060596904898936,4.91846387826483,4.920909839272621,-0.4726348312683664,-0.480792844229079,17.20574298570824,-3.6480019550627674,0.37533330299995926,0.38308182917762235,1.4455293311786859,1.4213972028160569,0.06759826397773105
0.5800000000000003,-0.2915552800166581,-0.2899190602681648,-0.35964727558175696,-0.36785799143995546,0.1694673975658165,0.1787990171539772,0.37473275657887295,0.3820308964280859,4.913412257021849,4.915942497029164,-0.33044883471807784,-0.3441329737716821,-0.2775670374145512,-0.27536988574667853,4.915942497029164,4.91846387826483,-0.4034976274020624,-0.4412611783288325,17.146358161276652,-3.594907908511902,0.3801415939524224,0.379926699965253,1.4744872313514,1.4708825976019448,0.05421391350351734
0.5900000000000003,-0.30512092610980696,-0.3037956504206127,-0.30927661339360124,-0.32950560484727837,0.15605411056777196,0.16333935663623528,0.3744772796401623,0.3793451010041098,4.910935649517075,4.913412257021849,-0.3350582917015664,-0.35255781699932287,-0.2915552800166581,-0.2899190602681648,4.913412257021849,4.915942497029164,-0.36385364582442986,-0.36785799143995546,17.05475969321672,-3.534386197707927,0.375599959067546,0.3820308964280859,1.4960741674775584,1.51080707110071,0.04876216657871019
0.6000000000000003,-0.31821369224374296,-0.3173978135500828,-0.26030569944013093,-0.2916179780969998,0.14291601671400356,0.15035870657462588,0.37432680879905783,0.3804322468971647,4.908571032475452,4.910935649517075,-0.33961434562295023,-0.3602846299223213,-0.30512092610980696,-0.3037956504206127,4.910935649517075,4.913412257021849,-0.3219897977675737,-0.32950560484727837,16.93163841245522,-3.4664370831090365,0.37824262706741896,0.3793451010041098,1.5265760532181276,1.5320230052155086,0.04288681637223851
0.6100000000000003,-0.33078592257547557,-0.330618784252716,-0.21300734497390214,-0.23022840570610234,0.13010821537101763,0.12154658248546177,0.37428229568110566,0.37257384672401034,4.9063725685733255,4.908571032475452,-0.3441162770284997,-0.3631756225018677,-0.31821369224374296,-0.3173978135500828,4.908571032475452,4.910935649517075,-0.26174314670535614,-0.2916179780969998,16.777874097347976,-3.391060419726715,0.3682750661737136,0.3804322468971647,1.5555704078230752,1.5659028939009851,0.032556838249151676
0.6200000000000003,-0.342792879431166,-0.343145214395211,-0.16764370349395827,-0.19151977429235623,0.11768402978285583,0.10956656145496882,0.3743440322819754,0.375960087335165,4.904390166702862,4.9063725685733255,-0.3485633750110577,-0.3697644522190189,-0.33078592257547557,-0.330618784252716,4.9063725685733255,4.908571032475452,-0.22298232855226485,-0.23022840570610234,16.594530758277745,-3.3082564606123586,0.37272405561346955,0.37257384672401034,1.5794455182198017,1.5912883216402813,0.026619237823807873
0.6300000000000003,-0.3541930156700823,-0.35518783668549725,-0.12446463908040421,-0.14015784534407688,0.10569468218226119,0.10736640842223794,0.37451165475846415,0.37741575165320973,4.90266942900307,4.904390166702862,-0.35295493732230054,-0.37250148475961303,-0.342792879431166,-0.343145214395211,4.904390166702862,4.9063725685733255,-0.1699767307114304,-0.19151977429235623,16.382850409798998,-3.218025152351683,0.37621415962257526,0.375960087335165,1.6061797739184973,1.633959926412955,0.017313648074115784
0.6400000000000003,-0.3649482272238379,-0.36644380699611523,-0.08370617668378211,-0.08838302866014272,0.09418898148666097,0.09207926195729965,0.3747841392352513,0.37530987354088946,4.901251605312862,4.90266942900307,-0.3572902704836306,-0.37502470717532294,-0.3541930156700823,-0.35518783668549725,4.90266942900307,4.904390166702862,-0.11915697965894424,-0.14015784534407688,16.144245871198425,-3.120366519079419,0.37215985017705583,0.37741575165320973,1.6355850622748196,1.6462652116033811,0.008580900179207707
0.6500000000000004,-0.3750240843157886,-0.3768254217166865,-0.045589044120476145,-0.043316963102503526,0.08321302589173005,0.09830896970251582,0.3751598153134449,0.38385635180341765,4.900173556793185,4.901251605312862,-0.3615686898956849,-0.3772250108273344,-0.3649482272238379,-0.36644380699611523,4.901251605312862,4.90266942900307,-0.07408685497799015,-0.08838302866014272,15.880292107202852,-3.0152806316757963,0.3864703345562258,0.37530987354088946,1.6600325670056486,1.6697959027117204,0.00039958911064791325
0.6600000000000004,-0.38439003999887705,-0.38639315161147125,-0.010317314602871712,-0.005286784780280003,0.07280992248706526,0.026374045027274806,0.37563637650851167,0.3522206478656078,4.89946773020876,4.900173556793185,-0.3657895199464413,-0.3834705279380941,-0.3750240843157886,-0.3768254217166865,4.900173556793185,4.901251605312862,-0.03614382870590437,-0.043316963102503526,15.59271694616108,-2.9027675941134428,0.35404423538068175,0.38385635180341765,1.6909118380817385,1.6974251540645804,-0.002922623673377145
0.6700000000000004,-0.39301961478844666,-0.3952141773967434,0.021922842638026713,0.008036239079746621,0.0630195258782168,0.04519146353559997,0.37621089037014754,0.3823586902156597,4.89916214423099,4.89946773020876,-0.3699520941179054,-0.3896950400672546,-0.38439003999887705,-0.38639315161147125,4.89946773020876,4.900173556793185,-0.027025925193885664,-0.005286784780280003,15.283390672089649,-2.782827943199987,0.37349783236960893,0.3522206478656078,1.7175842900594755,1.7026794385483843,-0.005519137329488832
0.6800000000000004,-0.4008905563058158,-0.40350708747360703,0.05096429708468793,0.04085606508960367,0.053878197613110156,0.07504078606177883,0.3768798335021941,0.3800400636140279,4.899280388961187,4.89916214423099,-0.3740557550913614,-0.39086507090080336,-0.39301961478844666,-0.3952141773967434,4.89916214423099,4.89946773020876,0.017363032582148576,0.008036239079746621,14.954314660997532,-2.6554613787970305,0.3834511034841421,0.3823586902156597,1.737133897691953,1.805527616351447,-0.012642016572803672
0.6900000000000004,-0.40798497299096925,-0.41092430894072596,0.07665997126530165,0.06913770338875966,0.04541858797864484,0.029968916404225616,0.3776390773531315,0.36756993408647465,4.899841639665807,4.899280388961187,-0.3780998548511704,-0.39536928347417816,-0.4008905563058158,-0.40350708747360703,4.899280388961187,4.89916214423099,0.04449675929049878,0.04085606508960367,14.607609877542906,-2.5206682707833052,0.3650478105163001,0.3800400636140279,1.7589216690249407,1.7302176146391728,-0.0155550254665478
0.7000000000000004,-0.4142894410901817,-0.4174904318636892,0.09888373038430537,0.09977708677759825,0.037669441642952925,0.06388460666122023,0.3784839542035557,0.39455477936556294,4.90086068549732,4.899841639665807,-0.3820837547870997,-0.39492548616120643,-0.40798497299096925,-0.41092430894072596,4.899841639665807,4.899280388961187,0.07784484825381655,0.06913770338875966,14.24550317940691,-2.378448756662255,0.39264015152861625,0.36756993408647465,1.78022885289332,1.768364067089954,-0.022564945702482797
0.7100000000000004,-0.41979508426964046,-0.42316152890252245,0.11753114269470796,0.13321350108578867,0.030655428213324003,0.028261194104050424,0.37940927000183244,0.3699203535776558,4.9023479739282125,4.90086068549732,-0.3860068257951666,-0.39599026909599694,-0.4142894410901817,-0.4174904318636892,4.90086068549732,4.899841639665807,0.11188463357422526,0.09977708677759825,13.870315227616175,-2.228803038704662,0.3749068913655604,0.39455477936556294,1.8042567214181349,1.8226761731857994,-0.027171259806525516
0.7200000000000004,-0.4244976253656181,-0.42792243884837294,0.13252010792620325,0.15704095624790965,0.02439699877053882,0.0036516672294510527,0.3804093219840305,0.37496714972020356,4.904309671354031,4.9023479739282125,-0.3898684483769812,-0.39783946743615783,-0.41979508426964046,-0.42316152890252245,4.9023479739282125,4.90086068549732,0.12945878951511394,0.13321350108578867,13.484446248982634,-2.07173275005726,0.373784999217711,0.3699203535776558,1.8187708281074049,1.7826775257212735,-0.03008297141221511
0.7300000000000004,-0.4283974099335155,-0.43190606638641016,0.14379135109876426,0.13231275473200313,0.018910269146242057,0.010473573487006647,0.3814779675098429,0.3806044547915078,4.906747740220811,4.904309671354031,-0.39366801273757246,-0.4067933033710041,-0.4244976253656181,-0.42792243884837294,4.904309671354031,4.9023479739282125,0.11430836843304727,0.15704095624790965,13.09036137159291,-1.9072479371925992,0.38293732567195016,0.37496714972020356,1.839105695917473,1.8592342072588695,-0.025112763015406048
0.7400000000000004,-0.43149940141992327,-0.43557390372837734,0.1513087792280338,0.16384625442605844,0.014206930413101223,-0.008633546094018434,0.38260862716259053,0.371468786139356,4.909660032846063,4.906747740220811,-0.39740491888168195,-0.4050074723234412,-0.4283974099335155,-0.43190606638641016,4.906747740220811,4.904309671354031,0.1509213727805958,0.13231275473200313,12.69057693095742,-1.7353442556313667,0.3690053388441869,0.3806044547915078,1.8541366386143456,1.870420261343821,-0.030566431404936145
0.7500000000000004,-0.4338131479512938,-0.4380546042538114,0.15505970000917113,0.16135169701396598,0.010294187059545578,-0.009691906593094012,0.38379434181358446,0.3780522514456147,4.913040401967099,4.909660032846063,-0.4010785767085099,-0.4083370163129286,-0.43149940141992327,-0.43557390372837734,4.909660032846063,4.906747740220811,0.14026833173776554,0.16384625442605844,12.28764446589993,-1.556054238680598,0.3787574407104593,0.371468786139356,1.86963134061326,1.867641122846374,-0.02971758794088275
0.7600000000000005,-0.43535272089495153,-0.43984378103862093,0.15505490078575226,0.1656607551072937,0.007174722910853547,0.003027741628930613,0.3850278183330507,0.3844117098243287,4.9168788279270474,4.913040401967099,-0.40468840610489903,-0.40891876561714763,-0.4338131479512938,-0.4380546042538114,4.913040401967099,4.909660032846063,0.1475162292677651,0.16135169701396598,11.884135878940363,-1.3694101625988289,0.3883097165950427,0.3780522514456147,1.8840887673609292,1.8999213265158588,-0.0309250154214733
0.7700000000000005,-0.436136625525653,-0.4407931489755031,0.15132858728956325,0.17149252706070847,0.004846694780777077,0.006339812813079436,0.38630146253211817,0.38434509626657387,4.921161562249271,4.9168788279270474,-0.40823383703694127,-0.4087340773107917,-0.43535272089495153,-0.43984378103862093,4.9168788279270474,4.913040401967099,0.15626569548679337,0.1656607551072937,11.482627972958017,-1.175468607781366,0.38929516649314894,0.3844117098243287,1.8953436224772888,1.9012055630466709,-0.03205907166471139
0.7800000000000005,-0.4361876843031597,-0.4409024357328403,0.14393818206665526,0.16829508025114076,0.0033037536681756506,0.010472552255526624,0.3876074338296816,0.38763472500697277,4.9258712872261885,4.921161562249271,-0.41171430963999245,-0.40966502799955296,-0.436136625525653,-0.4407931489755031,4.921161562249271,4.9168788279270474,0.15492078340868082,0.17149252706070847,11.085686391613567,-0.9744115128288504,0.3926461712223061,0.38434509626657387,1.9073555615650393,1.8923663259687342,-0.03123740773328737
0.7900000000000005,-0.43553289343977153,-0.4403071652839081,0.13296398261582618,0.15378743318453847,0.0025350930695462173,0.008972528009124087,0.3889376938554202,0.38661686415158586,4.93098729099994,4.9258712872261885,-0.41512927430708163,-0.413064069340304,-0.4361876843031597,-0.4409024357328403,4.9258712872261885,4.921161562249271,0.14497908757827788,0.16829508025114076,10.69585002221995,-0.766756634535334,0.3908114459082209,0.38763472500697277,1.9107396482537307,1.897362729744379,-0.027243095943604134
0.8000000000000005,-0.4342032536136132,-0.4391106795279776,0.11850868018283887,0.1386336221807447,0.00252552387521677,-0.018075547357599593,0.39028405134615135,0.3775402616516094,4.936485657576412,4.93098729099994,-0.41847819177570034,-0.4164410938733683,-0.43553289343977153,-0.4403071652839081,4.93098729099994,4.9258712872261885,0.1347998731580211,0.15378743318453847,10.315615164816753,-0.5535559856390236,0.3752186292057205,0.38661686415158586,1.918233188713662,1.894095383659835,-0.022669585654609303
0.8100000000000005,-0.43223357585450634,-0.43726085270136583,0.1006967407439084,0.11350322983338125,0.00325557516743112,-0.03189279581223783,0.3916382153881148,0.3773776675165654,4.942339471006714,4.936485657576412,-0.4217605332129584,-0.42034272177542686,-0.4342032536136132,-0.4391106795279776,4.936485657576412,4.93098729099994,0.11445977057016114,0.1386336221807447,9.947419630375371,-0.33776417331110387,0.372695376562454,0.3775402616516094,1.9196823293370298,1.9077234106056409,-0.016918130925938968
0.8200000000000005,-0.4296622637966649,-0.43484564200449544,0.07967365029284847,0.10616455486003765,0.004701620072176264,-0.012747938115017298,0.39299184635287854,0.3896620940311565,4.948519032896514,4.942339471006714,-0.42497578029909283,-0.4178842983196201,-0.43223357585450634,-0.43726085270136583,4.942339471006714,4.936485657576412,0.1126622418924501,0.11350322983338125,9.593627218174987,-0.12006925377308292,0.3917247366755678,0.3773776675165654,1.925408725808817,1.9345795703805413,-0.01696134368487534
0.8300000000000005,-0.42653107365517734,-0.43164352438292025,0.0556050275339042,0.08683533174453026,0.006836025716091704,0.011947207916368264,0.39433660118587616,0.39306255846952026,4.954992092333369,4.948519032896514,-0.42812342530931635,-0.41736120793052955,-0.4296622637966649,-0.43484564200449544,4.948519032896514,4.942339471006714,0.08927224178795168,0.10616455486003765,9.256512393546714,0.09317680005276438,0.3999938953040105,0.3896620940311565,1.921908900467447,1.9487769002507576,-0.014282316452390698
0.8400000000000005,-0.4228848534360888,-0.4279065874945218,0.028675608040636368,0.05518147182608546,0.009627326237319867,0.04284360413986196,0.39566418591103697,0.40550148876842707,4.961724087210105,4.954992092333369,-0.43120297119399315,-0.4183681528268261,-0.42653107365517734,-0.43164352438292025,4.954992092333369,4.948519032896514,0.061574874057800905,0.08683533174453026,8.938245199898098,0.2970129736435689,0.4124667964576451,0.39306255846952026,1.928170616138202,1.9095894468937473,-0.009538434667695717
0.8500000000000005,-0.4187712630320315,-0.4237818964004602,-0.000911895245746152,0.01350090406695443,0.013040417658262119,0.011236914821785772,0.3969664141099382,0.3841882641157461,4.968678395828214,4.961724087210105,-0.43421393165712885,-0.42356023024473244,-0.4228848534360888,-0.4279065874945218,4.961724087210105,4.954992092333369,0.0248167284372574,0.05518147182608546,8.640876903361198,0.4894174721661214,0.388778396871019,0.40550148876842707,1.9223790445401938,1.8992245816837503,-0.00022166615572777326
0.8600000000000005,-0.41424047698709343,-0.4193289293713406,-0.032938049189195004,-0.007065614090878296,0.017036773330811956,-0.008886859716022537,0.3982352492849539,0.38918140172539045,4.975816597597914,4.968678395828214,-0.43715583123316215,-0.42317928674263433,-0.4187712630320315,-0.4237818964004602,4.968678395828214,4.961724087210105,0.00455379105341402,0.01350090406695443,8.366326481454538,0.6772409186641642,0.39017332115382414,0.3841882641157461,1.9152850304481637,1.8649889687055683,0.0038503573712937444
0.8700000000000006,-0.4093448718318259,-0.4142776262442425,-0.06716806784696766,-0.039811160237747764,0.0215746786496789,0.0034866593422205,0.3994628681667526,0.3919905380656757,4.9830987415877415,4.975816597597914,-0.44002820536204645,-0.42361252860761067,-0.41424047698709343,-0.4193289293713406,4.975816597597914,4.968678395828214,-0.02811860039170877,-0.007065614090878296,8.116367482196802,0.8487182512619385,0.3949327282476249,0.38918140172539045,1.9120006566018892,1.928560337166834,0.009334902363368147
0.8800000000000006,-0.4041386999873708,-0.4088969617706696,-0.1033532821385375,-0.08279467233975864,0.02660948353058874,0.010880698061028812,0.4006416856496693,0.3919975327173827,4.990483621616107,4.9830987415877415,-0.44283060046260914,-0.4259350195223425,-0.4093448718318259,-0.4142776262442425,4.9830987415877415,4.975816597597914,-0.0673922925366311,-0.039811160237747764,7.892616431385261,1.0002310899786042,0.3944765202189606,0.3919905380656757,1.903066411750392,1.9126796209979622,0.017038057751672886
0.8900000000000006,-0.39867775232545427,-0.4033238617728997,-0.14123270168718238,-0.11469731469459288,0.03209387128337412,0.015186758393430894,0.4017644169149232,0.39205984221723683,4.997929056463861,4.990483621616107,-0.4455625740041775,-0.4256594690683626,-0.4041386999873708,-0.4088969617706696,4.990483621616107,4.9830987415877415,-0.0988807936565131,-0.08279467233975864,7.696521275768392,1.1378367864631567,0.3938245916637125,0.3919975327173827,1.8980056639648477,1.8943876226124456,0.02233560729546291
0.9000000000000006,-0.3930190115304606,-0.3974309526391263,-0.18053465912837882,-0.15791830411465774,0.037978142184846554,0.04703022285856188,0.4028241209887954,0.40540777787652843,5.00539217379968,4.997929056463861,-0.44822369457645916,-0.42626126812151965,-0.39867775232545427,-0.4033238617728997,4.997929056463861,4.990483621616107,-0.13993930098629453,-0.11469731469459288,7.529352088659152,1.2640069921712753,0.4092385083132986,0.39205984221723683,1.890015612691795,1.8829041857854447,0.028830315482393343
0.9100000000000006,-0.387220298465744,-0.3914268926207983,-0.22097852504317275,-0.21248347222596892,0.044210510190009225,0.04726168905964987,0.4038142421473742,0.3973011619244687,5.0128296963966426,5.00539217379968,-0.4508135419576672,-0.43036133391922793,-0.3930190115304606,-0.3974309526391263,5.00539217379968,4.997929056463861,-0.19007851039899964,-0.15791830411465774,7.392192621849028,1.379863328814973,0.4003198196894857,0.40540777787652843,1.882612094040523,1.8745740324737357,0.038934441298429656
0.9200000000000006,-0.38133991377242626,-0.3854388188158572,-0.2622764812573192,-0.237758923726779,0.05073741111529971,0.031105497952227352,0.4047286470114939,0.39263508090729465,5.02019822908051,5.0128296963966426,-0.4533317071808776,-0.42863689528999394,-0.387220298465744,-0.3914268926207983,5.0128296963966426,5.00539217379968,-0.21395594484560634,-0.21248347222596892,7.285933250968677,1.4875485908314068,0.39147020505433816,0.3973011619244687,1.8659792028402837,1.834085075272904,0.04319807647413676
0.9300000000000006,-0.37543627694145854,-0.379140985385781,-0.30413533953057686,-0.27811339963938075,0.057503820592222886,0.061364978327488176,0.40556167476335997,0.40784825629628635,5.027454544893433,5.02019822908051,-0.4557777925986101,-0.4283654636672211,-0.38133991377242626,-0.3854388188158572,5.02019822908051,5.0128296963966426,-0.2591563286703582,-0.237758923726779,7.211265337247665,1.5868516096293555,0.4109256290024727,0.39263508090729465,1.857263616052564,1.8440416142768261,0.04922447828144011
0.9400000000000006,-0.3695675650948806,-0.37287568062168264,-0.3462583925225476,-0.32254755785350003,0.06445357997510198,0.06889391098036175,0.40630816063984243,0.40186649216994913,5.034555868966853,5.027454544893433,-0.45815141194562137,-0.42985998612098764,-0.37543627694145854,-0.379140985385781,5.027454544893433,5.02019822908051,-0.30143200660458735,-0.27811339963938075,7.168677551392004,1.6780333012585842,0.4072967413987376,0.40784825629628635,1.841797826336322,1.8478155991180534,0.056984305499305
0.9500000000000006,-0.36379135369499316,-0.3667346206906595,-0.3883472827596886,-0.3732580893598829,0.0715297285210553,0.06345053522955343,0.40696346566964114,0.4000520547576031,5.041460158512083,5.034555868966853,-0.4604521903999006,-0.4332385036681418,-0.3695675650948806,-0.37287568062168264,5.034555868966853,5.027454544893433,-0.3495806494393732,-0.32254755785350003,7.158453097020585,1.7611876282980437,0.40357367987034226,0.40186649216994913,1.8305758319461305,1.8020312572498594,0.06650388297748233
0.9600000000000006,-0.35816426135963847,-0.36081214962840286,-0.4301038761005096,-0.4068165382630142,0.07867483999795667,0.06740078293246882,0.407523520937619,0.40055665126807927,5.048126377390743,5.041460158512083,-0.4626797646418584,-0.4326682141992974,-0.36379135369499316,-0.3667346206906595,5.041460158512083,5.034555868966853,-0.3832413108282168,-0.3732580893598829,7.180668742288111,1.8366833820153081,0.4036406885172297,0.4000520547576031,1.816087173503752,1.8027074653066433,0.07185606457089455
0.9700000000000006,-0.3527416009166668,-0.3549452198861521,-0.4712321264287181,-0.43497018674877086,0.0858313618078198,0.0852596183151365,0.40798484074174624,0.4064276003655141,5.054514763746853,5.048126377390743,-0.46483378291169913,-0.43050823968824786,-0.35816426135963847,-0.36081214962840286,5.048126377390743,5.041460158512083,-0.4112774425869547,-0.4068165382630142,7.235195887748515,1.9047460647290513,0.4108290529888265,0.40055665126807927,1.8016972480721694,1.7944132256170255,0.07556301980209579
0.9800000000000006,-0.34757703877500257,-0.34919331281079785,-0.511439917576854,-0.5061544129983256,0.09294195490636156,0.09803087094735106,0.4083445470880332,0.40636528209687894,5.060587089141461,5.054514763746853,-0.46691390506496777,-0.437989792682193,-0.3527416009166668,-0.3549452198861521,5.054514763746853,5.048126377390743,-0.4772030851559387,-0.43497018674877086,7.321702378190625,1.9649925281467626,0.4116176430940245,0.4064276003655141,1.784493794143408,1.7817342926837387,0.08879647987139516
0.9900000000000007,-0.3427222646134398,-0.34410309732468675,-0.5504408701904892,-0.5423653414274328,0.0999498325989478,0.0998753744687098,0.4086003875873233,0.40472163368290676,5.066306907707251,5.060587089141461,-0.4689198026262628,-0.43876499342277675,-0.34757703877500257,-0.34919331281079785,5.060587089141461,5.054514763746853,-0.5169462589869407,-0.5061544129983256,7.4396561504293,2.0176314296052626,0.4071633384254184,0.40636528209687894,1.7713730697646406,1.7526606713335737,0.09466189609809
1.0000000000000007,-0.3382266733153447,-0.3392362063375801,-0.5879561014178408,-0.5700309909548007,0.10679909637096072,0.10952256769126938,0.4087507537316044,0.40728228579866077,5.0716397938860736,5.066306907707251,-0.47085115884110623,-0.4375502993373083,-0.3427222646134398,-0.34410309732468675,5.066306907707251,5.060587089141461,-0.5421522445170829,-0.5423653414274328,7.588330157417207,2.0628504315608573,0.4109030446860737,0.40472163368290676,1.7540248015586952,1.7393015033479204,0.09831409299972821
1.0100000000000007,-0.3341370609921918,-0.33459071162497767,-0.6237159263629165,-0.6026530314279264,0.11343506688118546,0.11639822367677494,0.4087946884772168,0.40665978303345857,5.076553567328192,5.0716397938860736,-0.4727076687259627,-0.4384247212551473,-0.3382266733153447,-0.3392362063375801,5.0716397938860736,5.066306907707251,-0.5818431672145012,-0.5700309909548007,7.766808663312589,2.10060935996598,0.4092215786782543,0.40728228579866077,1.7388314422083568,1.7290615005621717,0.10383400963016964
1.0200000000000007,-0.3304973368498696,-0.3303154535936345,-0.657461490920716,-0.6278844100909172,0.11980460831388096,0.11222207234978487,0.40873189098904517,0.4030194978973627,5.0810185035991875,5.076553567328192,-0.47448903911640006,-0.43841190038039685,-0.3341370609921918,-0.33459071162497767,5.076553567328192,5.0716397938860736,-0.6043608841684066,-0.6026530314279264,7.973994498505288,2.131017891208699,0.4010145961442063,0.40665978303345857,1.7257500618685395,1.7101897503200856,0.10809644678676233
1.0300000000000007,-0.32734825255509997,-0.32638036791943814,-0.6889463268963215,-0.6698684999179967,0.1258564442667202,0.13005715813060198,0.4085627219273722,0.4101041531486948,5.085007529443001,5.0810185035991875,-0.47619498871338334,-0.4416893880271801,-0.3304973368498696,-0.3303154535936345,5.0810185035991875,5.076553567328192,-0.6498651680967953,-0.6278844100909172,8.208617368896777,2.153950228359931,0.4130306754814517,0.4030194978973627,1.70686331075024,1.7006636749510995,0.11530902010774197
1.0400000000000007,-0.3247271506611117,-0.3231485903980367,-0.717937821425637,-0.7105695438102424,0.13154146336071626,0.13898040943924295,0.40828820068573213,0.40823787796348054,5.088496401373741,5.085007529443001,-0.47782524812769517,-0.4455405174821305,-0.32734825255509997,-0.32638036791943814,5.085007529443001,5.0810185035991875,-0.6887929905040493,-0.6698684999179967,8.469243196346856,2.1694147677770563,0.41062902834124365,0.4101041531486948,1.6900794063945888,1.6945640491737513,0.12239192708409385
1.0500000000000007,-0.3226677335502552,-0.3207235974785926,-0.7442185935170291,-0.7375190193329044,0.13681301283849748,0.1437981396938296,0.407909995160151,0.40788197553573363,5.091463866457472,5.088496401373741,-0.4793795599224755,-0.44719270797926536,-0.3247271506611117,-0.3231485903980367,5.088496401373741,5.085007529443001,-0.7126194366632753,-0.7105695438102424,8.754284137712741,2.1774979915327037,0.4096431896492147,0.40823787796348054,1.6784763822079243,1.6662722524157523,0.12646911050067278
1.0600000000000007,-0.3211998542435418,-0.318974673091405,-0.7675877716021322,-0.7644140233665132,0.14162717845984885,0.11760142194353301,0.40743041933937296,0.39458727980536507,5.093891804297844,5.091463866457472,-0.48085767865387374,-0.45125878320224444,-0.3226677335502552,-0.3207235974785926,5.091463866457472,5.088496401373741,-0.7431206237620736,-0.7375190193329044,9.062009177563418,2.1781945563285077,0.3914416166026415,0.40788197553573363,1.6679449175712442,1.6535738877207424,0.13228411011083946
1.0700000000000007,-0.32034933031602225,-0.3179246097922643,-0.7878621672998801,-0.7926538900982565,0.14594304897549285,0.14291262459776313,0.40685241385538184,0.41095419612233736,5.095765349324785,5.093891804297844,-0.48225937090980736,-0.45414299778945266,-0.3211998542435418,-0.318974673091405,5.093891804297844,5.091463866457472,-0.7729308074705243,-0.7644140233665132,9.390555608484469,2.171505554498679,0.40973744338582274,0.39458727980536507,1.6524279492889657,1.6462238596695844,0.13621838799718838
1.0800000000000007,-0.3201377820452716,-0.3175927061146683,-0.8048773407036541,-0.8157522230773012,0.14972296365419965,0.16275946062397073,0.4061795327335689,0.4102412558545848,5.097072992545985,5.095765349324785,-0.4835844153468202,-0.4565731394634833,-0.32034933031602225,-0.3179246097922643,5.095765349324785,5.093891804297844,-0.792591124160017,-0.7926538900982565,9.737940624992428,2.1575002818707336,0.414622134999516,0.41095419612233736,1.6432919821419074,1.667763552394304,0.13898043334881505
1.0900000000000007,-0.3205824957963079,-0.31791843879368586,-0.818488553930072,-0.827769376653058,0.1529327412870963,0.1648853391872887,0.40541590734910615,0.40741220089363755,5.097806662084287,5.097072992545985,-0.4848326027250352,-0.45883926870888536,-0.3201377820452716,-0.3175927061146683,5.097072992545985,5.095765349324785,-0.8034074540021872,-0.8157522230773012,10.102073573045624,2.136306259284702,0.4069484750241365,0.4102412558545848,1.6317225371008959,1.6228427168936952,0.1409208299151995
1.1000000000000008,-0.32169631352374317,-0.31880937348343086,-0.8285716094375024,-0.8366421266310983,0.1555418893284296,0.18301576227038063,0.40456624020516396,0.41622683975449576,5.097961781927915,5.097806662084287,-0.48600373594119595,-0.46035100848443766,-0.3205824957963079,-0.31791843879368586,5.097806662084287,5.097072992545985,-0.8150402704539389,-0.827769376653058,10.480767989923466,2.1080164573063547,0.4201527608560348,0.40741220089363755,1.6249161011682183,1.6051261792737517,0.1415416350010068
1.1100000000000008,-0.3234875491348164,-0.32030996380767696,-0.8350235715427186,-0.846685498678425,0.1575237916417157,0.16465791580643663,0.40363576644397753,0.4009077317390213,5.097537308542694,5.097961781927915,-0.4870976300597914,-0.4643720386426806,-0.32169631352374317,-0.31880937348343086,5.097961781927915,5.097806662084287,-0.828086934065358,-0.8366421266310983,10.871754815640326,2.0726912910525206,0.4007291037527891,0.41622683975449576,1.6109040969396944,1.6076317775336246,0.14406207483500366
1.1200000000000008,-0.3259599323273189,-0.32250740290483293,-0.8377633680189439,-0.8455644098856329,0.15885587375320315,0.16774763869621026,0.4026302177875103,0.4109221611449809,5.096535745008522,5.097537308542694,-0.48811411234225943,-0.46602215222215604,-0.3234875491348164,-0.32030996380767696,5.097537308542694,5.097961781927915,-0.8290722844772825,-0.846685498678425,11.272695045282415,2.0307124619680974,0.41135223164956075,0.4009077317390213,1.6079373968556543,1.5755727852570958,0.1435147493173231
1.1300000000000008,-0.3291125803603489,-0.3253299222871777,-0.8367322701305059,-0.8512117278190069,0.1595197444369258,0.17047464573486984,0.40155579944534686,0.4057994794621612,5.09496313253989,5.096535745008522,-0.48905302227426417,-0.4696859281778825,-0.3259599323273189,-0.32250740290483293,5.096535745008522,5.097537308542694,-0.8377919832404794,-0.8455644098856329,11.68119270890719,1.9821328487387078,0.40388064538123775,0.4109221611449809,1.5975341548249922,1.6150928541067453,0.1443560058907048
1.1400000000000008,-0.33293999806425856,-0.3289247989785672,-0.8318942497253433,-0.8480298933126953,0.15950131252137453,0.17464876624759682,0.4004191326863825,0.40680019536518164,5.092829019414363,5.09496313253989,-0.48991421159104315,-0.4724174417155111,-0.3291125803603489,-0.3253299222871777,5.09496313253989,5.096535745008522,-0.8359045138154422,-0.8512117278190069,12.09480845996052,1.927583250482434,0.4064976025749181,0.4057994794621612,1.5858858799513098,1.5863335462351853,0.1434926427369439
1.1500000000000008,-0.33743210623786113,-0.3331985823906937,-0.8232362108377487,-0.8426444986574556,0.15879087818446225,0.15788871806638058,0.3992272311862306,0.3980477757022673,5.090146407432079,5.092829019414363,-0.49069754430082,-0.4763830691114946,-0.33293999806425856,-0.3289247989785672,5.092829019414363,5.09496313253989,-0.8329230945194913,-0.8480298933126953,12.511072451065672,1.8676932942213262,0.39403062605133465,0.40680019536518164,1.5855750188158033,1.5827279991702297,0.14318448672080086
1.1600000000000008,-0.3425742984024892,-0.33815817728750847,-0.8107680952935322,-0.8278809704199734,0.1573831977833546,0.15719452501023173,0.39798744728702024,0.40177389799112717,5.086931676270417,5.090146407432079,-0.4914028967062793,-0.4785563008015142,-0.33743210623786113,-0.3331985823906937,5.090146407432079,5.092829019414363,-0.8212720234163264,-0.8426444986574556,12.927498340014564,1.803982619242338,0.39885017014150886,0.3980477757022673,1.5826810570436736,1.5780116187833901,0.1403981235140057
1.1700000000000008,-0.3483475257168655,-0.34372205381774223,-0.7945228599481471,-0.8177291932491988,0.15527752174720247,0.17506325680077317,0.3967074325263489,0.40659575568696815,5.083204486130039,5.086931676270417,-0.4920301574240994,-0.4814746468615481,-0.3425742984024892,-0.33815817728750847,5.086931676270417,5.090146407432079,-0.8130626083776867,-0.8278809704199734,13.341596676274184,1.7370293262904575,0.4079881360596685,0.40177389799112717,1.5731648776253513,1.597331498259427,0.13775259304380588
1.1800000000000008,-0.3547284096659447,-0.3499831396451119,-0.7745563247219417,-0.8014865101605596,0.1524776049840206,0.15963537619126877,0.39539508189072337,0.39717754912337017,5.0789876593089875,5.083204486130039,-0.4925792274025415,-0.48539818316095107,-0.3483475257168655,-0.34372205381774223,5.083204486130039,5.086931676270417,-0.7990754448342332,-0.8177291932491988,13.750888846063756,1.6683427078267818,0.3939055077005436,0.40659575568696815,1.5782239330784782,1.5832986360216335,0.13541504351583916
1.1900000000000008,-0.36168938195588574,-0.35685445122523257,-0.7509468898907037,-0.7697086234570144,0.14899168957138376,0.16430443300485223,0.39405849079421507,0.4034147399454421,5.074307041405537,5.0789876593089875,-0.4930500199370911,-0.4860668603337102,-0.3547284096659447,-0.3499831396451119,5.0789876593089875,5.083204486130039,-0.7722909793926368,-0.8014865101605596,14.152920718301544,1.6019896363487067,0.402999599517706,0.39717754912337017,1.5804404977492679,1.5732159677285005,0.12921240910847764
1.2000000000000008,-0.3691988508547928,-0.36417911684666276,-0.7237951222186396,-0.7439604361753934,0.14483245952446386,0.15410906408198644,0.392705908410428,0.39813365028770553,5.069191343085632,5.074307041405537,-0.49344246068414926,-0.4891537623076925,-0.36168938195588574,-0.35685445122523257,5.074307041405537,5.0789876593089875,-0.7478309995755688,-0.7697086234570144,14.545276747755212,1.538654123361308,0.3943313189772901,0.4034147399454421,1.5883906242663357,1.5934076419462397,0.12497464546102971
1.2100000000000009,-0.3772213930342577,-0.3720957359377196,-0.6932232094040035,-0.7315563276369957,0.14001696769603653,0.15253826421122685,0.3913456751548387,0.399598991009404,5.063671963416133,5.069191343085632,-0.4937564876727728,-0.49500539240426783,-0.3691988508547928,-0.36417911684666276,5.069191343085632,5.074307041405537,-0.7375038940957604,-0.7439604361753934,14.925594047588,1.4737884823770353,0.3963910626947065,0.39813365028770553,1.587284730953297,1.5917469862907183,0.12290965646654822
1.2200000000000009,-0.3857179697787001,-0.3807129576646249,-0.6593742827188542,-0.6942532701006289,0.1345665350979188,0.15393459774438392,0.3899861822962732,0.40062132020425506,5.0577827958575,5.063671963416133,-0.4939920513144599,-0.49665034329167224,-0.3772213930342577,-0.3720957359377196,5.063671963416133,5.069191343085632,-0.7025912178335387,-0.7315563276369957,15.291576017871996,1.413575503275959,0.3998271472625985,0.399598991009404,1.5942539974385328,1.6032906110380454,0.11593738562704736
1.2300000000000009,-0.39464616624444776,-0.3896430047481871,-0.622411609390373,-0.649378594960299,0.1285066229409102,0.14141954328369166,0.38863581180374834,0.39453404659811836,5.051560018254291,5.0577827958575,-0.49414911441098075,-0.4967613366430397,-0.3857179697787001,-0.3807129576646249,5.0577827958575,5.063671963416133,-0.6619085389389621,-0.6942532701006289,15.641006503550264,1.3600663631017476,0.3906046462992407,0.40062132020425506,1.5981929377406245,1.6067426497894486,0.10711833189485259
1.2400000000000009,-0.40396045228210103,-0.3988731738147506,-0.5825176560292262,-0.6065116314630759,0.12186667807622167,0.1506361938373747,0.38730288816996766,0.4028706981501334,5.045041868157046,5.051560018254291,-0.4942276521602517,-0.49694742685108734,-0.39464616624444776,-0.3896430047481871,5.051560018254291,5.0577827958575,-0.6226870153123512,-0.649378594960299,15.971763239223609,1.3110390209687623,0.40388631386465706,0.39453404659811836,1.6102692895285542,1.6065907462770914,0.09807425303633671
1.2500000000000009,-0.4136124631660443,-0.4084818297172824,-0.5398930263295444,-0.5446166005304057,0.11467995256397946,0.14891746076150983,0.38599562827108685,0.40033604090677766,5.038268404958966,5.045041868157046,-0.4942276521602517,-0.49451745837438044,-0.40396045228210103,-0.3988731738147506,5.045041868157046,5.051560018254291,-0.5688612264244665,-0.6065116314630759,16.281831340769088,1.2796489428090638,0.39944011359071263,0.4028706981501334,1.6202942593109049,1.6276613415507029,0.08603562865709802
1.260000000000001,-0.4235512984267352,-0.4182636502531423,-0.4947552769797494,-0.5149844725501102,0.10698329835164519,0.11256151113108756,0.3847220831241136,0.38540087526509564,5.031281260416521,5.038268404958966,-0.49414911441098075,-0.5011576386089972,-0.4136124631660443,-0.4084818297172824,5.038268404958966,5.045041868157046,-0.538557746281639,-0.5446166005304057,16.569316347593045,1.2629032336698889,0.3821132467445608,0.40033604090677766,1.63049552338194,1.6215516243974961,0.08289398835585488
1.270000000000001,-0.43372383684369226,-0.42862637176530594,-0.4473376169285544,-0.4727727633316009,0.0988169382561525,0.0742250838944728,0.3834900982421965,0.3787950685182586,5.024123379175822,5.031281260416521,-0.4939920513144599,-0.5055392077887179,-0.4235512984267352,-0.4182636502531423,5.031281260416521,5.038268404958966,-0.4945185601686884,-0.5149844725501102,16.83245650620446,1.2582448801580257,0.36934051008271745,0.38540087526509564,1.6432735300443182,1.6307681454858922,0.07691283602341192
1.280000000000001,-0.4440750655359026,-0.43922836743851695,-0.39788749702321813,-0.4144078662233429,0.09022421452034955,0.07158339516378194,0.38230726271074245,0.38484160955059105,5.016838751043139,5.024123379175822,-0.4937564876727728,-0.5053465558305759,-0.43372383684369226,-0.42862637176530594,5.024123379175822,5.031281260416521,-0.4407105438891936,-0.4727727633316009,17.069634904367994,1.2649734243427397,0.3758500630128953,0.3787950685182586,1.6563068763327373,1.682963333963289,0.06611818839205891
1.290000000000001,-0.45454842098943665,-0.44984079087832884,-0.34666509766186815,-0.367860254419328,0.08125131651986295,0.10373047103336153,0.381180855055103,0.39519821352501694,5.009472136741225,5.016838751043139,-0.49344246068414926,-0.506359449596895,-0.4440750655359026,-0.43922836743851695,5.016838751043139,5.024123379175822,-0.393659126900387,-0.4144078662233429,17.279390489443713,1.2809733079462584,0.39545705349303195,0.38484160955059105,1.6692226946244058,1.718874789924081,0.056518658718566206
1.300000000000001,-0.46508613977792085,-0.46062140021155124,-0.2939417237560418,-0.2995461122172506,0.07194698932891953,0.07716582983487519,0.3801177999724889,0.38152172800457373,5.002068788947087,5.009472136741225,-0.493050019937091,-0.5055213723227657,-0.45454842098943665,-0.44984079087832884,5.009472136741225,5.016838751043139,-0.33112553275606593,-0.367860254419328,17.460428042212897,1.306657916633648,0.37904259497850795,0.39519821352501694,1.6854779701198053,1.7014975554366476,0.04489997211121449
1.310000000000001,-0.4756296166714816,-0.4712649730413775,-0.2399981178060162,-0.2672055473494571,0.062362224964213044,0.07505370203916813,0.37912462996764085,0.3891305209725293,4.994674170445987,5.002068788947087,-0.49257922740254145,-0.511531685796827,-0.46508613977792085,-0.46062140021155124,5.002068788947087,5.009472136741225,-0.3005826025188704,-0.2995461122172506,17.61162736941277,1.3389140320374056,0.38747470161426223,0.38152172800457373,1.7003044799335782,1.6964126750943422,0.04026671275544946
1.320000000000001,-0.4861197677932913,-0.4821896169737728,-0.185122702829106,-0.22825137287970904,0.052549938304943936,0.05228937871537431,0.3782074526768492,0.37872374414565896,4.987333671228654,4.994674170445987,-0.4920301574240993,-0.5166590885740934,-0.4756296166714816,-0.4712649730413775,4.994674170445987,5.002068788947087,-0.253138969285371,-0.2672055473494571,17.732051432609055,1.3783316962330523,0.37418894150020565,0.3891305209725293,1.717678515283696,1.738670367215928,0.034469471600320545
1.330000000000001,-0.4964973964651233,-0.49310438241815957,-0.12960976788754475,-0.1640013083409052,0.04256462982415496,0.04162430333244154,0.3773718957386069,0.38288695289933816,4.9800923263837795,4.987333671228654,-0.4914028967062792,-0.5159059633158438,-0.4861197677932913,-0.4821896169737728,4.987333671228654,4.994674170445987,-0.1938257518201334,-0.22825137287970904,17.82095332543242,1.4259668639607932,0.37721600711054565,0.37872374414565896,1.741971312182098,1.7408845001218562,0.022801580897684248
1.340000000000001,-0.5067035593858825,-0.5036419434705803,-0.07375760939420412,-0.0830409502704924,0.0324620374760229,0.05310299336992303,0.3766230889049561,0.38942314956316115,4.9729945365696056,4.9800923263837795,-0.4906975443008199,-0.5106893316771183,-0.4964973964651233,-0.49310438241815957,4.9800923263837795,4.987333671228654,-0.12026742959826621,-0.1640013083409052,17.877781205011054,1.4825282063491123,0.3905771316280067,0.38288695289933816,1.7597558632048258,1.785373784825311,0.007047388206537941
1.350000000000001,-0.5166799308049375,-0.5136879307861342,-0.017866643026216787,-0.04105928865040276,0.022298779988992407,0.04573421457164907,0.37596561935234124,0.3850434717751643,4.96608379287882,4.9729945365696056,-0.489914211591043,-0.5143359685509066,-0.5067035593858825,-0.5036419434705803,4.9729945365696056,4.9800923263837795,-0.07324916745054333,-0.0830409502704924,17.90218278238618,1.5466517895522287,0.3827115865220284,0.38942314956316115,1.7767862382450956,1.7939054493386044,0.0006480377647724023
1.360000000000001,-0.5263691623981512,-0.5237340630925159,0.03776249977004513,0.00609151562073635,0.01213199410909037,0.019398086991590603,0.37540351083921253,0.3778592627039574,4.9594024078575805,4.96608379287882,-0.489053022274264,-0.5173526300743153,-0.5166799308049375,-0.5136879307861342,4.96608379287882,4.9729945365696056,-0.023909779447807547,-0.04105928865040276,17.89400753038246,1.617926370870837,0.3733050864398471,0.3850434717751643,1.7996060290163072,1.791579194700782,-0.0063814330182006
1.370000000000001,-0.5357152366044275,-0.5335619893234949,0.09283087560600328,0.07828715817347151,0.002018968235506652,0.003661311737911333,0.3749402025879203,0.3796240931019118,4.952991254376262,4.9594024078575805,-0.48811411234225927,-0.514392138594926,-0.5263691623981512,-0.5237340630925159,4.9594024078575805,4.96608379287882,0.04281186548586612,0.00609151562073635,17.853307995565956,1.696982459845636,0.3744078625592097,0.3778592627039574,1.824536245823451,1.8164995317930543,-0.019169850728568805
1.380000000000001,-0.544663811254319,-0.5428142216747862,0.14704311888633723,0.12983916010026061,-0.007983224990116692,-0.012303455289669703,0.37457852386497514,0.3771250973991045,4.946889513960842,4.952991254376262,-0.48709763005979123,-0.5154684434161804,-0.5357152366044275,-0.5335619893234949,4.952991254376262,4.9594024078575805,0.09694754356594715,0.07828715817347151,17.780339542668536,1.7834073572292037,0.37229162552013856,0.3796240931019118,1.846895243037512,1.8606732440859908,-0.027345778258605846
1.390000000000001,-0.5531625534027869,-0.5517265111173605,0.20010930336670218,0.17870726721417582,-0.01781809455657414,-0.01688691275576539,0.37432067403417035,0.3788322869571314,4.94113443613353,4.946889513960842,-0.4860037359411957,-0.5161488011618532,-0.544663811254319,-0.5428142216747862,4.946889513960842,4.952991254376262,0.14653779920318663,0.12983916010026061,17.67555842890302,1.8768197210995377,0.37598884293955587,0.3771250973991045,1.8640259495120801,1.8853995581471692,-0.03557770995550724
1.400000000000001,-0.5611614603691198,-0.560239907694978,0.25174676184648054,0.24212995906493479,-0.02743009287245667,-0.0523098485570193,0.37416821529244626,0.36527818242286875,4.935761110287555,4.94113443613353,-0.4848326027250349,-0.5146266800618898,-0.5531625534027869,-0.5517265111173605,4.94113443613353,4.946889513960842,0.2077351615194487,0.17870726721417582,17.539618520801994,1.9775614405946584,0.3609816478994536,0.3788322869571314,1.8864054815098563,1.9054032309120887,-0.04561322763308817
1.410000000000001,-0.5686131660879863,-0.5681251041753378,0.30168185103346573,0.2854872390599606,-0.036764970975727285,-0.0535932432901028,0.37412205981768343,0.37639255598390053,4.930802251455632,4.935761110287555,-0.4835844153468199,-0.5153661235085985,-0.5611614603691198,-0.560239907694978,4.935761110287555,4.94113443613353,0.2521647009815614,0.24212995906493479,17.373366920082837,2.084941438595811,0.37358091290522993,0.36527818242286875,1.9109156606679838,1.9199485055893106,-0.05275898066673934
1.420000000000001,-0.575473230983603,-0.5755639734435323,0.349651649802047,0.3239072483205693,-0.04577012467575341,-0.05780301149638897,0.3741824709653793,0.3694532741577165,4.9262880012239325,4.930802251455632,-0.48225937090980703,-0.5166496064324727,-0.5686131660879863,-0.5681251041753378,4.930802251455632,4.935761110287555,0.29186528943174406,0.2854872390599606,17.177838055445736,2.1982467012404205,0.36494544714535576,0.37639255598390053,1.9311722032494842,1.9767909221169595,-0.058914367011059565
1.430000000000001,-0.5817004136895593,-0.5825467980527215,0.39540557981250024,0.3817956742661193,-0.05439492927122077,-0.06722606557198939,0.37434904794198,0.373743215735569,4.922245744991333,4.9262880012239325,-0.4808576786538734,-0.5132690236904365,-0.575473230983603,-0.5755639734435323,4.9262880012239325,4.930802251455632,0.35040606765828064,0.3239072483205693,16.95424687778525,2.318437960249186,0.37214821490789385,0.3694532741577165,1.9536932470436643,1.9552027414405273,-0.069277774362285
1.440000000000001,-0.5872569230543858,-0.5887049907573074,0.4387069389573736,0.4304714857598676,-0.06259106051546173,-0.06497387764718475,0.37462074612157714,0.37758484321342317,4.918699946631245,4.922245744991333,-0.4793795599224751,-0.5106983533770381,-0.5817004136895593,-0.5825467980527215,4.922245744991333,4.9262880012239325,0.3990986262136612,0.3817956742661193,16.703980385146888,2.4450921411312976,0.37909715245396947,0.373743215735569,1.9787891457052313,1.9972935673766374,-0.07800663738026936
1.450000000000001,-0.5921086489899249,-0.594006844549058,0.47933433857819896,0.46532885418565373,-0.07031279974982188,-0.054399697273671055,0.37499587076311786,0.38259405680248443,4.915672001503143,4.918699946631245,-0.4778252481276948,-0.5101136359327437,-0.5872569230543858,-0.5887049907573074,4.918699946631245,4.922245744991333,0.43062914769773863,0.4304714857598676,16.428589050325563,2.576266599769201,0.38630193779226746,0.37758484321342317,1.9941633119845676,2.0119979708225486,-0.08389320861631433
1.460000000000001,-0.5962253708460266,-0.5985374743905114,0.5170830373726513,0.5165726127537063,-0.07751732111801968,-0.06968358207106395,0.3754720938530479,0.37544066801129417,4.913180108635655,4.915672001503143,-0.4761949887133829,-0.5057028451862484,-0.5921086489899249,-0.594006844549058,4.915672001503143,4.918699946631245,0.4878266205100668,0.46532885418565373,16.129776491650716,2.713915624816412,0.3740812766613136,0.38259405680248443,2.0144976246570234,2.0140696996684726,-0.092834629204263
1.470000000000001,-0.5995809421158409,-0.6020665880752344,0.5517661652911245,0.5508070229324591,-0.08416495905269111,-0.07628694982775998,0.37604646745686393,0.3786969168892397,4.911239162738418,4.913180108635655,-0.4744890391163996,-0.5038642598140876,-0.5962253708460266,-0.5985374743905114,4.913180108635655,4.915672001503143,0.5192924428939234,0.5165726127537063,15.809388880582283,2.8553397049961275,0.38018437719747067,0.37544066801129417,2.0297062018220564,2.0146411315355195,-0.09820232826114683
1.480000000000001,-0.6021534504066791,-0.6048168709489107,0.5832158321484804,0.5794381794100529,-0.09021945433422186,-0.08387316295616357,0.3767154457457146,0.37811410125591427,4.909860666643889,4.911239162738418,-0.47270766872596226,-0.5021605681359969,-0.5995809421158409,-0.6020665880752344,4.911239162738418,4.913180108635655,0.5464260332279673,0.5508070229324591,15.469403429914518,2.9980440298963704,0.37770928467135345,0.3786969168892397,2.050222659911424,2.045092686647724,-0.10265630281291382
1.490000000000001,-0.6039253517411945,-0.6068138099384339,0.6112841164228286,0.609835932559426,-0.09564817723538108,-0.08788184892814846,0.37747489830924885,0.37965640635297987,4.909052664624237,4.909860666643889,-0.4708511588411058,-0.49902196857599584,-0.6021534504066791,-0.6048168709489107,4.909860666643889,4.911239162738418,0.584422018213419,0.5794381794100529,15.111916387296462,3.143321173962782,0.38174648258137456,0.37811410125591427,2.0650597128186416,2.0594752090798227,-0.10779184136243808
1.500000000000001,-0.6048835783888317,-0.6079847580332496,0.6358439307306792,0.6449719750591043,-0.10042232641878265,-0.08763757239850677,0.37832014239688794,0.38296263169419,4.908819696877529,4.909052664624237,-0.46891980262626237,-0.493712614649826,-0.6039253517411945,-0.6068138099384339,4.909052664624237,4.909860666643889,0.6218405799187208,0.609835932559426,14.739130117666468,3.2913861337184147,0.3863816015799643,0.37965640635297987,2.084892549265102,2.075878898075721,-0.11427214338342356
1.5100000000000011,-0.6050196195648266,-0.6082520745712722,0.6567897608298421,0.6683762010754705,-0.10451710251612495,-0.1060228619803215,0.37924596878957,0.37509379537275,4.909162775384164,4.908819696877529,-0.4669139050649673,-0.49085565890865646,-0.6048835783888317,-0.6079847580332496,4.908819696877529,4.909052664624237,0.6382350591442918,0.6449719750591043,14.353340123092936,3.4360288206777096,0.37294323611132135,0.38296263169419,2.0939935342438245,2.0911304918321147,-0.11739641566261572
1.5200000000000011,-0.6043295744794529,-0.607745287699415,0.6740382759310631,0.6902310014713171,-0.10791185546251755,-0.07902046365324274,0.38024667429105086,0.39573653290448607,4.910079381190596,4.909162775384164,-0.46483378291169863,-0.4854383231116506,-0.6050196195648266,-0.6082520745712722,4.909162775384164,4.908819696877529,0.6633270944860443,0.6683762010754705,13.956921349457573,3.578025592784477,0.3967976653467994,0.37509379537275,2.113082819238052,2.0940576333708854,-0.12230696458776447
1.5300000000000011,-0.6028141773673017,-0.606428622636663,0.6875288083888575,0.7019931255136542,-0.11059020489181666,-0.09127415682104041,0.38131610040088737,0.38291695647564133,4.91156348302384,4.910079381190596,-0.4626797646418579,-0.4827121986674345,-0.6043295744794529,-0.607745287699415,4.910079381190596,4.909162775384164,0.6763469781968765,0.6902310014713171,13.55231419775129,3.7141338864140727,0.38659998013838204,0.39573653290448607,2.125071509177561,2.13205891450186,-0.1237164239692285
1.5400000000000011,-0.6004787942808085,-0.6043641250130923,0.6972237012618911,0.7032752670065358,-0.1125401330991107,-0.11151146914727358,0.38244765762146476,0.38197477386241213,4.913605577085257,4.91156348302384,-0.46045219039990004,-0.48154299059611777,-0.6028141773673017,-0.606428622636663,4.91156348302384,4.910079381190596,0.6813200273566827,0.7019931255136542,13.142010279303033,3.8441975800011714,0.38319538953678894,0.38291695647564133,2.132525955604375,2.0983348195357334,-0.12282113441697456
1.5500000000000012,-0.5973333915918404,-0.6015800320336756,0.7031085227962663,0.7209244025969149,-0.1137540502226913,-0.1157824459384022,0.3836343888441046,0.38232841677058876,4.916192747735788,4.913605577085257,-0.4581514119456208,-0.47578986355171704,-0.6004787942808085,-0.6043641250130923,4.913605577085257,4.91156348302384,0.7081337979761199,0.7032752670065358,12.728537381782543,3.968936277477145,0.3840506057106912,0.38197477386241213,2.138497681059824,2.1369110695500875,-0.12579016848195856
1.5600000000000012,-0.5933924763076271,-0.5978102786457066,0.7051921464965489,0.7321492605702307,-0.11422883162120727,-0.12278835248712815,0.38486899111209544,0.3807769433151261,4.919308748571793,4.916192747735788,-0.45577779259860957,-0.47040699767349636,-0.5973333915918404,-0.6015800320336756,4.916192747735788,4.913605577085257,0.7142494911040537,0.7209244025969149,12.314445197951724,4.07831367239909,0.3794101470525235,0.38232841677058876,2.143451497153452,2.1469112383723723,-0.1274032809722102
1.5700000000000012,-0.5886750084812207,-0.5931816681266665,0.7035066968200226,0.7201322093923685,-0.11396582740311301,-0.10134486005186567,0.3861438673190739,0.3935544620821777,4.922934103447873,4.919308748571793,-0.45333170718087706,-0.46728592058821616,-0.5933924763076271,-0.5978102786457066,4.919308748571793,4.916192747735788,0.7055532616157814,0.7321492605702307,11.902289603799806,4.168873279444681,0.3969864043981121,0.3807769433151261,2.1553595420472753,2.153691124599243,-0.12589574753845034
1.5800000000000012,-0.5832042861634227,-0.58795323803083,0.6981073597591092,0.719808625931717,-0.11297084441854438,-0.1208595380667452,0.38745117341604834,0.3785871681959078,4.927046226772475,4.922934103447873,-0.45081354195766665,-0.46299605262111154,-0.5886750084812207,-0.5931816681266665,4.922934103447873,4.919308748571793,0.707172612125161,0.7201322093923685,11.494617540137106,4.245936540611843,0.37977156492323433,0.3935544620821777,2.1549676325201976,2.165687969010276,-0.12495718540971845
1.5900000000000012,-0.57700780352311,-0.5818928253963705,0.6890720584795532,0.7082839984323341,-0.1112541011026782,-0.11923055010067243,0.3887828610999081,0.38726490054774304,4.93161956230125,4.927046226772475,-0.4482236945764586,-0.45907257969106957,-0.5832042861634227,-0.58795323803083,4.927046226772475,4.922934103447873,0.6984912653054823,0.719808625931717,11.09395160538768,4.3115794117028825,0.38905383164492674,0.3785871681959078,2.1585653059768855,2.1365630012474512,-0.12282024570530098
1.6000000000000012,-0.5701170829383144,-0.5751447872642307,0.6765009945475043,0.6891008427695017,-0.10883015571013965,-0.1201431402777069,0.3901307412377714,0.38526281985311867,4.936625739622099,4.93161956230125,-0.44556257400417687,-0.456001090257028,-0.57700780352311,-0.5818928253963705,4.93161956230125,4.927046226772475,0.6832999252830668,0.7082839984323341,10.702774427789222,4.367004260626265,0.38629067832037517,0.38726490054774304,2.163603963038273,2.1716857041083357,-0.11914369700720268
1.6100000000000012,-0.5625674820355608,-0.5677598663576411,0.6605160554066984,0.6754145594033004,-0.1057178086978852,-0.10385419616393923,0.39148651340147395,0.39299026078703164,4.942033747372621,4.936625739622099,-0.4428306004626085,-0.4503673668240454,-0.5701170829383144,-0.5751447872642307,4.936625739622099,4.93161956230125,0.6714299163414282,0.6891008427695017,10.323513607834109,4.413386002817659,0.39733941512989385,0.38526281985311867,2.1602520114044994,2.1624608472560274,-0.1173924995335957
1.6200000000000012,-0.5543979768310915,-0.5596455392489609,0.6412600902055169,0.657241833185231,-0.10193997998450786,-0.101229211114973,0.39284183225650554,0.3898290451112173,4.947810122204409,4.942033747372621,-0.4400282053620458,-0.4454416003227086,-0.5625674820355608,-0.5677598663576411,4.942033747372621,4.936625739622099,0.655713908347994,0.6754145594033004,9.95852580334455,4.451265270011045,0.3936864873883499,0.39299026078703164,2.157407396926452,2.1612829987141438,-0.1142039389262523
1.6300000000000012,-0.5456509222904772,-0.5508966906709832,0.6188960556127543,0.6503632038117746,-0.09752356214710954,-0.09535607256154645,0.3941883496486201,0.39221427701191747,4.953919152342848,4.947810122204409,-0.4371558312331615,-0.4375965208605815,-0.5543979768310915,-0.5596455392489609,4.947810122204409,4.942033747372621,0.6514836470700058,0.657241833185231,9.610082030251672,4.481276532686676,0.3965902776047623,0.3898290451112173,2.1512621894551307,2.1388303723873308,-0.11330016981040175
1.6400000000000012,-0.5363717917906001,-0.5414314566385333,0.5936060351749993,0.6170929647524451,-0.09249925054403554,-0.07496281766510071,0.3955177735697345,0.39971289197495297,4.960323094555748,4.953919152342848,-0.4342139316571281,-0.4334122078419892,-0.5456509222904772,-0.5508966906709832,4.953919152342848,4.947810122204409,0.620901395183056,0.6503632038117746,9.280352607552274,4.503210760498154,0.4051710643883827,0.39221427701191747,2.1438234735017563,2.1349523564114645,-0.10801924879654412
1.6500000000000012,-0.5266088971151992,-0.5316406065122451,0.5655901359343374,0.5667343383722565,-0.08690135158302258,-0.06734010422740595,0.3968219117873269,0.39868591858652785,4.966982403292291,4.960323094555748,-0.4312029711939924,-0.434177938604265,-0.5363717917906001,-0.5414314566385333,4.960323094555748,4.953919152342848,0.5778071851261847,0.6170929647524451,8.97139301241875,4.517146659069413,0.40561700215150875,0.39971289197495297,2.1382486359420123,2.123581134893925,-0.09746266790798008
1.6600000000000013,-0.5164130907584603,-0.5216140863105984,0.5350652676538593,0.5509454258280145,-0.08076757034198377,-0.08322712336171462,0.3980927238896999,0.3922032881877634,4.973855970662809,4.966982403292291,-0.4281234253093156,-0.4274255889993204,-0.5266088971151992,-0.5316406065122451,4.966982403292291,4.960323094555748,0.5648311207361618,0.5667343383722565,8.685129894531233,4.523421062416648,0.3919058524020108,0.39868591858652785,2.130682757462492,2.100056602792801,-0.09418849731127793
1.6700000000000013,-0.5058374524347622,-0.5108753781317303,0.5022638106217813,0.5215448549777876,-0.07413877891378987,-0.08780540529311137,0.3993223751826287,0.39205183786989234,4.980901375872972,4.973855970662809,-0.42497578029909205,-0.4226280713312242,-0.5164130907584603,-0.5216140863105984,4.973855970662809,4.966982403292291,0.5324372748145578,0.5509454258280145,8.42334804572915,4.522090112398739,0.39142234819230465,0.3922032881877634,2.119116675162944,2.101323089614622,-0.08824730680050613
1.6800000000000013,-0.4949369618056196,-0.4997629543049763,0.46743217931021763,0.49785723984945207,-0.06705876690513739,-0.08175292794303725,0.4005032820853826,0.3946294916365308,4.988075142661145,4.980901375872972,-0.42176053321295764,-0.4154830491490351,-0.5058374524347622,-0.5108753781317303,4.980901375872972,4.973855970662809,0.5110534117007542,0.5215448549777876,8.187678294183701,4.513239745092145,0.3970681668157266,0.39205183786989234,2.1107737293160236,2.1076086669529337,-0.08427990515594119
1.6900000000000013,-0.4837681595292155,-0.48827548334090015,0.43082929050393265,0.43992037699176095,-0.05957397555002162,-0.06012475280906497,0.4016281552666799,0.4017897541130522,4.995333003249235,4.988075142661145,-0.41847819177569956,-0.4143983170687251,-0.4949369618056196,-0.4997629543049763,4.988075142661145,4.980901375872972,0.46000611688444554,0.49785723984945207,7.9795861798249454,4.496862353787335,0.40611679016479735,0.3946294916365308,2.095909873130978,2.103799769625968,-0.07387716627217505
1.7000000000000013,-0.4723887988123106,-0.47685472458104977,0.3927249454780766,0.41469759800278433,-0.051733216982495854,-0.05881592132525338,0.40269004752459375,0.39530714064379896,5.002630167306719,4.995333003249235,-0.4151292743070808,-0.40684166886486445,-0.4837681595292155,-0.48827548334090015,4.995333003249235,4.988075142661145,0.43428109963923517,0.43992037699176095,7.800361716792659,4.473010547768269,0.3955830047995163,0.4017897541130522,2.0794791441325073,2.087997984905412,-0.07001305571618532
1.7100000000000013,-0.46085748970152945,-0.4650375142176679,0.3533981367308668,0.36620795939434947,-0.043587380300928735,-0.056314740512966116,0.40368239644482873,0.396527783188913,5.009921594331317,5.002630167306719,-0.4117143096399916,-0.4040419040955001,-0.4723887988123106,-0.47685472458104977,5.002630167306719,4.995333003249235,0.3859812527811255,0.41469759800278433,7.651110565587468,4.441693275441261,0.39866770571037086,0.39530714064379896,2.0677281395676124,2.052662883502978,-0.06099561012216781
1.7200000000000013,-0.44923333839047125,-0.4532193338720903,0.3131352909676168,0.33691798480071267,-0.035189126068357834,-0.04930712298173109,0.40459907065511136,0.39774557001073857,5.017162267880168,5.009921594331317,-0.40823383703694044,-0.39671124210222963,-0.46085748970152945,-0.4650375142176679,5.009921594331317,5.002630167306719,0.3570829450735269,0.36620795939434947,7.5327464580562316,4.402930668740417,0.4002124117478418,0.396527783188913,2.0552597935016275,2.0501481567403714,-0.05650809176986066
1.7300000000000013,-0.4375755838372541,-0.4411893338647517,0.2722284606452995,0.2738495728357908,-0.026592570977420814,-0.042476437105024974,0.40543439908968715,0.3978674536078703,5.024307470032093,5.017162267880168,-0.4046884061048982,-0.396438061137898,-0.44923333839047125,-0.4532193338720903,5.017162267880168,5.009921594331317,0.2991942944636721,0.33691798480071267,7.445985213169813,4.356724199132234,0.39968122987992805,0.39774557001073857,2.0377818549651776,2.0381308484035094,-0.0447512727268537
1.7400000000000013,-0.42594323398891737,-0.429420078466311,0.23097347749496147,0.24701599016940481,-0.017852964357050867,-0.03411084024533708,0.40618321085220055,0.3987184850252965,5.031313054451138,5.024307470032093,-0.401078576708509,-0.3880555048850337,-0.4375755838372541,-0.4411893338647517,5.024307470032093,5.017162267880168,0.27359446325857767,0.2738495728357908,7.391339854532744,4.303084038201584,0.4007602140227535,0.3978674536078703,2.021177136161618,2.0215310046333346,-0.041364573581277264
1.7500000000000013,-0.41439470388885485,-0.41745891922152956,0.18966808121699388,0.21358305308110703,-0.009026358354272757,0.02146833963310172,0.4068408675436693,0.42076488336877027,5.038135716462285,5.031313054451138,-0.397404918881681,-0.37949587117071637,-0.42594323398891737,-0.429420078466311,5.031313054451138,5.024307470032093,0.23319574971701748,0.24701599016940481,7.369117633893085,4.242012119909212,0.42325815428823943,0.3987184850252965,2.0032075866696646,2.00511841664689,-0.037963048050813186
1.7600000000000013,-0.40298745791373336,-0.40554940643644405,0.14861003729631245,0.17943950188999477,-0.00016927357485501358,0.0034167279394982895,0.4074032915089709,0.3960015539491183,5.044733258507122,5.038135716462285,-0.3936680127375715,-0.3744289034685767,-0.41439470388885485,-0.41745891922152956,5.038135716462285,5.031313054451138,0.19944488635581886,0.21358305308110703,7.37941850239367,4.173510600305286,0.40225913555434745,0.42076488336877027,1.9794625129328114,1.9864088069562427,-0.031120502967867336
1.7700000000000014,-0.39177765833679346,-0.39379672703881474,0.10809525779664872,0.12221120603975745,0.008661637996239872,0.003740234932750376,0.40786698584284986,0.4104326444568704,5.051064849369845,5.044733258507122,-0.3898684483769802,-0.3734632539251747,-0.40298745791373336,-0.40554940643644405,5.044733258507122,5.038135716462285,0.146594133149467,0.17943950188999477,7.422135123887386,4.097579049336003,0.4119397432072379,0.3960015539491183,1.9681501788952587,1.9088050303112891,-0.020333473113640033
1.7800000000000014,-0.3808198223528756,-0.3825081806212538,0.06841593890045848,0.0943165309867496,0.017409930978001205,0.05502564873955939,0.40822907911251793,0.4209702498133064,5.057091275615281,5.051064849369845,-0.3860068257951656,-0.3640941455281605,-0.39177765833679346,-0.39379672703881474,5.051064849369845,5.044733258507122,0.12060932517788892,0.12221120603975745,7.496954294557384,4.014219552847363,0.42830135362210764,0.4104326444568704,1.9473436422737496,1.971566619433721,-0.018414035093093306
1.7900000000000014,-0.3701664896265397,-0.37135207710990464,0.029858727798642543,0.03383001638895984,0.026019703486234266,0.027320004830313823,0.40848730949512796,0.3968227235207815,5.062775183659027,5.057091275615281,-0.3820837547870987,-0.36573316070897277,-0.3808198223528756,-0.3825081806212538,5.057091275615281,5.051064849369845,0.0596307632029187,0.0943165309867496,7.603360632186666,3.9234311785695386,0.4010809383521112,0.4209702498133064,1.9275709526842508,1.9101244063515088,-0.005618916400931873
1.8000000000000014,-0.35986790234855326,-0.3607657428223797,-0.007297066837823128,0.005349474978330489,0.034435931368813455,0.012263186543527099,0.40864006144424275,0.4037641469056729,5.068081311022256,5.062775183659027,-0.37809985485116937,-0.36007522501526207,-0.3701664896265397,-0.37135207710990464,5.062775183659027,5.057091275615281,0.032106571295152354,0.03383001638895984,7.740640143431185,3.8252152111276696,0.40281746859828477,0.3968227235207815,1.9095478348144934,1.8558237521327505,-0.0006905178071176521
1.8100000000000014,-0.34997169967960023,-0.3503991340308717,-0.04278121048627839,-0.02004841969530623,0.04260479764828172,0.03505473299436159,0.40868638192216683,0.40574918008576205,5.072976705283884,5.068081311022256,-0.37405575509136035,-0.3526910486439815,-0.35986790234855326,-0.3607657428223797,5.068081311022256,5.062775183659027,0.00477841967322136,0.005349474978330489,7.907886645017327,3.71957222382269,0.40699614239549203,0.4037641469056729,1.8896125915145834,1.9169046678133617,0.002291914613109791
1.8200000000000014,-0.34052262837851166,-0.3403127155502704,-0.0763342127017543,-0.07822692965724455,0.050474015413054504,0.08584487734855095,0.4086259618309698,0.42387770254176343,5.077430929336258,5.072976705283884,-0.36995209411790436,-0.351649794928229,-0.34997169967960023,-0.3503991340308717,5.072976705283884,5.068081311022256,-0.05421690368104505,-0.02004841969530623,8.104008999421543,3.6065013404022643,0.42682557396170434,0.40574918008576205,1.8712037436176694,1.8765605859535603,0.011337079377958637
1.8300000000000014,-0.33156227130155247,-0.3308989601546517,-0.10770892041716033,-0.1089507483026529,0.05799314250174415,0.08648614108813875,0.40845915665963634,0.4099182813587645,5.081416251641697,5.077430929336258,-0.36578951994644027,-0.34723938190576276,-0.34052262837851166,-0.3403127155502704,5.077430929336258,5.072976705283884,-0.08495643090196359,-0.07822692965724455,8.327738631082838,3.4860031899348423,0.4138358414602014,0.42387770254176343,1.8553519203747977,1.8515842268525753,0.016340421751111056
1.8400000000000014,-0.32312879534277256,-0.32196214777697935,-0.13667202676500723,-0.13131309662843288,0.06511388595859059,0.07172913196412473,0.4081869761080513,0.4091040844847397,5.084907820255746,5.081416251641697,-0.36156868989568386,-0.3424268155944519,-0.33156227130155247,-0.3308989601546517,5.081416251641697,5.077430929336258,-0.10353891398644585,-0.1089507483026529,8.577639218114477,3.358078533990896,0.409956474508995,0.4099182813587645,1.8337546946528254,1.785365622095334,0.02046466781747258
1.8500000000000014,-0.3152567202853098,-0.31353776434274927,-0.16300548638706647,-0.15558548127351857,0.07179039464531256,0.07852577676991102,0.40781109415666733,0.4081413653213336,5.087883819439494,5.084907820255746,-0.35729027048362955,-0.33782139102189346,-0.32312879534277256,-0.32196214777697935,5.084907820255746,5.081416251641697,-0.13557712881579034,-0.13131309662843288,8.852116560582981,3.2227272773707436,0.4073862045312899,0.4091040844847397,1.8157770568001588,1.8109778614136365,0.024283626679144188
1.8600000000000014,-0.30797670990729686,-0.30577099741725444,-0.1865078308188969,-0.18200547311483814,0.07797953816304277,0.059369381803001456,0.40733381922395473,0.3973048051443339,5.090325607844413,5.087883819439494,-0.3529549373222995,-0.33566537489714954,-0.3152567202853098,-0.31353776434274927,5.087883819439494,5.084907820255746,-0.1641647783616055,-0.15558548127351857,9.149429890966696,3.079949649858151,0.393670649834233,0.4081413653213336,1.802681822664887,1.7913236270974253,0.029894377479895096
1.8700000000000014,-0.30131538657194495,-0.29876079924373733,-0.20699537674803065,-0.20416626301604396,0.08364117061938625,0.0738237467324114,0.40675808834715493,0.40794666849701444,5.092217837321149,5.090325607844413,-0.34856337501105666,-0.3317359425452358,-0.30797670990729686,-0.30577099741725444,5.090325607844413,5.087883819439494,-0.18448719715679135,-0.18200547311483814,9.467702878496238,2.929746521496715,0.407382024827873,0.3973048051443339,1.7906469434560295,1.7807792138565717,0.03297514330149848
1.8800000000000014,-0.2952951703956758,-0.29248288232221065,-0.22430332284279703,-0.22545749791897865,0.08873837748845545,0.05429254423745661,0.40608745157412,0.39136844822121863,5.093548551482714,5.092217837321149,-0.3441162770284986,-0.3300458039863363,-0.30131538657194495,-0.29876079924373733,5.092217837321149,5.090325607844413,-0.2070690610627711,-0.20416626301604396,9.80493594155119,2.7721185979064216,0.3887282329897679,0.40794666849701444,1.7748612869931786,1.7983858355178142,0.03756292166412567
1.8900000000000015,-0.2899341439681036,-0.2869396644605004,-0.23828673042156562,-0.24303259265255261,0.09323770406876566,0.07123693990010416,0.4053260394561586,0.40389850251771736,5.09430926335259,5.093548551482714,-0.3396143456229492,-0.3267665037448015,-0.2952951703956758,-0.29248288232221065,5.093548551482714,5.092217837321149,-0.22211234876158292,-0.22545749791897865,10.159018881614031,2.607068087504502,0.4011972047840472,0.39136844822121863,1.7562240383308527,1.7628214910069508,0.039826839284301085
1.9000000000000015,-0.28524594346045384,-0.282094811701634,-0.2488213838824789,-0.25991202868082647,0.09710936416365426,0.08979032659810336,0.40447855567931507,0.400658311472425,5.09449501152651,5.09430926335259,-0.33505829170156537,-0.3240147471790114,-0.2899341439681036,-0.2869396644605004,5.09430926335259,5.093548551482714,-0.24118781394107172,-0.24303259265255261,10.527743544526881,2.4345969326865227,0.39732428061441744,0.40389850251771736,1.7429227137398264,1.7842824283307808,0.041919935477377435
1.9100000000000015,-0.2812396768159769,-0.27795634475389097,-0.25580452857168606,-0.27195768964365574,0.10032742746869301,0.10126333875888222,0.40355022582054784,0.4057527313129941,5.094104394383246,5.09449501152651,-0.3304488347180768,-0.3214461417358609,-0.28524594346045384,-0.282094811701634,5.09449501152651,5.09430926335259,-0.2529720086174076,-0.25991202868082647,10.908817584763007,2.254711178756999,0.4074023001921549,0.400658311472425,1.737140998113189,1.7308054904213033,0.04348979698196992
1.9200000000000015,-0.27791986957876913,-0.27448684973049786,-0.2591554822204242,-0.26170735455361704,0.10286998463033224,0.0969465242401925,0.4025467842689586,0.39850153641772146,5.0931395820247936,5.094104394383246,-0.32578670255917563,-0.3160452388803666,-0.2812396768159769,-0.27795634475389097,5.094104394383246,5.09449501152651,-0.2458736803591007,-0.27195768964365574,11.299877397421588,2.0674370714843393,0.3955843957150038,0.4057527313129941,1.7184002981922342,1.7301634448988852,0.04155838914986876
1.9300000000000015,-0.275286438753814,-0.2714946015365201,-0.2588161189973031,-0.26411300325013737,0.10471928859901453,0.10572327552217971,0.40147442719043286,0.403662975150181,5.091606305856751,5.0931395820247936,-0.321072631429575,-0.31305887974663044,-0.27791986957876913,-0.27448684973049786,5.0931395820247936,5.094104394383246,-0.2504008442277327,-0.26170735455361704,11.698502383884467,1.8728026263435722,0.4043271838857204,0.39850153641772146,1.7134856627865651,1.7061856715939265,0.04156427821011033
1.9400000000000015,-0.2733346949463916,-0.26925647835592387,-0.2547512232301334,-0.26731594879006415,0.10586187141548796,0.13111700775167928,0.4003397818914562,0.41183784622584874,5.08951382572853,5.091606305856751,-0.3163073657357534,-0.310202877291957,-0.275286438753814,-0.2714946015365201,5.091606305856751,5.0931395820247936,-0.25582431886543694,-0.26411300325013737,12.102228568117404,1.6708568967238813,0.4155534352854084,0.403662975150181,1.7042673766271494,1.7118304327224354,0.040946398936033135
1.9500000000000015,-0.27205537285504217,-0.2677963424164812,-0.2469487117827816,-0.2491718746094391,0.10628863542230704,0.1330421977504468,0.3991498560498987,0.4057496555145387,5.086874874802871,5.08951382572853,-0.3114916579684047,-0.30510385468880263,-0.2733346949463916,-0.26925647835592387,5.08951382572853,5.091606305856751,-0.24098942364803075,-0.26731594879006415,12.508562876526785,1.4618473469380746,0.4060337318766687,0.41183784622584874,1.6989688181667904,1.6969341610959907,0.03730751227232143
1.9600000000000015,-0.27143469002912063,-0.2668806710206728,-0.2354197231777951,-0.2517928043217606,0.10599491822761829,0.10594327125846731,0.39791199976503544,0.3955495935100068,5.083705582425331,5.086874874802871,-0.3066262685836108,-0.30569487251622557,-0.27205537285504217,-0.2677963424164812,5.086874874802871,5.08951382572853,-0.24866245360227038,-0.2491718746094391,12.91499706147383,1.2458753293419698,0.39220095616769807,0.4057496555145387,1.6929742036354627,1.6658295495367834,0.03881420149555276
1.9700000000000015,-0.2714544336223396,-0.2668204751228778,-0.22019857282019,-0.2396285718276644,0.10498053071783216,0.10798739768023363,0.3966338644127549,0.40194361760591335,5.0800253754589955,5.083705582425331,-0.30171196588275695,-0.3022862928221988,-0.27143469002912063,-0.2668806710206728,5.083705582425331,5.086874874802871,-0.23412579625667668,-0.2517928043217606,13.31902212646946,1.0238095981536517,0.4010388563249699,0.3955495935100068,1.6915116176450293,1.676281938877648,0.035465817699321
1.9800000000000015,-0.2720920747001393,-0.2673738034393921,-0.20134257336887854,-0.22777997299459316,0.1032497676594635,0.12668716889337744,0.39532334921741286,0.4076807384266284,5.075856858678378,5.0800253754589955,-0.29674952589120795,-0.299338256208493,-0.2714544336223396,-0.2668204751228778,5.0800253754589955,5.083705582425331,-0.22639944647572469,-0.2396285718276644,13.71814279421408,0.796698089495736,0.4103368243901195,0.40194361760591335,1.6871612809394116,1.702279902021845,0.031964452769100926
1.9900000000000015,-0.27332090947654974,-0.26855902928481235,-0.17893171951749196,-0.19780243524554367,0.10081139063754396,0.08869360715866602,0.3939885466899907,0.38593694039969,5.071225674913141,5.075856858678378,-0.291739732235765,-0.29601025109358153,-0.2720920747001393,-0.2673738034393921,5.075856858678378,5.0800253754589955,-0.2013059192714623,-0.22777997299459316,14.109891715665942,0.5684246695311233,0.38484967812777116,0.4076807384266284,1.685624229744055,1.6908076243228272,0.02745122180876919
2.0000000000000013,-0.27511022667172474,-0.2701807010403609,-0.1530682372843863,-0.15540229011552092,0.09767858318696575,0.07885661436175796,0.3926377007492957,0.3911088985488069,5.066160345825392,5.071225674913141,-0.2866833760209216,-0.2897404354287341,-0.27332090947654974,-0.26855902928481235,5.071225674913141,5.075856858678378,-0.1654336679268364,-0.19780243524554367,14.491843666571599,0.3467719230385713,0.38075519131963853,0.38593694039969,1.6822357643040078,1.6715499836215675,0.019559734388373218
2.010000000000001,-0.2774255000018471,-0.27220456595202075,-0.12387599871061045,-0.1419710310526183,0.09386887808396104,0.10312860095659176,0.39127916172766314,0.4003123085833988,5.060692094342981,5.066160345825392,-0.28158125570393916,-0.28907247399946956,-0.27511022667172474,-0.2701807010403609,5.066160345825392,5.071225674913141,-0.15630162495250197,-0.15540229011552092,14.86163006216307,0.12782215876563477,0.39961397949539773,0.3911088985488069,1.6848926534582986,1.7173037336088104,0.01686790804744881
2.020000000000001,-0.2802286046393556,-0.2750319315894578,-0.09149980302062082,-0.10120336537597907,0.08940405703025493,0.11864248967358981,0.3899213141556915,0.4025557289093259,5.054854649898329,5.060692094342981,-0.2764341769687615,-0.2832351174462448,-0.2774255000018471,-0.27220456595202075,5.060692094342981,5.066160345825392,-0.11203875321533321,-0.1419710310526183,15.216953293533725,-0.0789013898833604,0.40497255246632596,0.4003123085833988,1.6892181244290116,1.710515081487312,0.008203185856786976
2.0300000000000007,-0.2834780563081209,-0.2782173160171747,-0.05610452571474185,-0.08440727524355811,0.08431002325488658,0.11325834657993797,0.3885725380243329,0.3981671476172385,5.048684037691169,5.054854649898329,-0.27124295259878767,-0.28418957647688825,-0.2802286046393556,-0.2750319315894578,5.054854649898329,5.060692094342981,-0.09781172348748868,-0.10120336537597907,15.555600115477802,-0.28050590408313386,0.39585187724289883,0.4025557289093259,1.6961744816058968,1.6901856536281799,0.005972260459713552
2.0400000000000005,-0.28712927150901785,-0.2820577947844785,-0.017874139519622016,-0.03879521980690054,0.07861664745973736,0.10850235202146005,0.38724115900076284,0.3992110407336664,5.042218353348917,5.048684037691169,-0.2660084023485243,-0.27936823856692444,-0.2834780563081209,-0.2782173160171747,5.048684037691169,5.054854649898329,-0.052912064654276635,-0.08440727524355811,15.87545566135638,-0.4736529724577059,0.3987341578122339,0.3981671476172385,1.7011831813529625,1.68310562508911,-0.0026895562175540677
2.0500000000000003,-0.291134847227865,-0.2861004100787474,0.022989389209279787,0.008741150311768246,0.0723575879441174,0.10469498232389157,0.3859353945513293,0.39884762367291565,5.035497524486579,5.042218353348917,-0.26073135281413673,-0.27467954882547524,-0.28712927150901785,-0.2820577947844785,5.042218353348917,5.048684037691169,-0.008799769924435983,-0.03879521980690054,16.174516774037798,-0.6449358579499032,0.39726220839631243,0.3992110407336664,1.7100617769037365,1.6998133979768306,-0.011420861253272185
2.06,-0.29544485833316764,-0.29040248209872016,0.06626732354324916,0.04302792931891473,0.06557008589593614,0.09010338225974286,0.3846632987923927,0.39362853739179693,5.028563060689149,5.035497524486579,-0.2554126373029199,-0.273737132400688,-0.291134847227865,-0.2861004100787474,5.035497524486579,5.042218353348917,0.025598700501760704,0.008741150311768246,16.45090470849512,-0.7994432804688409,0.3899851658130749,0.39884762367291565,1.716166349516215,1.7081799379514564,-0.016665349698032184
2.07,-0.30000717074489464,-0.29512162053258495,0.1117254920940504,0.07959389530915252,0.058294737010831196,0.05018949074621365,0.3834327162291371,0.3809315692151921,5.021457793551907,5.028563060689149,-0.2500530957017096,-0.27379904408518657,-0.29544485833316764,-0.29040248209872016,5.028563060689149,5.035497524486579,0.061558820052070105,0.04302792931891473,16.7028771553094,-0.9420109307175253,0.3755966906112137,0.39362853739179693,1.729690762898184,1.7168796280277803,-0.021322576447398378
2.0799999999999996,-0.30476776834687885,-0.3001246394997611,0.15911573037239235,0.13039112201406797,0.050575240744972404,0.039174079562060364,0.3822512338253051,0.3866865002108127,5.01422560850555,5.021457793551907,-0.24465357434425436,-0.2699010833400285,-0.30000717074489464,-0.29512162053258495,5.021457793551907,5.028563060689149,0.10890035549695114,0.07959389530915252,16.928839742869684,-1.073981991048817,0.37868848004137684,0.3809315692151921,1.743851966656799,1.7443798447182015,-0.0302235561597326
2.0899999999999994,-0.3096710915264567,-0.30519038313289815,0.20817741863448933,0.18675394812931828,0.042458128734201586,0.04469112033073602,0.38112613419176067,0.3849663771856705,5.006911170147991,5.01422560850555,-0.23921492587756982,-0.26441040328086335,-0.30476776834687885,-0.3001246394997611,5.01422560850555,5.021457793551907,0.16203935584745977,0.13039112201406797,17.12735660090347,-1.19626323693667,0.37883696355738034,0.3866865002108127,1.7500693604855908,1.7965930238047347,-0.0407799798520348
2.099999999999999,-0.31466038515197725,-0.3102820129606735,0.2586391061723285,0.22399052637804712,0.033992474071982595,0.0329519290911114,0.38006434264839595,0.38527203466565213,4.999559642905058,5.006911170147991,-0.23373800912729567,-0.26381978917591375,-0.3096710915264567,-0.30519038313289815,5.006911170147991,5.01422560850555,0.2006538325653962,0.18675394812931828,17.2971599333812,-1.3101133722781082,0.3800781154099026,0.3849663771856705,1.7701700851719286,1.7794428106936258,-0.046462223784759726
2.109999999999999,-0.3196780537462542,-0.3156066094006844,0.31022021100845154,0.3096273257091059,0.025229583326066563,0.02857079892817214,0.37907239590520764,0.3842339486500277,4.992216408817273,4.999559642905058,-0.2282236889620772,-0.25292619128733806,-0.31466038515197725,-0.3102820129606735,4.999559642905058,5.006911170147991,0.27447572555894184,0.22399052637804712,17.43715827724437,-1.4152748799919628,0.37977918244225256,0.38527203466565213,1.7818665032074896,1.8081404154442762,-0.06268041811334635
2.1199999999999988,-0.3246660215799191,-0.3205358074616285,0.36263278248704006,0.3481462416437705,0.016222673223798834,0.025248178293929877,0.37815639663372885,0.3859380512362213,4.984926784313208,4.992216408817273,-0.22267283615699254,-0.25193471201527273,-0.3196780537462542,-0.3156066094006844,4.992216408817273,4.999559642905058,0.3201695140931844,0.3096273257091059,17.546444120137934,-1.5124366516365746,0.38468921155838043,0.3842339486500277,1.7987798970666413,1.81512005929915,-0.06860109544635579
2.1299999999999986,-0.32956609539858955,-0.32572718561549163,0.41558331420097167,0.4037405539164919,0.0070265342070456,0.021186179668410632,0.3773219775014547,0.3858187944721301,4.97773573778052,4.984926784313208,-0.21708632725604715,-0.24726438665219216,-0.3246660215799191,-0.3205358074616285,4.984926784313208,4.992216408817273,0.375523707776535,0.3481462416437705,17.62429979346928,-1.6017938288832445,0.38388501999231295,0.3859380512362213,1.816671815772825,1.8326087186294704,-0.07846279896329947
2.1399999999999983,-0.33432032749846347,-0.33080044148694426,0.46877459351764333,0.4520359462769331,-0.0023028169106822094,0.01640375553741978,0.37657426522770593,0.3871997050766428,4.970687609735294,4.97773573778052,-0.21146504443375733,-0.24410096053947886,-0.32956609539858955,-0.32572718561549163,4.97773573778052,4.984926784313208,0.4240170485513111,0.4037405539164919,17.67020221646954,-1.683519081863495,0.38827577572290584,0.3858187944721301,1.8398960262673147,1.8432156191284943,-0.08669948094746541
2.149999999999998,-0.33887137688839986,-0.3357735374569635,0.5219075737937661,0.493234819147981,-0.011708492814728206,0.0006396483039539311,0.3759178511395968,0.38266464995795707,4.963825837424788,4.970687609735294,-0.20580987535584472,-0.24277310843753117,-0.33432032749846347,-0.33080044148694426,4.970687609735294,4.97773573778052,0.4656102430593319,0.4520359462769331,17.68382617910576,-1.7577302267255586,0.379540100709599,0.3871997050766428,1.8598166311899416,1.8623215271221676,-0.09300042901943231
2.159999999999998,-0.3431628663134137,-0.3406172787559028,0.5746832550757812,0.545617964160874,-0.021133097656143192,-0.016570098674480522,0.3753567617912713,0.3796102128987578,4.957192685562753,4.963825837424788,-0.2001217130390635,-0.2388824952675038,-0.33887137688839986,-0.3357735374569635,4.963825837424788,4.970687609735294,0.5172550183931705,0.493234819147981,17.665046313472054,-1.824424990162477,0.37501712820585625,0.38266464995795707,1.8730813535270794,1.8772651827763978,-0.10173478348839901
2.1699999999999977,-0.3471397329666326,-0.3450991528919524,0.6268045592643114,0.6087859202360092,-0.03051909260074188,-0.02256070643831427,0.37489443699898584,0.382539033403721,4.9508289849121745,4.957192685562753,-0.19440145571018277,-0.23197881184867816,-0.3431628663134137,-0.3406172787559028,4.957192685562753,4.963825837424788,0.5768759014184249,0.545617964160874,17.613937564646164,-1.8835955430282847,0.3818977267132907,0.3796102128987578,1.8943378888477858,1.902185281139277,-0.11312034104327426
2.1799999999999975,-0.3507485707799408,-0.3490741870580342,0.6779781858813767,0.6672362947929218,-0.03980916243018805,-0.04257353459500675,0.37453370592913987,0.3755903787286355,4.944773880355664,4.9508289849121745,-0.18865000666414608,-0.22636050801087074,-0.3471397329666326,-0.3450991528919524,4.9508289849121745,4.957192685562753,0.6348444828594733,0.6087859202360092,17.53077437913013,-1.9352664480503479,0.37129662636182087,0.382539033403721,1.9162113791045525,1.931044199474167,-0.12271367904716349
2.1899999999999973,-0.3539379622584583,-0.35259756263994463,0.7279164352295282,0.7105498821145668,-0.048946580621891514,-0.04349468290275917,0.3742767696302617,0.38120287140996717,4.939064590001325,4.944773880355664,-0.18286827412143072,-0.2226888118575058,-0.3507485707799408,-0.3490741870580342,4.944773880355664,4.9508289849121745,0.6791187436579508,0.6672362947929218,17.416028380108287,-1.97947986117138,0.3807223036290267,0.3755903787286355,1.931172250494719,1.943763784382449,-0.12990875078243883
2.199999999999997,-0.356658797906163,-0.35579166506126253,0.7763389862706255,0.755513350296841,-0.05787557036859736,-0.07027439193790047,0.3741251934979994,0.37021542030555027,4.933736176806907,4.939064590001325,-0.17705717108462915,-0.21924605922179685,-0.3539379622584583,-0.35259756263994463,4.939064590001325,4.944773880355664,0.7255675364370286,0.7105498821145668,17.270364814286754,-2.0162490751529116,0.36607023430997293,0.38120287140996717,1.957018066529575,1.9741982963457116,-0.13654560583946568
2.209999999999997,-0.35886458138078803,-0.35854851379253944,0.8229746173947112,0.8074370508674131,-0.0665416590384733,-0.0816152328621428,0.3740798895979438,0.3741249130212693,4.928821334079811,4.933736176806907,-0.17121761519427534,-0.21312892315143597,-0.356658797906163,-0.35579166506126253,4.933736176806907,4.939064590001325,0.7770439648022123,0.755513350296841,17.09463793816043,-2.0455739757890665,0.36829839551466387,0.37021542030555027,1.9766133008201539,1.9824315088980091,-0.14541959064110346
2.2199999999999966,-0.36051171861279235,-0.36073396148832587,0.8675628594788107,0.8561248093312112,-0.07489202358074638,-0.06176848669479608,0.37414112254285503,0.3832319207349219,4.924350186158607,4.928821334079811,-0.16535052858393864,-0.20580901446970795,-0.35886458138078803,-0.35854851379253944,4.928821334079811,4.933736176806907,0.825558226772545,0.8074370508674131,16.889884852941545,-2.0674600550020568,0.3847760238109113,0.3741249130212693,1.9942361556126067,2.027111254577224,-0.15492494701861792
2.2299999999999964,-0.36155978922198106,-0.36235453386229305,0.909855571208985,0.8996188499433909,-0.08287582455068791,-0.07436297072222678,0.37430849576102965,0.3760959298181714,4.920350105427842,4.924350186158607,-0.15945683773460825,-0.200404610275992,-0.36051171861279235,-0.36073396148832587,4.924350186158607,4.928821334079811,0.8692685874276951,0.8561248093312112,16.65731882359871,-2.0819147438281553,0.3743821003295212,0.3832319207349219,2.0141792263542166,2.028943206129313,-0.16194992358630106
2.239999999999996,-0.36197179867284285,-0.3633255006630468,0.9496184283431285,0.9401209415667338,-0.0904445264189509,-0.0704919338079813,0.37458096073523317,0.3837982606669028,4.916845546749072,4.920350105427842,-0.1535374733283911,-0.1941705852011482,-0.36155978922198106,-0.36235453386229305,4.920350105427842,4.924350186158607,0.9102461277786278,0.8996188499433909,16.398320956888142,-2.0889433841390885,0.3861735535066062,0.3760959298181714,2.034251397012784,2.024402554792431,-0.16915491546189862
2.249999999999996,-0.36171440971452457,-0.3635514089073348,0.9866323190595564,0.9721728930423401,-0.09755220206216186,-0.08951520192278418,0.37495682980143313,0.37537097372973144,4.913857900237027,4.916845546749072,-0.1475933701015464,-0.1900579614177345,-0.36197179867284285,-0.3633255006630468,4.916845546749072,4.920350105427842,0.9387427298234419,0.9401209415667338,16.1144315264266,-2.0885607778240183,0.3736592786843733,0.3837982606669028,2.052385605887143,2.05363963707638,-0.17349344748960027
2.259999999999996,-0.36075815176581283,-0.3630366684724505,1.0206946389504072,1.0186440193332154,-0.10415581942184252,-0.09574020334541433,0.3754337744883742,0.3813657005706201,4.911405363178548,4.913857900237027,-0.1416254666968799,-0.18111042932764365,-0.36171440971452457,-0.3635514089073348,4.913857900237027,4.916845546749072,0.9922042318614415,0.9721728930423401,15.807340495028756,-2.080746901506483,0.38297522012069773,0.37537097372973144,2.077270823325246,2.0565650651439285,-0.18192623914480682
2.2699999999999956,-0.35907760701984986,-0.36156540781371377,1.051620480363906,1.0496941644467401,-0.11021550843641592,-0.1021128755931249,0.3760088524681922,0.37980365442094616,4.9095028318164955,4.911405363178548,-0.13563470551552131,-0.17494197053192007,-0.36075815176581283,-0.3630366684724505,4.911405363178548,4.913857900237027,1.0191056023187843,1.0186440193332154,15.4788768039908,-2.065520780357293,0.37936137118274876,0.3813657005706201,2.092670829041153,2.09918135293516,-0.1866234372817937
2.2799999999999954,-0.3566515721599605,-0.35933396697488335,1.079243711151533,1.0812014421909857,-0.1156948066260993,-0.10973295710167591,0.3766785136056161,0.37940191807282864,4.908161813571871,4.9095028318164955,-0.12962203256810828,-0.16747238720107507,-0.35907760701984986,-0.36156540781371377,4.9095028318164955,4.911405363178548,1.0558756980888024,1.0496941644467401,15.130997722407667,-2.042880258050881,0.37912575360544726,0.37980365442094616,2.1101892852699797,2.1066037432491544,-0.19186157977380827
2.289999999999995,-0.35346319470444576,-0.3563110292494915,1.1034179393291115,1.1165762394897079,-0.12056088177665299,-0.12683899166192253,0.3774386316364048,0.37418642131192864,4.907390360130337,4.908161813571871,-0.12358839732540033,-0.15872006120885182,-0.3566515721599605,-0.35933396697488335,4.908161813571871,4.9095028318164955,1.0929105296717474,1.0812014421909857,14.765776933403178,-2.012824320055561,0.37096542809336275,0.37940191807282864,2.1183228614013765,2.1219204781197765,-0.19759096804063966
2.299999999999995,-0.3495000831230204,-0.3524420784863418,1.1240173601985852,1.1405811509385522,-0.12478473047048984,-0.13253415721284448,0.3782845249560203,0.37767078816346167,4.9071930217024216,4.907390360130337,-0.1175347525683464,-0.15107050991522145,-0.35346319470444576,-0.3563110292494915,4.907390360130337,4.908161813571871,1.110090705649954,1.1165762394897079,14.385392726071991,-1.9753847019036102,0.3781030185814946,0.37418642131192864,2.1386745357176276,2.1349849452340357,-0.20137156857112035
2.3099999999999947,-0.3447543900043367,-0.3478539347496387,1.1409374835317516,1.1451777037867645,-0.12834135132591176,-0.13196675842870528,0.3792109875876061,0.379270734543065,4.907570822658236,4.9071930217024216,-0.1114620542376297,-0.14601292946941097,-0.3495000831230204,-0.3524420784863418,4.9071930217024216,4.907390360130337,1.1179059997622869,1.1405811509385522,13.992115321087978,-1.9306201891835304,0.3808535116013862,0.37767078816346167,2.1488392785273973,2.1638653836236106,-0.20184100528022775
2.3199999999999945,-0.33922286769194426,-0.34269014686454025,1.154095738530963,1.1587812925249383,-0.13120989205689848,-0.12054952779132469,0.38021231648733617,0.3856358436422263,4.908521258560175,4.907570822658236,-0.1053712612827136,-0.13803755677234095,-0.3447543900043367,-0.3478539347496387,4.907570822658236,4.9071930217024216,1.1349484421694487,1.1451777037867645,13.588293963720023,-1.8785564011630427,0.3894001327516534,0.379270734543065,2.160754565904534,2.1701884792230217,-0.2046525900921993
2.3299999999999943,-0.3329068959537945,-0.3367125560748613,1.1634319547950678,1.178146801791257,-0.13337376963456446,-0.13501297203228643,0.3812823513109866,0.3771988707787917,4.910038314595334,4.908521258560175,-0.0992633355104124,-0.12928876138856035,-0.33922286769194426,-0.34269014686454025,4.908521258560175,4.907570822658236,1.1624314262756612,1.1587812925249383,13.176343434602003,-1.8191654366220795,0.3761502148663753,0.3856358436422263,2.1724738111769475,2.1750834280942266,-0.20742379468630093
2.339999999999994,-0.3258124814032397,-0.32981786712674843,1.168908717542611,1.1884484782820532,-0.13482076307108787,-0.1373250154003169,0.3824145091979834,0.38147429611208905,4.912112505159723,4.910038314595334,-0.09313924143301086,-0.1207346656469934,-0.3329068959537945,-0.3367125560748613,4.910038314595334,4.908521258560175,1.1677698576989393,1.178146801791257,12.758730465239159,-1.752617233847441,0.3831754976972002,0.3771988707787917,2.180399318294516,2.166536149673607,-0.20908320147975504
2.349999999999994,-0.31795022855146493,-0.3221261755276605,1.1705115957641514,1.1743959050708672,-0.13554307850031871,-0.13823691324035794,0.3836018311641471,0.38194035861573333,4.9147309343096355,4.912112505159723,-0.08699994611595657,-0.1159987137881691,-0.3258124814032397,-0.32981786712674843,4.912112505159723,4.910038314595334,1.159053586498058,1.1884484782820532,12.337959602325492,-1.6793694565006998,0.38395184693460577,0.38147429611208905,2.18838370492153,2.1908068427406975,-0.20612746173949137
2.3599999999999937,-0.30933528253757336,-0.31386727327418223,1.1682492418854695,1.1883033660141662,-0.13553738646124244,-0.15013195175761812,0.3848370138220752,0.37720247831196735,4.917877376666085,4.9147309343096355,-0.08084641902514905,-0.10560478311992882,-0.31795022855146493,-0.3221261755276605,4.9147309343096355,4.912112505159723,1.1810345415631989,1.1743959050708672,11.916559018627733,-1.599157379814847,0.3744988461964129,0.38194035861573333,2.1944991231636166,2.19406382904896,-0.2082624901542534
2.3699999999999934,-0.2999872437572782,-0.30461403429799866,1.1621533620207887,1.1840915474690623,-0.13480483140488975,-0.13939653551346706,0.3861124618718463,0.38555780838576237,4.921532378234212,4.917877376666085,-0.07467963187384989,-0.09676549915423299,-0.30933528253757336,-0.31386727327418223,4.917877376666085,4.9147309343096355,1.1699809891791433,1.1883033660141662,11.497065571106699,-1.5130665814667603,0.3879283227831842,0.37720247831196735,2.1962949891924213,2.196522176971081,-0.20784853514376567
2.3799999999999932,-0.2899300547874732,-0.2946613542090254,1.1522785555622446,1.1449364865546414,-0.1333510137111711,-0.14351672114982833,0.3874203334432614,0.3813581251492293,4.92567337650019,4.921532378234212,-0.06850055846923794,-0.09468859977631527,-0.2999872437572782,-0.30461403429799866,4.921532378234212,4.917877376666085,1.1418646622193152,1.1840915474690623,11.082010141036726,-1.424194053752608,0.3810812161574488,0.38555780838576237,2.203396208052507,2.210921918788859,-0.19997275443271012
2.389999999999993,-0.2791918601891297,-0.2843375345215257,1.1387020235278633,1.1474059414222388,-0.13118594459393706,-0.14523538275744374,0.3887525819305744,0.38177068316512575,4.930274839055028,4.92567337650019,-0.06231017455863388,-0.08397531820366175,-0.2899300547874732,-0.2946613542090254,4.92567337650019,4.921532378234212,1.145649349062416,1.1449364865546414,10.673902533529215,-1.331210437998969,0.38319260003713973,0.3813581251492293,2.2025516802252523,2.1987363742489996,-0.20036221631786397
2.399999999999993,-0.2678048399538517,-0.2729998802573824,1.1215231453175682,1.1493040862892854,-0.12832397443251428,-0.13884581698545503,0.3901010149938917,0.3855013408987494,4.935308419919203,4.930274839055028,-0.056109457675418396,-0.07196874229473095,-0.2791918601891297,-0.2843375345215257,4.930274839055028,4.92567337650019,1.1465884852230632,1.1474059414222388,10.275216098633207,-1.234068795343397,0.38873895606700276,0.38177068316512575,2.203508773328376,2.20259326085539,-0.20103113796265148
2.4099999999999926,-0.2558050175433981,-0.2608381215361305,1.1008629236619876,1.1260995088778383,-0.12478369527274327,-0.14439773087117508,0.39145733658982346,0.38155249028754834,4.9407431326002795,4.935308419919203,-0.04989938698466835,-0.06427800211835745,-0.2678048399538517,-0.2729998802573824,4.935308419919203,4.930274839055028,1.12274487924196,1.1493040862892854,9.888372730213288,-1.1381050168555369,0.3803578154777933,0.3855013408987494,2.20359847432733,2.204227414915688,-0.19656011941777307
2.4199999999999924,-0.24323204365637655,-0.24824075634135168,1.0768632986608435,1.113739608533965,-0.12058781827221556,-0.129897518384477,0.3928131995326611,0.38955310672505816,4.946545538883786,4.9407431326002795,-0.04368094312853523,-0.05312541656944025,-0.2558050175433981,-0.2608381215361305,4.9407431326002795,4.935308419919203,1.1112296091880303,1.1260995088778383,9.515727386494309,-1.0424564607858642,0.3929974706265479,0.38155249028754834,2.1996159407541045,2.195719708606977,-0.19511533977191142
2.429999999999992,-0.23012895703120967,-0.23502924797329638,1.0496863320160965,1.0792273503275716,-0.11576302706716303,-0.12410315090891719,0.394160260057372,0.3878580858984908,4.952679952244261,4.946545538883786,-0.03745510807139041,-0.0460898376484017,-0.24323204365637655,-0.24824075634135168,4.946545538883786,4.9407431326002795,1.0820871095998195,1.113739608533965,9.159552998592861,-0.9522123881936102,0.3921318318729446,0.38955310672505816,2.191979357059929,2.19938818671501,-0.1889394103248947
2.439999999999992,-0.21654192376729983,-0.2214855340307472,1.0195132635834367,1.052448614323209,-0.11033980812757549,-0.11162334697321623,0.3954902217028109,0.39150399504247163,4.95910865467867,4.952679952244261,-0.031222864944761577,-0.036787813195592906,-0.23012895703120967,-0.23502924797329638,4.952679952244261,4.946545538883786,1.0561609391372893,1.0792273503275716,8.822025655724929,-0.8673753574387417,0.3961364281973642,0.3878580858984908,2.1813243840107983,2.1767500094231256,-0.1846977208351543
2.4499999999999917,-0.20251995680781518,-0.207445918784592,0.9865434435342724,1.0184874801359536,-0.10435225922516074,-0.09503100605368123,0.3967948948287526,0.3965444398324824,4.965792125726049,4.95910865467867,-0.024985197892084886,-0.028175623291474265,-0.21654192376729983,-0.2214855340307472,4.95910865467867,4.952679952244261,1.0254664703515763,1.052448614323209,8.505209846876562,-0.7882855249228508,0.4023623853852906,0.39150399504247163,2.1762890455938373,2.164389945363636,-0.17927029549311774
2.4599999999999915,-0.18811461737507756,-0.19301689824418158,0.9509931440241,0.9803701922396137,-0.0978378773227219,-0.0917737293505444,0.39806624013173825,0.39418568957445815,4.972689282327888,4.965792125726049,-0.01874309191329728,-0.02051825133636321,-0.20251995680781518,-0.207445918784592,4.965792125726049,4.95910865467867,0.9903028744852371,1.0184874801359536,8.211044630051866,-0.7135768206075359,0.39932524810113046,0.3965444398324824,2.1664460123764036,2.149611170964084,-0.17249864690781838
2.4699999999999913,-0.17337970028767766,-0.1782467240845617,0.9130942560567161,0.9315223572969925,-0.0908373271689476,-0.09513599403631579,0.3992964206186644,0.39414451943343676,4.979757728152437,4.972689282327888,-0.012497532709293602,-0.014857189661189705,-0.18811461737507756,-0.19301689824418158,4.972689282327888,4.965792125726049,0.9461666243630144,0.9803701922396137,7.941330010076897,-0.6554718927608469,0.39786303164681913,0.39418568957445815,2.158628185537948,2.129108885798786,-0.16338953442337198
2.479999999999991,-0.15837090520418634,-0.16325399730424098,0.8730928779624398,0.9140043921296755,-0.08339419204586312,-0.09155039650869667,0.4004778523067754,0.39420973604024234,4.986954010913049,4.979757728152437,-0.0062495065262729785,-0.002649091570650455,-0.17337970028767766,-0.1782467240845617,4.979757728152437,4.972689282327888,0.929157543165562,0.9315223572969925,7.69771435004193,-0.6099825355636838,0.3969997472861656,0.39414451943343676,2.1472108077340595,2.1332737815927527,-0.16060490573359051
2.489999999999991,-0.14314549594126064,-0.14769616915241643,0.8312478034140806,0.8561734438202966,-0.07555470815394599,-0.05702791699024152,0.4016032468047134,0.4082169998853334,4.99423388623314,4.986954010913049,8.716985466783456e-16,0.0031781701768263844,-0.15837090520418634,-0.16325399730424098,4.986954010913049,4.979757728152437,0.875167618530139,0.9140043921296755,7.481682709257996,-0.5795345161982105,0.4123104806398468,0.39420973604024234,2.1330288228194165,2.1231091383286653,-0.15087433932924282
2.4999999999999907,-0.12776195009525487,-0.13220544320709907,0.7878289182812973,0.8081756437900868,-0.06736748415528254,-0.07495810613623022,0.40266565798413034,0.38970381511300806,5.0015525865249835,4.99423388623314,0.006250000000000872,0.00818752878947824,-0.14314549594126064,-0.14769616915241643,4.99423388623314,4.986954010913049,0.8278866290311866,0.8561734438202966,7.294546068411742,-0.5610554401687224,0.3922699052630795,0.4082169998853334,2.116108051398796,2.1113046223115584,-0.1403929719965773
2.5099999999999905,-0.11227960125644207,-0.11658243108140266,0.7431155165597791,0.7655913619648748,-0.0588832075010177,-0.09031231815625439,0.4036585211368689,0.3917177514939317,5.0088650933041885,5.0015525865249835,0.012499506526274724,0.01514579430836979,-0.12776195009525487,-0.13220544320709907,5.0015525865249835,4.99423388623314,0.7874481827163712,0.8081756437900868,7.137431918516249,-0.5518669285552645,0.38891234113704115,0.38970381511300806,2.100158445645452,2.0615088552158025,-0.13172822538977244
2.5199999999999902,-0.09675827614709526,-0.10080989625899495,0.6973945469942378,0.7252053074700171,-0.050154339173959984,-0.07066131326283687,0.40457570916081637,0.3985287191265228,5.0161264113462325,5.0088650933041885,0.01874753270929535,0.024443489672634017,-0.11227960125644207,-0.11658243108140266,5.0088650933041885,5.0015525865249835,0.7485653593046881,0.7655913619648748,7.011276027344422,-0.5507267868040931,0.4010156360775629,0.3917177514939317,2.0867096106351957,2.100346869673496,-0.12525338593162896
2.52999999999999,-0.08125792903361237,-0.08495541190330275,0.6509588024604386,0.6784985544795841,-0.04123479863196102,-0.049842439875759044,0.40541154900144794,0.40040351665142276,5.023291843066747,5.0161264113462325,0.024993091913299036,0.032644587933805924,-0.09675827614709526,-0.10080989625899495,5.0161264113462325,5.0088650933041885,0.7035441767961156,0.7252053074700171,6.916816171059799,-0.5576839500331365,0.40487311806931253,0.3985287191265228,2.06794888549262,2.0871382439265456,-0.11759999983710867
2.53999999999999,-0.06583827576712467,-0.06917874468100274,0.6041050662761022,0.6132245698565104,-0.03217964052569034,-0.053158175999211264,0.40616086741233876,0.3934348071743094,5.0303172615692695,5.023291843066747,0.031235197892086647,0.03596975559068497,-0.08125792903361237,-0.08495541190330275,5.023291843066747,5.0161264113462325,0.6438295056789481,0.6784985544795841,6.854586368631663,-0.573517570760742,0.39181554310650124,0.40040351665142276,2.0517844436958455,2.0490235141774362,-0.1051485002716877
2.5499999999999896,-0.050558429779251096,-0.05371260118448142,0.5571322284832632,0.5738810317198043,-0.023044725105801918,-0.013532828954349985,0.40681902592397795,0.4122808550501674,5.037159380677496,5.0303172615692695,0.03747286494476335,0.04670849125069627,-0.06583827576712467,-0.06917874468100274,5.0303172615692695,5.023291843066747,0.6026850298357179,0.6132245698565104,6.824913562111052,-0.5970503963100221,0.41416882622278794,0.3934348071743094,2.0350527300589665,2.0214033385376196,-0.10042109243517769
2.5599999999999894,-0.03547654233146719,-0.038246477766723366,0.5103393866812196,0.5378801999241928,-0.013886384088817084,-0.011813573155186982,0.4073819493743667,0.40083594864806865,5.04377602034547,5.037159380677496,0.0437051080713922,0.05626584797245695,-0.050558429779251096,-0.05371260118448142,5.037159380677496,5.0303172615692695,0.5656346230270481,0.5738810317198043,6.8279157122341365,-0.6275976978515223,0.4044293817307159,0.4122808550501674,2.015872158760356,2.021487856224287,-0.09451232573918031
2.569999999999989,-0.020649449260678424,-0.022881683418389087,0.46402394595340274,0.4969601835105698,-0.004761083790920937,-0.017717231992797795,0.40784614039445566,0.4003916863697013,5.050126365857098,5.04377602034547,0.049930943128537034,0.06412755113448375,-0.03547654233146719,-0.038246477766723366,5.04377602034547,5.037159380677496,0.5226846779973562,0.5378801999241928,6.863501434936688,-0.6652819047318068,0.4030631603317441,0.40083594864806865,1.9961060768406487,1.9631972903347579,-0.08700923455287284
2.579999999999989,-0.006132326395193158,-0.0077927953304584175,0.41847973249195014,0.43270565217047463,0.004274912684176686,0.010653257453751976,0.4082087224759484,0.41007329791239344,5.056171219237976,5.050126365857098,0.05614938698467017,0.06833230459840377,-0.020649449260678424,-0.022881683418389087,5.050126365857098,5.04377602034547,0.4632732554010139,0.4969601835105698,6.9313709549074565,-0.7109688737082803,0.414464315768552,0.4003916863697013,1.9755151617501931,1.9710998562094333,-0.07612509992886218
2.5899999999999888,0.008021644267057555,0.006713635851530777,0.3739951341704775,0.38193204410616605,0.01316588219164614,0.010031281587583664,0.40846743945048525,0.4008852475421301,5.061873241330541,5.056171219237976,0.06235945767542023,0.07380332192111161,-0.006132326395193158,-0.0077927953304584175,5.056171219237976,5.050126365857098,0.4118181928023369,0.43270565217047463,7.031019507611309,-0.76439663294973,0.40182044770894365,0.41007329791239344,1.9543090953292503,1.953516927468098,-0.06708968606958084
2.5999999999999885,0.02176159560876233,0.02080675738467174,0.33085128275479536,0.35020157617986686,0.02185697557251117,0.0007185318538971402,0.4086206739581607,0.3984761336219326,5.067197183036199,5.061873241330541,0.06856017455863572,0.08259554673414238,0.008021644267057555,0.006713635851530777,5.061873241330541,5.056171219237976,0.38512724004781146,0.38193204410616605,7.161741174207302,-0.82428543463941,0.39618769532023124,0.4008852475421301,1.9372045975917973,1.9108154747246135,-0.06178878934947064
2.6099999999999883,0.035039281773641635,0.03463679953950872,0.2893202898551792,0.29314913502308826,0.030294546997018154,0.0169538424589684,0.408667467517428,0.40456396872925754,5.072110104268778,5.067197183036199,0.07475055846923981,0.08644260382848072,0.02176159560876233,0.02080675738467174,5.067197183036199,5.061873241330541,0.32168202762315184,0.35020157617986686,7.322634746586878,-0.8919544512414046,0.4073398126586163,0.3984761336219326,1.918125890530077,1.9172452704804441,-0.051805804288972
2.619999999999988,0.047809368078144954,0.047849541783276536,0.24966354855027234,0.26037655119364733,0.038426476754050524,0.06583066085647513,0.40860751543504914,0.42088708524956275,5.0765815792151034,5.072110104268778,0.08092963187385178,0.09670574273725382,0.035039281773641635,0.03463679953950872,5.072110104268778,5.067197183036199,0.29103022978400345,0.29314913502308826,7.51261107745457,-0.9662613130447618,0.4254110774260328,0.40456396872925754,1.8994681206947934,1.9091866566721427,-0.04885620095397729
2.629999999999988,0.06002970276762467,0.06068688627965034,0.21213011228916878,0.23017269776946306,0.04620248577836537,0.07183209880550516,0.4084411710360632,0.40949910162070846,5.080583886609477,5.0765815792151034,0.08709641902515097,0.1048768477930407,0.047809368078144954,0.047849541783276536,5.0765815792151034,5.072110104268778,0.25766458574788526,0.26037655119364733,7.730401068775682,-1.0467698401067664,0.41460531293058517,0.42088708524956275,1.877622549495024,1.8798672743657765,-0.04418996151339036
2.6399999999999877,0.0716615690534682,0.07304065406853634,0.17695516054325502,0.19620239560657368,0.05357444005202863,0.06259384594971301,0.4081694445993186,0.409500708480573,5.084092183773888,5.080583886609477,0.09324994611595852,0.11079254732952462,0.06002970276762467,0.06068688627965034,5.080583886609477,5.0765815792151034,0.21932307913774432,0.23017269776946306,7.974565102159178,-1.1335972721409835,0.4141322887148348,0.40949910162070846,1.8602504756311733,1.814189775433948,-0.03775189326098828
2.6499999999999875,0.08266991598401399,0.08467605191483275,0.14435856010881856,0.1542805700627701,0.06049664312795222,0.06565945743755001,0.4077940089283358,0.4066823660997485,5.08708466325615,5.084092183773888,0.09938924143301284,0.11476193287778846,0.0716615690534682,0.07304065406853634,5.084092183773888,5.080583886609477,0.17765951536158942,0.19620239560657368,8.243503403027422,-1.2270119893047424,0.4065553519200496,0.409500708480573,1.843812543706291,1.8320300653598254,-0.03008588096295571
2.6599999999999873,0.09302356682698631,0.09539819102042058,0.11454352953437424,0.12636513420840384,0.06692611500263014,0.07379121686229899,0.4073171722765782,0.4087249248315693,5.089542691050908,5.08708466325615,0.1055133355104144,0.1214577497409753,0.08266991598401399,0.08467605191483275,5.08708466325615,5.084092183773888,0.15457015167966348,0.1542805700627701,8.535467538963257,-1.3253098713221427,0.4115357556709866,0.4066823660997485,1.8256958099056768,1.8116701223694434,-0.026059558720554724
2.669999999999987,0.10269540376587152,0.10535579220474448,0.08769541412559351,0.09982767534223685,0.07282285583384471,0.07987104410802759,0.40674187221069735,0.4076146876864811,5.091450925424081,5.089542691050908,0.11162126128271563,0.1271260702348076,0.09302356682698631,0.09539819102042058,5.089542691050908,5.08708466325615,0.12329294157626586,0.12636513420840384,8.848571855368164,-1.4285568139033575,0.4077823822836405,0.4087249248315693,1.8089077179154718,1.8030721846510775,-0.021770278030063123
2.679999999999987,0.11166252785087756,0.1145415860525877,0.06398057630486939,0.06608262245846014,0.07815009276698416,0.06807744839554963,0.40607165468170736,0.39991283819728896,5.092797415524102,5.091450925424081,0.11771205423763176,0.12946612167684515,0.10269540376587152,0.10535579220474448,5.091450925424081,5.089542691050908,0.08629460893541337,0.09982767534223685,9.180806173558917,-1.5375090847508261,0.39661388587898205,0.4076146876864811,1.7941729373840414,1.7845987448821508,-0.014924535624257454
2.6899999999999866,0.11990639326992725,0.12287193564767523,0.043545406400789355,0.04127273890816825,0.08287450840170697,0.08244167113685189,0.4053106553688324,0.4083146543698244,5.0935736790765755,5.092797415524102,0.12378475256834849,0.134491074117624,0.11166252785087756,0.1145415860525877,5.092797415524102,5.091450925424081,0.06602983364120907,0.06608262245846014,9.530048694319978,-1.6496927622133444,0.4092423844984725,0.39991283819728896,1.7803678448578253,1.7733962066092872,-0.011619138469948775
2.6999999999999864,0.1274129151458014,0.13047444509712675,0.02651545752474871,0.022462124251121676,0.08696644941760116,0.08263850146987012,0.4044635741445475,0.40278293535523335,5.093774758579013,5.0935736790765755,0.12983839732540245,0.1387965156309589,0.11990639326992725,0.12287193564767523,5.0935736790765755,5.092797415524102,0.04796914952512207,0.04127273890816825,9.894079463165431,-1.7633848404480283,0.4005578804667757,0.4083146543698244,1.7679526818021563,1.7813728631752501,-0.00832207053383216
2.709999999999986,0.13417255020435154,0.1373902708752434,0.01299470777592243,0.014125349108507377,0.09040011401921631,0.08712863180397684,0.40353563856670766,0.4036045512259887,5.093399255551046,5.093774758579013,0.13587203256811045,0.14454295079823687,0.1274129151458014,0.13047444509712675,5.093774758579013,5.0935736790765755,0.0380763655569056,0.022462124251121676,10.270594067023389,-1.8755784929359247,0.40187792735493366,0.40278293535523335,1.7509179877061576,1.7555556521974827,-0.007152679922993482
2.719999999999986,0.14018034980503638,0.1436746513038164,0.003064952441894449,-0.0032432143968325177,0.09315371698271462,0.09414614508685798,0.4025325832434049,0.40365829967029393,5.092449342558874,5.093399255551046,0.1418847055155235,0.14828749162694896,0.13417255020435154,0.1373902708752434,5.093399255551046,5.093774758579013,0.013832021651735771,0.014125349108507377,10.657217368455708,-1.9895975997609538,0.40230254694533285,0.4036045512259887,1.7378900406607345,1.7499188824541996,-0.004612840323132555
2.7299999999999858,0.14543598497661578,0.14914135819344226,-0.0032146723766821378,-0.00726934852404001,0.0952096310492257,0.08717335836859154,0.4014606049169344,0.39867940627809084,5.090930752824496,5.092449342558874,0.14787546669688215,0.15274716075210776,0.14018034980503638,0.1436746513038164,5.092449342558874,5.093399255551046,0.012166596490189729,-0.0032432143968325177,11.051517949818564,-2.099392571850835,0.3950861710383203,0.40365829967029393,1.7339687148990302,1.7357336578859854,-0.003605802558665494
2.7399999999999856,0.14994374325024543,0.15391737096869842,-0.005808032503452156,-0.019045503012121517,0.09655450375039794,0.08558272993293561,0.4003263277943957,0.3981433386552411,5.088852747410317,5.090930752824496,0.1538433701015487,0.1553758562736849,0.14543598497661578,0.14914135819344226,5.090930752824496,5.092449342558874,-0.004057409549905264,-0.00726934852404001,11.451022126157389,-2.207805306044318,0.393846947940865,0.39867940627809084,1.720706914128515,1.7278105009408185,-0.0014584853049864621
2.7499999999999853,0.15371249724886288,0.15785537549457787,-0.004702204071330545,-0.01671384139542676,0.09717934869003579,0.08447421810527614,0.3991367631478971,0.39618586001330935,5.086228060148846,5.088852747410317,0.15978747332839344,0.1598593050348363,0.14994374325024543,0.15391737096869842,5.088852747410317,5.090930752824496,-0.0013302057796334274,-0.019045503012121517,11.853228406092256,-2.31063887572192,0.39188692573761924,0.3981433386552411,1.7137455950937963,1.7291555963863394,-0.0020039295402584367
2.759999999999985,0.15675564515190016,0.16111486010804987,9.245341952959871e-05,-0.018825757598292536,0.09707961053213382,0.08931937440894615,0.39789926214348925,0.398315581007352,5.083072820574305,5.086228060148846,0.16570683773461062,0.16388021708236233,0.15371249724886288,0.15785537549457787,5.086228060148846,5.088852747410317,-0.006307094200588838,-0.01671384139542676,12.255621936773874,-2.410251883124789,0.39760891152616173,0.39618586001330935,1.7112588890918925,1.7231886122899842,-0.0027653569743124606
2.769999999999985,0.15909102332465566,0.16359411989048786,0.008542359986479509,-0.002760719479394092,0.09625520309632403,0.08316161730345917,0.3966214729466899,0.39303154585581707,5.079406455328453,5.083072820574305,0.17160052858394106,0.17000228292067604,0.15675564515190016,0.16111486010804987,5.083072820574305,5.086228060148846,0.0047262970568155566,-0.018825757598292536,12.655688857371958,-2.499633148433356,0.38896247827235575,0.398315581007352,1.7080493117036388,1.7236920069447486,-0.00640816303018818
2.7799999999999847,0.16074079157492396,0.16548729896466105,0.020590913968576527,-0.002559335936372625,0.09471052005813611,0.08979506087480099,0.3953112911075483,0.39693029636236704,5.075251568575722,5.079406455328453,0.1774676151942778,0.17197352523814907,0.15909102332465566,0.16359411989048786,5.079406455328453,5.083072820574305,-0.002042043897184041,-0.002760719479394092,13.050930822687096,-2.5742723791248387,0.3966176456953506,0.39303154585581707,1.701757667070419,1.7133456593101963,-0.006486226273488022
2.7899999999999845,0.1617312916718894,0.1665471096050483,0.03615882669119798,0.014068709516165543,0.09245441797284666,0.09798674563568807,0.3939768144026026,0.3973454364890975,5.070633802202944,5.075251568575722,0.18330717108463168,0.17698860005935513,0.16074079157492396,0.16548729896466105,5.075251568575722,5.079406455328453,0.01752610363166411,-0.002559335936372625,13.438879355604536,-2.6322824119556008,0.39638415533336296,0.39693029636236704,1.6999440267038621,1.7185588340031557,-0.01044149045430684
2.7999999999999843,0.16209287993880264,0.1670155057571481,0.05514459216219694,0.0396376564629405,0.08950017145391584,0.09519122846637525,0.3926262861883339,0.3949430192787904,5.0655816766706705,5.070633802202944,0.1891182741214333,0.1824785908426016,0.1617312916718894,0.1665471096050483,5.070633802202944,5.075251568575722,0.03846513212371245,0.014068709516165543,13.817110282140696,-2.6766223250252477,0.3921612361486917,0.3973454364890975,1.7008755560695283,1.704731917477699,-0.015463085085453493
2.809999999999984,0.1618597349031474,0.1669459988184966,0.077425090856264,0.04891914340337019,0.08586540059307782,0.08325430192471915,0.3912680497954154,0.3906587218865064,5.060126413502782,5.0655816766706705,0.19490000666414872,0.18317349075922434,0.16209287993880264,0.1670155057571481,5.0655816766706705,5.070633802202944,0.04424891923717233,0.0396376564629405,14.183257752530467,-2.7114123723650407,0.3864975999874621,0.3949430192787904,1.7068208020434532,1.7010133256128688,-0.016227491940727756
2.819999999999984,0.16106964116130898,0.16612037346879774,0.10285632539399163,0.08664687683282586,0.0815719707787908,0.07729873753828304,0.38991049528398436,0.390522153773269,5.054301740570634,5.060126413502782,0.20065145571018547,0.18957062451387904,0.1618597349031474,0.1669459988184966,5.060126413502782,5.0655816766706705,0.08006282612597383,0.04891914340337019,14.535028396495012,-2.735714311363669,0.386134575675627,0.3906587218865064,1.7037366628942776,1.707865806140904,-0.023450251045081305
2.8299999999999836,0.1597637507766911,0.16493399342797027,0.13127428573587366,0.10512247133702542,0.07664586534944787,0.07870984045233614,0.3885620066894942,0.3918907017052084,5.0481436813908225,5.054301740570634,0.20637171303906626,0.19148091051626812,0.16106964116130898,0.16612037346879774,5.054301740570634,5.060126413502782,0.09780075707893172,0.08664687683282586,14.870215027463622,-2.751225362849941,0.39017559115889305,0.390522153773269,1.7079694524845555,1.721438748186581,-0.026546917088297844
2.8399999999999834,0.1579863236903016,0.16309357718524187,0.1624959403752705,0.12384755068332647,0.07111703166548082,0.06259486138747763,0.3872309082914794,0.38500506829744335,5.041690329861036,5.0481436813908225,0.21205987535584753,0.19209653137042165,0.1597637507766911,0.16493399342797027,5.0481436813908225,5.054301740570634,0.11624937971487519,0.10512247133702542,15.186710022456797,-2.75861106757705,0.38078633960084585,0.3918907017052084,1.717935079188537,1.7266660441190609,-0.029002954185179786
2.849999999999983,0.15578444877040465,0.16070878497422117,0.196320349109177,0.18137505952697547,0.0650192013815591,0.050241790408182455,0.38592541474434844,0.383891794311396,5.0349816118511725,5.041690329861036,0.21771504443376022,0.2004744916185656,0.1579863236903016,0.16309357718524187,5.041690329861036,5.0481436813908225,0.16528498110216955,0.12384755068332647,15.48251823877543,-2.7572955247014903,0.37792091103399256,0.38500506829744335,1.7252214494991296,1.7307111695779294,-0.03976570664434442
2.859999999999983,0.15320774726410213,0.1582581823359648,0.23252989183709324,0.20525744539668525,0.05838968587018838,0.06587418820892224,0.3846535829464057,0.3917608736133502,5.028059035229428,5.0349816118511725,0.2233363272560501,0.2024552357005572,0.15578444877040465,0.16070878497422117,5.0349816118511725,5.041690329861036,0.19174618854083642,0.18137505952697547,15.755769495289618,-2.747959913353892,0.3926228443567604,0.383891794311396,1.729758484622734,1.753621616731425,-0.0441970533645924
2.869999999999983,0.15030806053531473,0.15522282160084372,0.2708916068343171,0.24689847963050954,0.05126914794874807,0.0759644766926202,0.38342325662751725,0.39360649035382633,5.020965429958095,5.028059035229428,0.22892283615699555,0.2076053372598262,0.15320774726410213,0.1582581823359648,5.028059035229428,5.0349816118511725,0.231996368949885,0.20525744539668525,16.00473044898104,-2.730715132160613,0.3969064252558371,0.3917608736133502,1.7420212012002818,1.759310410286173,-0.05238251565898247
2.8799999999999826,0.1471391240807343,0.15193893769328737,0.31115863098166396,0.2868698529679756,0.04370135128364613,0.04372725972175083,0.38224201860907575,0.37817408027133287,5.0137446799262495,5.020965429958095,0.23447368896208026,0.2101037625669715,0.15030806053531473,0.15522282160084372,5.020965429958095,5.028059035229428,0.2702201004655406,0.24689847963050954,16.22781549476902,-2.7057284421017114,0.37583449502568084,0.39360649035382633,1.753955047144655,1.7489110359170736,-0.05816482487368413
2.8899999999999824,0.14375622990725015,0.14839532122823157,0.3530717329639434,0.3354657918749366,0.03573288896146188,0.03633314263164536,0.38111714946524305,0.3867185141847085,5.006441448336521,5.0137446799262495,0.23998800912729878,0.21517509553893516,0.1471391240807343,0.15193893769328737,5.0137446799262495,5.020965429958095,0.3154995654743985,0.2868698529679756,16.423596984034667,-2.673073331341765,0.3843051014706316,0.37817408027133287,1.7708907827522342,1.747734566699794,-0.06677977431070359
2.899999999999982,0.14021587942502511,0.14472496501209806,0.39636092950507695,0.3848845906826459,0.027412892899724803,0.03565053891189849,0.3800555839004851,0.38450066603098293,4.9991008984103535,5.006441448336521,0.245464925877573,0.22040536723018822,0.14375622990725015,0.14839532122823157,5.006441448336521,5.0137446799262495,0.3630013283094734,0.3354657918749366,16.59081462158227,-2.6328212550939027,0.380493805746819,0.3867185141847085,1.7801914806024044,1.8053590188818094,-0.07568040221809016
2.909999999999982,0.1365754290640765,0.14093872834214474,0.4407471738996946,0.4201606078784005,0.01879272596795951,-0.0009015859795524703,0.37906385377149987,0.3712470711142249,4.991768411208322,4.9991008984103535,0.2509035743442576,0.22087346077184608,0.14021587942502511,0.14472496501209806,4.9991008984103535,5.006441448336521,0.3987964227437847,0.3848845906826459,16.728383692184394,-2.5850624046231654,0.3663664349284396,0.38450066603098293,1.7970848579393768,1.7990209845465417,-0.07993473242970134
2.9199999999999817,0.13289273085932482,0.13692388526908708,0.4859441053208867,0.4653416638479763,0.009925658874116842,-0.008254584556780568,0.37814806347156793,0.37858177346704286,4.984489302404274,4.991768411208322,0.2563030957017129,0.22465247146815093,0.1365754290640765,0.14093872834214474,4.991768411208322,4.9991008984103535,0.44324683539934373,0.4201606078784005,16.835401700231348,-2.5298165603924763,0.3734352823971391,0.3712470711142249,1.8160643408370627,1.8173852178474397,-0.08772858619906385
2.9299999999999815,0.12922577026899354,0.132917662835045,0.5316598458391738,0.5021525118535932,0.0008665338445668028,0.0025764953428066353,0.3773138492716141,0.3817305480763125,4.977308539892498,4.984489302404274,0.2616626373029233,0.2273998957720648,0.13289273085932482,0.13692388526908708,4.984489302404274,4.991768411208322,0.4800410430382655,0.4653416638479763,16.911154622801643,-2.467115479752809,0.38027759987106535,0.37858177346704286,1.8336378014215626,1.8696611325722294,-0.0944822329370198
2.9399999999999813,0.12563230348550228,0.12888393624601413,0.5775988325956103,0.5546691667741849,-0.008328582573705919,-0.005565124282961133,0.3765663344884212,0.37982287116717034,4.970270463985795,4.977308539892498,0.26698135281414015,0.23272774158656115,0.12922577026899354,0.132917662835045,4.977308539892498,4.984489302404274,0.5301351762408093,0.5021525118535932,16.955121369172716,-2.3969536517089005,0.37621041861071325,0.3817305480763125,1.8523303904073873,1.8638817095161522,-0.10384380534054702
2.949999999999981,0.12216949648634609,0.1250821441024446,0.6234636717896692,0.5988354001157511,-0.017602755210126192,-0.008983663857595383,0.37591010984278955,0.3815485763084023,4.963418512005655,4.970270463985795,0.27225840234852783,0.23656345974198734,0.12563230348550228,0.12888393624601413,4.970270463985795,4.977308539892498,0.5740841480048324,0.5546691667741849,16.966976712168815,-2.319344056895108,0.38126390586058967,0.37982287116717034,1.867911599497383,1.8748730845502026,-0.11148131563954275
2.959999999999981,0.11889356804129171,0.12142626429275721,0.6689570005800649,0.6555860801573254,-0.026898542097409047,-0.041829102587642955,0.3753492036452577,0.369192454146392,4.956794949061306,4.963418512005655,0.2774929525987913,0.24189361106604587,0.12216949648634609,0.1250821441024446,4.963418512005655,4.970270463985795,0.6278679742841653,0.5988354001157511,16.946593494619385,-2.234286184095696,0.36519665003400853,0.3815485763084023,1.890597931576661,1.892710294695136,-0.12046734677328866
2.9699999999999807,0.11585943884311595,0.11810664368330037,0.7137833437601786,0.6869721876949348,-0.036158359879059736,-0.0530759833172685,0.3748870539000646,0.37364080112719833,4.9504406066415445,4.956794949061306,0.28268417696876524,0.2428222716527073,0.11889356804129171,0.12142626429275721,4.956794949061306,4.963418512005655,0.6576633592421596,0.6555860801573254,16.894043118184214,-2.141802043318034,0.36726268051165645,0.369192454146392,1.9078647588226192,1.9076390580528355,-0.12471562796940694
2.9799999999999804,0.1131203888747666,0.11486847439091841,0.757650952020305,0.7498973011834879,-0.0453248502532052,-0.0354745739704196,0.37452649358379186,0.382971336506939,4.944394630673379,4.9504406066415445,0.287831255703943,0.2522815880992416,0.11585943884311595,0.11810664368330037,4.9504406066415445,4.956794949061306,0.7212432440437435,0.6869721876949348,16.809594653985453,-2.0418761827545477,0.38428543480395483,0.37364080112719833,1.9275479950406655,1.9548965637225146,-0.1374131137083232
2.9899999999999802,0.11072772505763849,0.11216451969616731,0.8002736089464292,0.7822943987255333,-0.05434124492425389,-0.03991033781298417,0.374269722437695,0.3793472519032415,4.938694240640149,4.944394630673379,0.2929333760209255,0.2544681013260051,0.1131203888747666,0.11486847439091841,4.944394630673379,4.9504406066415445,0.753510270026104,0.7498973011834879,16.693712924879446,-1.9345242776056077,0.37865977293300684,0.382971336506939,1.9486877182581923,1.9631529726273247,-0.1423035816298378
2.99999999999998,0.10873046114710279,0.10966214235355802,0.8413723949392699,0.8144863812482596,-0.06315172646717764,-0.04496670932045819,0.37411830129579987,0.38090546933598135,4.93337450121751,4.938694240640149,0.297989732235769,0.2571793347287044,0.11072772505763849,0.11216451969616731,4.938694240640149,4.944394630673379,0.789240408191034,0.7822943987255333,16.547054853472414,-1.8197514900191927,0.3830305377358589,0.3793472519032415,1.968961201184701,1.95801183479691,-0.14751719237514638
3.00999999999998,0.10717501175916408,0.10747204047245079,0.8806773964567105,0.8689979985892746,-0.07170178264375518,-0.06680274369556236,0.3740731477105066,0.37435627251224723,4.928468107763874,4.93337450121751,0.3029995258912121,0.264357264118179,0.10873046114710279,0.10966214235355802,4.93337450121751,4.938694240640149,0.84289097280301,0.8144863812482596,16.37046514696524,-1.6975488855442298,0.37136395473709705,0.38090546933598135,1.9903605963202458,1.9782663865169516,-0.1568852236457282
3.0199999999999796,0.10610490231777955,0.10589909145143307,0.9179293502827509,0.905318347145351,-0.07993855170325717,-0.06308608912916805,0.3741345225875766,0.38279149569587684,4.9240051869825345,4.928468107763874,0.30796196588276115,0.2691294513135107,0.10717501175916408,0.10747204047245079,4.928468107763874,4.93337450121751,0.8790410020471391,0.8689979985892746,16.164970798558976,-1.5679245785820843,0.3844361155496213,0.37435627251224723,2.005093655729067,1.9965298087634666,-0.16323035986207762
3.0299999999999794,0.10556049661662992,0.10476057607060185,0.9528812135332271,0.9437093455034278,-0.08781115625792386,-0.0860205935826187,0.37430203448873095,0.37308927096040445,4.920013113954044,4.9240051869825345,0.3128762685836151,0.2737614857114756,0.10610490231777955,0.10589909145143307,4.9240051869825345,4.928468107763874,0.9186223337995446,0.905318347145351,15.931774183712873,-1.4308807270119253,0.3709487745725286,0.38279149569587684,2.028012516092007,2.0298536669954523,-0.16900090964087378
3.039999999999979,0.10557874358901015,0.1042243111084817,0.9852996507197622,0.9713006745116417,-0.09527102349529926,-0.10057488580862108,0.37457463443895156,0.3746480098694884,4.9165163465412824,4.920013113954044,0.31774165796840914,0.27698633827996255,0.10556049661662992,0.10476057607060185,4.920013113954044,4.9240051869825345,0.9409611153465975,0.9437093455034278,15.672245582114737,-1.2864359256861706,0.37102674092723936,0.37308927096040445,2.0482832798646373,2.0355411223856237,-0.17276202717148087
3.049999999999979,0.10619294477109427,0.10430321211512457,1.014966430581344,1.0033976747843234,-0.10227218954253266,-0.10224631966763925,0.37495063528469824,0.37794506278896756,4.913536278148615,4.9165163465412824,0.32255736573575794,0.28269644278279066,0.10557874358901015,0.1042243111084817,4.9165163465412824,4.920013113954044,0.981171282751791,0.9713006745116417,15.387914443413798,-1.1345833380865638,0.379163143362364,0.3746480098694884,2.0647869911838224,2.075732792948675,-0.1783932306676661
3.0599999999999787,0.10743254383502328,0.10514798571688898,1.0416797258911097,1.0332069385079006,-0.10877158602344404,-0.1099471459554089,0.37542770994484503,0.3767449372558634,4.91109110963611,4.913536278148615,0.3273226314295796,0.28841962836624235,0.10619294477109427,0.10430321211512457,4.913536278148615,4.9165163465412824,1.0108076807973112,1.0033976747843234,15.08046043513241,-0.9753385609400108,0.37533811154058916,0.37794506278896756,2.088363090798145,2.0961416975186298,-0.18327164264935336
3.0699999999999785,0.10932293945039256,0.10676866233280861,1.0652553109369602,1.0719265230319417,-0.11472930689641042,-0.11246396164949722,0.37600291177273004,0.37764184937414996,4.909195741096579,4.91109110963611,0.3320367025591804,0.2971414336663189,0.10743254383502328,0.10514798571688898,4.91109110963611,4.913536278148615,1.0505059534913952,1.0332069385079006,14.751703060445566,-0.8086968614957951,0.3787350909579681,0.3767449372558634,2.09709812238948,2.108326472434166,-0.19037277133351027
3.0799999999999783,0.1118853226160117,0.10925903597597096,1.0855276515603378,1.0933989333421528,-0.12010885393855797,-0.12102056787564029,0.3766726943435623,0.37616041258948124,4.907861684056685,4.909195741096579,0.33669883471808165,0.3027258615789202,0.10932293945039256,0.10676866233280861,4.909195741096579,4.91109110963611,1.0640794883246405,1.0719265230319417,14.403591127316552,-0.6347353586727611,0.37440228148998195,0.37764184937414996,2.1157222188887186,2.1189359012720184,-0.1934668256029492
3.089999999999978,0.11513653947561364,0.11238545844287337,1.1023508836961564,1.1003798816024726,-0.12487735936998476,-0.11401927721059832,0.3774329303623828,0.3827838226041035,4.9070969945364205,4.907861684056685,0.34130829170157034,0.30702628193585957,0.1118853226160117,0.10925903597597096,4.907861684056685,4.909195741096579,1.0741436125195507,1.0933989333421528,14.038191496389626,-0.4535876753803407,0.3859928891642402,0.37616041258948124,2.130716878566092,2.1312364320757653,-0.1946408234929862
3.099999999999978,0.11908898050070849,0.11604275187655586,1.1155996769018366,1.1189241446836413,-0.12900578430432413,-0.11528771470438351,0.3782789389436965,0.38146664312288936,4.906906227295034,4.9070969945364205,0.34586434562295426,0.3136550444219079,0.11513653947561364,0.11238545844287337,4.9070969945364205,4.907861684056685,1.0991254817904317,1.1003798816024726,13.657677148019188,-0.26529460714405256,0.3848350646719332,0.3827838226041035,2.144033711655981,2.1476115912019096,-0.19761229254535204
3.1099999999999777,0.12375049678642368,0.12046136883508783,1.1251699797173793,1.1315828329350872,-0.1324690919322626,-0.13604544797508755,0.37920551089423105,0.3744800164998309,4.907290411433857,4.906906227295034,0.3503662770285038,0.31933228175271633,0.11908898050070849,0.11604275187655586,4.906906227295034,4.9070969945364205,1.1112347720070628,1.1189241446836413,13.264314874123812,-0.07016731779122151,0.3720426699467979,0.38146664312288936,2.1591618035476494,2.1445179530124556,-0.19887091291762848
3.1199999999999775,0.1291243440606713,0.1256022093952597,1.130979644207681,1.1434723857457358,-0.13524639452127576,-0.13938024394494428,0.3802069466754323,0.37967544399609937,4.908247047432221,4.907290411433857,0.35481337501106197,0.32635112268484767,0.12375049678642368,0.12046136883508783,4.907290411433857,4.906906227295034,1.125517372565825,1.1315828329350872,12.860452342759789,0.1314151057831669,0.38095119384498355,0.3744800164998309,2.1705912482221374,2.1567418758267034,-0.20074891328958797
3.1299999999999772,0.1352091548555871,0.13149193352305996,1.1329689271316574,1.1505188163370952,-0.1373210735523853,-0.14850604071832954,0.3812770886073144,0.3772542911657724,4.909770125539095,4.908247047432221,0.3592049373223049,0.3330079546158776,0.1291243440606713,0.1256022093952597,4.908247047432221,4.907290411433857,1.1337126391777552,1.1434723857457358,12.448504982481158,0.3385782199797055,0.37547566514858466,0.37967544399609937,2.1862456645753734,2.1880168713207673,-0.20151602109281766
3.139999999999977,0.1419989391295066,0.13809738474981828,1.1311008656416324,1.1437530465658108,-0.13868087247060787,-0.1611637220424925,0.38240935296232303,0.37340479077307476,4.911850165336129,4.909770125539095,0.3635402704836351,0.3376026720149377,0.1352091548555871,0.13149193352305996,4.909770125539095,4.908247047432221,1.1296018520628972,1.1505188163370952,12.03094220096442,0.5488571412861334,0.3699711083563578,0.3772542911657724,2.187075005311595,2.1960043571451715,-0.19950528726511943
3.149999999999977,0.1494831134622703,0.14530534442837775,1.1253615254745577,1.1434318493651763,-0.13931796173413466,-0.1468658390584657,0.38359677847174034,0.3841059179080466,4.914474276171733,4.911850165336129,0.3678186898956895,0.34530928320987,0.1419989391295066,0.13809738474981828,4.911850165336129,4.909770125539095,1.1318647479209965,1.1437530465658108,11.610273124858274,0.7604123739094849,0.38630896312251123,0.37340479077307476,2.1972275234430803,2.204709162704027,-0.20000393878149222
3.1599999999999766,0.15764655877326467,0.15326788774506228,1.1157601195548195,1.1316735210971558,-0.1392289760799315,-0.15390243064726727,0.3848320649036932,0.37601902157457706,4.91762623804497,4.914474276171733,0.372039519946446,0.35066095670345504,0.1494831134622703,0.14530534442837775,4.914474276171733,4.911850165336129,1.1228557941256896,1.1434318493651763,11.189032361068794,0.9686397451988054,0.37548828999789174,0.3841059179080466,2.2032604961736793,2.2228155278603308,-0.19739306895839276
3.1699999999999764,0.166469706330252,0.1618676411861962,1.1023289954717697,1.1172973731635039,-0.13841502403938177,-0.1614892599385907,0.3861076131720906,0.37588725674467677,4.921286602395236,4.91762623804497,0.3762020941179102,0.3561908028147112,0.15764655877326467,0.15326788774506228,4.91762623804497,4.914474276171733,1.1113247220295535,1.1316735210971558,10.769765083160156,1.1701955398757897,0.3740269715690171,0.37601902157457706,2.2049311584185287,2.199241733327515,-0.194323161628515
3.179999999999976,0.17592865163456553,0.171125549831009,1.085123490310465,1.0974887395961732,-0.1368816699382631,-0.12524947115304103,0.3874155837596434,0.3946085329949275,4.925432812187147,4.921286602395236,0.3803057550913663,0.36334103866332346,0.166469706330252,0.1618676411861962,4.921286602395236,4.91762623804497,1.0947224296859674,1.1172973731635039,10.355011807768904,1.3630429491441955,0.3970819374339466,0.37588725674467677,2.205920181713983,2.2136275378665435,-0.19221548883231446
3.189999999999976,0.18599529558038985,0.1810085005229905,1.064221651397745,1.0767383801889316,-0.13463888882818162,-0.10402796939615011,0.38874793257610823,0.39418618485135865,4.930039340513207,4.925432812187147,0.3843498548511755,0.37036781362837706,0.17592865163456553,0.171125549831009,4.925432812187147,4.921286602395236,1.0765035521374222,1.0974887395961732,9.947293392616691,1.549189369933752,0.4051095912292325,0.3946085329949275,2.206093795388288,2.2210126492599875,-0.18935931310538656
3.1999999999999758,0.19663751209436536,0.19152755585511017,1.0397238225283498,1.054915814021254,-0.13170099483535397,-0.10551378587087147,0.39009645950498584,0.39467095869227914,4.935077846878537,4.930039340513207,0.38833375478710497,0.3769006221148374,0.18599529558038985,0.1810085005229905,4.930039340513207,4.925432812187147,1.056739845711857,1.0767383801889316,9.54909518796697,1.725583601677977,0.4036432547230789,0.39418618485135865,2.2103570609702485,2.171823688914639,-0.18537306625972721
3.2099999999999755,0.2078193412769254,0.20265971349227999,1.0117520951650567,1.0330653282768019,-0.12808654365200134,-0.11709851425070245,0.39145287204344525,0.38945329501835635,4.940517350262277,4.935077846878537,0.392256825795172,0.38359246947275993,0.19663751209436536,0.19152755585511017,4.935077846878537,4.930039340513207,1.036647873714742,1.054915814021254,9.162851404763636,1.8827418674825918,0.39248229094100423,0.39467095869227914,2.2075035877762397,2.1753332132980754,-0.18093275598047995
3.2199999999999753,0.21950120687897634,0.21437326472578955,0.9804496247911743,0.9908199547696905,-0.12381821004313132,-0.13067856716344045,0.3928088252172692,0.38685976652122966,4.9463244178729,4.940517350262277,0.3961184483769868,0.38679328508427485,0.2078193412769254,0.20265971349227999,4.940517350262277,4.935077846878537,1.0001781327838486,1.0330653282768019,8.790929875738978,2.0219800208814114,0.3870988780929089,0.38945329501835635,2.204742189809562,2.1739097911718064,-0.1724200203584853
3.229999999999975,0.23164015676544525,0.22641587131673357,0.9459798140174811,0.9730957026213614,-0.11892264124213255,-0.1315579940191757,0.3941559756660039,0.38695917667508545,4.952463368543182,4.9463244178729,0.3999180127375782,0.39574110555326264,0.21950120687897634,0.21437326472578955,4.9463244178729,4.940517350262277,0.9819662262413628,0.9908199547696905,8.43561624729142,2.1495685535056746,0.38858060984663234,0.38685976652122966,2.197103038035631,2.1887115196021205,-0.16932523423652907
3.239999999999975,0.24419012484936764,0.23911604349620363,0.9085253642959745,0.9347717273333189,-0.11343028733632873,-0.1306821722116508,0.3954860297712513,0.38725353549176955,4.958896489558006,4.952463368543182,0.40365491888168786,0.40144142800251964,0.23164015676544525,0.22641587131673357,4.952463368543182,4.9463244178729,0.9460057846652289,0.9730957026213614,8.099098778554119,2.266539054936575,0.38865402588650344,0.38695917667508545,2.1914255564490297,2.1886222104519435,-0.162325384506316
3.2499999999999747,0.25710221281597645,0.25211276539021205,0.8682871995705262,0.8901417761628346,-0.10737520978310737,-0.13122283650134187,0.3967907955954546,0.38654533358065,4.965584265644955,4.958896489558006,0.40732857670851597,0.4062243005983764,0.24419012484936764,0.23911604349620363,4.958896489558006,4.952463368543182,0.9048774970758058,0.9347717273333189,7.783453340117251,2.3738020630435868,0.3858099290631612,0.38725353549176955,2.1847037469488435,2.185546756027172,-0.15411153520816434
3.2599999999999745,0.2703249898090754,0.2653660468524423,0.8254832661987332,0.8410477763097359,-0.10079486932287585,-0.06647002873279295,0.3980622343501421,0.41567471314937215,4.9724856188162905,4.965584265644955,0.4109384061049053,0.41331590629150844,0.25710221281597645,0.25211276539021205,4.965584265644955,4.958896489558006,0.8589460617609791,0.8901417761628346,7.490629035782094,2.4720759333598754,0.4162078770325265,0.38654533358065,2.1739249603514605,2.1807565376734797,-0.14794985943906613
3.2699999999999743,0.28380480811822045,0.27885551600105807,0.7803472148583667,0.7944161509479062,-0.0937298946272189,-0.06916462511217636,0.39929250994519605,0.39640852356277373,4.979558157676258,4.9724856188162905,0.4144838370369477,0.41704387653465325,0.2703249898090754,0.2653660468524423,4.9724856188162905,4.965584265644955,0.8138442258794276,0.8410477763097359,7.22243449318721,2.5619669512248415,0.40546068606900537,0.41567471314937215,2.163134880768232,2.1739922341204663,-0.13818836053359518
3.279999999999974,0.2974861327897272,0.2926153722474912,0.7331269715152053,0.7511410914905647,-0.08622383309274875,-0.11582449659558078,0.4004740282313926,0.3872072631309194,4.986758434745443,4.979558157676258,0.41796430963999903,0.4204798013879258,0.28380480811822045,0.27885551600105807,4.979558157676258,4.9724856188162905,0.7733886652362019,0.7944161509479062,6.980524948374845,2.6439009314948185,0.38660155463103985,0.39640852356277373,2.1542155817473625,2.088613069697759,-0.1278644291404346
3.289999999999974,0.3113118829881795,0.3066313208982003,0.684083206032399,0.7170059523118212,-0.07832288522646894,-0.10828587165226826,0.40159951092954715,0.39156373905292935,4.9940422103228075,4.986758434745443,0.4213792743070884,0.4287185214570466,0.2974861327897272,0.2926153722474912,4.986758434745443,4.979558157676258,0.7409735153584016,0.7511410914905647,6.766390055011055,2.7181606716150974,0.3934361963745247,0.3872072631309194,2.139240355942422,2.1425373035979707,-0.12208720055884631
3.2999999999999736,0.3252237828603675,0.32090908737244,0.6334877074519882,0.6617673383659817,-0.07007562431625508,-0.08285559047567781,0.4026620133043199,0.3971459894868932,5.001364721324174,4.9940422103228075,0.4247281917757073,0.43358084401367286,0.3113118829881795,0.3066313208982003,4.9940422103228075,4.986758434745443,0.6884269978749286,0.7170059523118212,6.581343819872128,2.7847356515436377,0.4012522616036785,0.39156373905292935,2.119299386915957,2.143620297694308,-0.11267175664123286
3.3099999999999734,0.33916271959088634,0.3350975482769434,0.5816216781858431,0.6039477896991351,-0.06153270276922573,-0.06588586979999614,0.40365497132319145,0.3994233540198362,5.0086809535878745,5.001364721324174,0.42801053321296556,0.4378199617920002,0.3252237828603675,0.32090908737244,5.001364721324174,4.9940422103228075,0.6334922181884158,0.6617673383659817,6.426514318495536,2.8436894347056305,0.40502525982686577,0.3971459894868932,2.107704745001,2.1124324490864823,-0.10272241351505684
3.319999999999973,0.353069106316493,0.34919628632838634,0.5287739584555027,0.5461218062747683,-0.05274654689553558,-0.059145345147892506,0.4045722485896741,0.3972901767091038,5.015945916034178,5.0086809535878745,0.43122578029910014,0.4417222264486474,0.33916271959088634,0.3350975482769434,5.0086809535878745,5.001364721324174,0.5772874480002195,0.6039477896991351,6.302835653558329,2.8950879356912633,0.40060977250515756,0.3994233540198362,2.092251212599167,2.084103788527687,-0.09252594012026105
3.329999999999973,0.36688324754458784,0.36320662483962374,0.4752391941675167,0.4982264191569407,-0.0437710418490078,-0.04653856636499853,0.40540817489130154,0.4020883850614886,5.023114915053014,5.015945916034178,0.4343734253093238,0.44800790969392884,0.353069106316493,0.34919628632838634,5.015945916034178,5.0086809535878745,0.5288344321946487,0.5461218062747683,6.2110414794264575,2.938989057521417,0.4066099381173404,0.3972901767091038,2.0772363834897525,2.0572674937294337,-0.0848012848543051
3.3399999999999728,0.3805457047281457,0.3771989513265428,0.42131596236773383,0.43300107776884506,-0.03466120843964528,-0.03674186168670658,0.40615758074928987,0.40124642587578024,5.030143827517939,5.023114915053014,0.43745297119400084,0.4504259147144391,0.36688324754458784,0.36320662483962374,5.023114915053014,5.015945916034178,0.46687492566048877,0.4982264191569407,6.151659957812633,2.9754124140080305,0.40568787439697956,0.4020883850614886,2.059286183014884,2.0498340788879523,-0.0732269633878963
3.3499999999999726,0.39399765967693506,0.39089439507975615,0.36730486884471475,0.3903624726240361,-0.02547287358523333,-0.029766113941526236,0.406815825877489,0.4005834121057978,5.036989370824662,5.030143827517939,0.44046393165713676,0.4573785129745262,0.3805457047281457,0.3771989513265428,5.030143827517939,5.023114915053014,0.42271246743664276,0.43300107776884506,6.125010324345527,3.0043845844806505,0.4032553766083033,0.40124642587578024,2.0348128335013813,2.0226462651965607,-0.06648411789477005
3.3599999999999723,0.40718127352833305,0.4045251767343004,0.313506632824832,0.33459244706007263,-0.016262336187902324,-0.03858314851412527,0.4073788334151613,0.39474060092176916,5.043609368300584,5.036989370824662,0.4434058312331703,0.4605219368029626,0.39399765967693506,0.39089439507975615,5.036989370824662,5.030143827517939,0.3664687193978133,0.3903624726240361,6.131201044943042,3.0259124885257287,0.3921446630854947,0.4005834121057978,2.0197222338263283,2.0023124051180803,-0.05599676006866222
3.369999999999972,0.42004003906055765,0.4178167691049728,0.2602201735055287,0.27838144425360767,-0.007086030302373791,-0.02572824317446186,0.4078431125096619,0.40093100547036964,5.049963008401236,5.043609368300584,0.44627820536205476,0.4642752436222431,0.40718127352833305,0.4045251767343004,5.043609368300584,5.036989370824662,0.3112140943813858,0.33459244706007263,6.170129896456146,3.0400020841449042,0.4027381356640242,0.39474060092176916,2.000624269808041,1.9915763771822914,-0.04645847451727031
3.379999999999972,0.43251912420156396,0.43071947410499,0.20774071346737022,0.23294630172003683,0.001999812603159559,-0.019603415768167685,0.40820578223030396,0.399033177335552,5.056011096129255,5.049963008401236,0.44908060046261766,0.4696801723515876,0.42004003906055765,0.4178167691049728,5.049963008401236,5.043609368300584,0.2653977297467708,0.27838144425360767,6.241485480643536,3.0466589360678564,0.39855282209029813,0.40093100547036964,1.984825474540493,1.9903922149128315,-0.03896069824659759
3.3899999999999717,0.44456570467356876,0.44329536424897886,0.15635791321150927,0.18640153864083928,0.010939500419085651,0.0012926525299470151,0.4084645842317879,0.40458077811060916,5.061716295101194,5.056011096129255,0.4518125740041862,0.4750286501428073,0.43251912420156396,0.43071947410499,5.056011096129255,5.049963008401236,0.21782489609635602,0.23294630172003683,6.344750473321788,3.045885243138335,0.408202168415695,0.399033177335552,1.9589336408582183,1.966575938450047,-0.031733285893828456
3.3999999999999715,0.45612928380568385,0.4554410365967983,0.10635405077377831,0.12494880670533742,0.019678214384331334,0.025535802936392942,0.40861790536665205,0.40898123052847335,5.067043358780142,5.061716295101194,0.4544736945764681,0.47693112616540173,0.44456570467356876,0.44329536424897886,5.061716295101194,5.056011096129255,0.15853898885741669,0.18640153864083928,6.479206196445427,3.037680864591068,0.4145307050828631,0.40458077811060916,1.9416952035572699,1.9459469542144683,-0.021490089568603432
3.4099999999999713,0.4671619976507531,0.466939320497301,0.05800225896549908,0.08123595366298597,0.02816233837285073,0.02160347901166567,0.4086647814269259,0.3996665363904493,5.071959349441784,5.067043358780142,0.4570635419576763,0.4808522630662139,0.45612928380568385,0.4554410365967983,5.067043358780142,5.061716295101194,0.11409129438272986,0.12494880670533742,6.643938996601282,3.022047726925144,0.3992546491549596,0.40898123052847335,1.92206305263769,1.91333209620204,-0.0139129425689129
3.419999999999971,0.47761890364635984,0.4779602141483664,0.011564832620496408,0.0231827159191738,0.03633978171480766,0.066758866696573,0.4086049075335963,0.4217825843022515,5.076433843445529,5.071959349441784,0.45958170718088687,0.48330309966765794,0.4671619976507531,0.466939320497301,5.071959349441784,5.067043358780142,0.056138502146508576,0.08123595366298597,6.837847540810143,2.9989856818955265,0.42323045127665143,0.3996665363904493,1.9001788327441635,1.8772630684749443,-0.005342885519291518
3.429999999999971,0.4874582511765421,0.48830123698084565,-0.03270838366151139,-0.038105798216976704,0.044160293676548695,0.05270772701139004,0.40843864319053846,0.40178891807481243,5.080439121503135,5.076433843445529,0.4620277925986196,0.481865026999359,0.47761890364635984,0.4779602141483664,5.076433843445529,5.071959349441784,-0.0033072669293111572,0.0231827159191738,7.059651590196842,2.968494987853661,0.4066107129185408,0.4217825843022515,1.8899975691641335,1.8820473930860446,0.00643620998148664
3.4399999999999706,0.49664173250287924,0.4978120832646235,-0.07458151755154616,-0.06912298080070703,0.051575767812160105,0.03511842744873824,0.4081669952265414,0.40266349073670815,5.083950342717202,5.080439121503135,0.46440141194563106,0.4858517512172684,0.4874582511765421,0.48830123698084565,5.080439121503135,5.076433843445529,-0.02833445967332203,-0.038105798216976704,7.307901803393833,2.930577530487093,0.4016646532375642,0.40178891807481243,1.8657131952873642,1.8189069982263604,0.011960332047355082
3.4499999999999704,0.5051347126524776,0.5067594057533054,-0.11383409193145969,-0.1025337983390326,0.05854053452689443,0.04370240785843346,0.40779163904840815,0.402805459611812,5.086945701231476,5.083950342717202,0.4667021903999105,0.48973183432641587,0.49664173250287924,0.4978120832646235,5.083950342717202,5.080439121503135,-0.07099724022997132,-0.06912298080070703,7.5809899663327736,2.88523315630158,0.4018938838581028,0.40266349073670815,1.8469012497313468,1.8580988873939377,0.017027571426889487
3.45999999999997,0.5129064369750477,0.515001711548693,-0.15026234272408076,-0.1391708864768161,0.06501163990683612,0.04984302881216922,0.40731488128542354,0.4017195457638024,5.089406564469751,5.086945701231476,0.46892976464186853,0.49170474850080287,0.5051347126524776,0.5067594057533054,5.086945701231476,5.083950342717202,-0.11254039099256594,-0.1025337983390326,7.87716115967038,2.8324618898434384,0.3998203482580621,0.402805459611812,1.829683221589312,1.8396963143665976,0.02329696304789014
3.46999999999997,0.5199302151913491,0.5224113317926239,-0.18368042389444625,-0.1730555487433974,0.07094910945251087,0.0500057152870271,0.40673965820654684,0.39946029407398986,5.091317591945706,5.089406564469751,0.4710837829117095,0.49317843539477807,0.5129064369750477,0.515001711548693,5.089406564469751,5.086945701231476,-0.14636728334716875,-0.1391708864768161,8.194525111716244,2.7722642716188615,0.396555006338502,0.4017195457638024,1.818287705497423,1.8209839400472194,0.02923289639784582
3.47999999999997,0.5261835808961555,0.528971686026834,-0.21392149599669363,-0.20194887820137955,0.07631619489843039,0.06702190403610471,0.4060695169186368,0.4044881348996017,5.092666833891488,5.091317591945706,0.4731639050649784,0.4958041600738182,0.5199302151913491,0.5224113317926239,5.091317591945706,5.089406564469751,-0.17323686752813053,-0.1730555487433974,8.531069143487585,2.704641269969425,0.40664649124529495,0.39946029407398986,1.797320860635892,1.8095381945797524,0.03316752595301575
3.4899999999999696,0.5316484255921904,0.5347069007989036,-0.24083869374699832,-0.23725496462227652,0.08107960266346527,0.08306723461277807,0.4053085930014576,0.40579769776517916,5.093445808971342,5.092666833891488,0.4751698026262737,0.4956658187156396,0.5261835808961555,0.528971686026834,5.092666833891488,5.091317591945706,-0.2145753795196324,-0.20194887820137955,8.884671191191906,2.6295921122891,0.4090596536172874,0.4044881348996017,1.7835483831138166,1.796446119082325,0.03904108208326401
3.4999999999999694,0.5363111064665875,0.539520872450141,-0.2643059695145788,-0.2737647302653445,0.08520970248295559,0.07570850941916847,0.40446158233477536,0.39741086360472644,5.093649560473863,5.093445808971342,0.4771011588411173,0.49341673606663855,0.5316484255921904,0.5347069007989036,5.093445808971342,5.092666833891488,-0.25047713953612194,-0.23725496462227652,9.253113159957941,2.5471171147559635,0.3947802390804111,0.40579769776517916,1.7681346350627751,1.768680016183148,0.04610413638350247
3.509999999999969,0.5401625272547455,0.543424973801575,-0.284218810281213,-0.29913368625170317,0.08868071487650568,0.08581235450653556,0.40353371640004587,0.4033431615516947,5.093276690567747,5.093649560473863,0.478957668725974,0.4935298095095716,0.5363111064665875,0.539520872450141,5.093649560473863,5.093445808971342,-0.2694725495414755,-0.2737647302653445,9.634094461720387,2.4572190705310804,0.40404416945055727,0.39741086360472644,1.7562785739084688,1.7455016088153665,0.04989516429200336
3.519999999999969,0.54319819167486,0.5465637343065445,-0.30049482645936976,-0.3212434948169865,0.09147087615449019,0.09926041419372326,0.4025307302329911,0.4056522699080732,5.092329372333117,5.093276690567747,0.4807390391164116,0.49352058435509194,0.5401625272547455,0.543424973801575,5.093276690567747,5.093649560473863,-0.29378871912449506,-0.29913368625170317,10.025245919868727,2.359899609644483,0.4083401884653308,0.4033431615516947,1.746166982207014,1.751499204719497,0.05304314995145254
3.5299999999999687,0.545418229057428,0.5489322820726882,-0.31307421108003824,-0.32818633641642986,0.09356257983656525,0.10385302694623894,0.40145881848576315,0.4034739562071259,5.090813339387256,5.092329372333117,0.4824449887133951,0.49510035416912096,0.54319819167486,0.5465637343065445,5.092329372333117,5.093276690567747,-0.302517548567586,-0.3212434948169865,10.42414369099382,2.255167183160564,0.4024416716617417,0.4056522699080732,1.7375903278561662,1.7342497249944078,0.05383192790356722
3.5399999999999685,0.5468273919440253,0.5506392459198863,-0.32192006820011476,-0.3344944862348901,0.0949424934979514,0.11223590329106793,0.4003246052879342,0.4066718416195806,5.088737853085929,5.090813339387256,0.4840752481277072,0.49623880397186804,0.545418229057428,0.5489322820726882,5.090813339387256,5.092329372333117,-0.3123254092452093,-0.32818633641642986,10.82832302171162,2.14303360909989,0.40944459403409406,0.4034739562071259,1.730438924588073,1.7151056264447568,0.0544004419480183
3.5499999999999683,0.5474350255856774,0.5515766002695838,-0.32701861037126806,-0.35252162025234135,0.0956016500486398,0.11626633032342316,0.39913510171649563,0.4047644523542279,5.086115647454878,5.088737853085929,0.4856295599224878,0.49411750631725115,0.5468273919440253,0.5506392459198863,5.088737853085929,5.090813339387256,-0.3396208849003588,-0.3344944862348901,11.235292504903398,2.0234959947185884,0.40427192129983325,0.4066718416195806,1.7188102779494216,1.7127810187705599,0.05745909395233262
3.559999999999968,0.5472550094257166,0.551557060660049,-0.3283792243934986,-0.34552329272484367,0.09553551273241773,0.11092479147118985,0.3978976585854995,0.402341978375336,5.08296285213138,5.086115647454878,0.4871076786538863,0.4954025423792214,0.5474350255856774,0.5515766002695838,5.086115647454878,5.088737853085929,-0.32822387330194286,-0.35252162025234135,11.64254809968191,1.8966316637640517,0.40021986059622144,0.4047644523542279,1.7140822542463992,1.6963793407617371,0.05615451828082757
3.569999999999968,0.5463056708203431,0.5508845011357402,-0.3260344051383505,-0.3493745588608854,0.09474401323495567,0.11625580435208496,0.39661992495300025,0.40530557952048596,5.079298893770798,5.08296285213138,0.4885093709098202,0.4943167829006136,0.5472550094257166,0.551557060660049,5.08296285213138,5.086115647454878,-0.33457539720628565,-0.34552329272484367,12.04758708275769,1.7624960262124163,0.4072519285673322,0.402341978375336,1.7089074223153065,1.697234757961272,0.056567718235126574
3.5799999999999677,0.5446096714193644,0.5493489743992809,-0.32003955769022924,-0.31766420323807565,0.09323156239106706,0.10514415954746485,0.3953097980453518,0.3989707690070582,5.075146376492352,5.079298893770798,0.4898344153468333,0.4985147763044587,0.5463056708203431,0.5508845011357402,5.079298893770798,5.08296285213138,-0.31129701356108497,-0.3493745588608854,12.447922190742418,1.621521560580606,0.39601077504133286,0.40530557952048596,1.709689234193631,1.700697634553851,0.0508341980948222
3.5899999999999674,0.5421938667997431,0.5473381762913097,-0.3104726678754436,-0.3318160108352757,0.09100703321970226,0.09810341521920916,0.3939753727172047,0.3985639174959225,5.070530942079379,5.075146376492352,0.4910826027250486,0.4930966286494865,0.5446096714193644,0.5493489743992809,5.075146376492352,5.079298893770798,-0.3315350486607368,-0.31766420323807565,12.841095534168101,1.473532185046693,0.39443206823299004,0.3989707690070582,1.7063165389528432,1.6959904308706473,0.05424154764182315
3.5999999999999672,0.5390891401209913,0.5442017804453428,-0.29743384185287197,-0.3141072011405049,0.08808371614129734,0.07272823299949895,0.3926248963383641,0.387782380281121,5.065481110826658,5.070530942079379,0.49225373594120964,0.49223510618732996,0.5421938667997431,0.5473381762913097,5.070530942079379,5.075146376492352,-0.30591269514319785,-0.3318160108352757,13.224692461489976,1.320005498287566,0.38282928871207655,0.3985639174959225,1.7021199778219802,1.710103591697984,0.05196667425801288
3.609999999999967,0.5353302107451867,0.540493218922185,-0.2810447159374636,-0.28553766817199594,0.08447924638095283,0.06393392463339662,0.39126671126084567,0.390574354285352,5.060028104056409,5.065481110826658,0.49334763005980536,0.4949442472251812,0.5390891401209913,0.5442017804453428,5.065481110826658,5.070530942079379,-0.282736585593408,-0.3141072011405049,13.596355495310505,1.1634226772841112,0.38287173547552233,0.387782380281121,1.7090912300365977,1.7150449810367756,0.04554897169700384
3.619999999999967,0.5309554189354124,0.5362695672049627,-0.26144773788336534,-0.2841216053689933,0.08021550383021357,0.06528703162268934,0.38990920928261036,0.38827415225561296,5.054205649406614,5.060028104056409,0.4943641123422736,0.4909505421931304,0.5353302107451867,0.540493218922185,5.060028104056409,5.065481110826658,-0.29067788357741514,-0.28553766817199594,13.953797793591317,1.0022673293932194,0.38207890251183957,0.390574354285352,1.7111694986882382,1.7478692145019772,0.04531902501183227
3.6299999999999666,0.5260064879180223,0.5311818347828251,-0.23880532213853567,-0.27487033949081047,0.07531848570692361,0.07699520127936944,0.3885607707992478,0.3952963635704517,5.04804977014948,5.054205649406614,0.49530302227427864,0.4882521333350217,0.5309554189354124,0.5362695672049627,5.054205649406614,5.060028104056409,-0.2746352169354298,-0.2841216053689933,14.294816737272665,0.8400710359986936,0.3954198047787467,0.38827415225561296,1.7148688885696757,1.736255272991175,0.04292970144780339
3.6399999999999664,0.5205282647528899,0.525486234389691,-0.2132988815982582,-0.2212533845576946,0.06981815267209987,0.06624814440221144,0.38722972119334714,0.38571329823550937,5.0415985599213755,5.04804977014948,0.4961642115910579,0.49306972539850025,0.5260064879180223,0.5311818347828251,5.04804977014948,5.054205649406614,-0.23137474518063497,-0.27487033949081047,14.617306817417827,0.6873323461430074,0.3820927010361009,0.3952963635704517,1.7182706260584737,1.7459418419908885,0.03241650899119075
3.649999999999966,0.5145684416132589,0.5196995308369824,-0.1851277400794081,-0.20067054448185165,0.06374824910117954,0.06106342194404534,0.3859242733803129,0.3890756941228571,5.034891944326659,5.0415985599213755,0.49694754430083504,0.4904717916169411,0.5205282647528899,0.525486234389691,5.0415985599213755,5.04804977014948,-0.20858029436686432,-0.2212533845576946,14.919272626273672,0.541187335105255,0.38515064877334343,0.38571329823550937,1.7279101923604077,1.7263458226134274,0.029227739220041293
3.659999999999966,0.5081772592150717,0.5132576319982082,-0.15450792985768305,-0.16551624834576031,0.05714609854209484,0.046922101138146884,0.3846524859101017,0.38365524549006064,5.027971430960237,5.034891944326659,0.4976528967062946,0.4899672309054097,0.5145684416132589,0.5196995308369824,5.034891944326659,5.0415985599213755,-0.17553116864599283,-0.20067054448185165,15.198841001865683,0.402724211816726,0.37862486160963077,0.3890756941228571,1.7392069455170005,1.7548415653697413,0.02329040109279845
3.6699999999999657,0.5014071942693378,0.5064329994534689,-0.12167088038863708,-0.14653972518567004,0.05005237545066577,0.02461760513091398,0.38342220118914827,0.37742623952603865,5.020879849523326,5.027971430960237,0.49828015742411497,0.4850584427197158,0.5081772592150717,0.5132576319982082,5.027971430960237,5.034891944326659,-0.1580735254713642,-0.16551624834576031,15.454273025834413,0.2671474770828856,0.3707008095057712,0.38365524549006064,1.7480937860974974,1.761760240776707,0.021374556733753047
3.6799999999999655,0.49431263294252886,0.49907392979688064,-0.08686200459354612,-0.10164799774618022,0.042510854630880376,0.046995938094682554,0.38224100653392706,0.39370908495801266,5.01366108367965,5.020879849523326,0.49882922740255736,0.4872811757810347,0.5014071942693378,0.5064329994534689,5.020879849523326,5.027971430960237,-0.11549700703008695,-0.14653972518567004,15.683974780456785,0.1424356769256161,0.39264795702124045,0.37742623952603865,1.7653076642057366,1.782236570892992,0.011792754015845952
3.6899999999999653,0.48694953241329364,0.49158863512323303,-0.05033919119454749,-0.07390026031988835,0.034568139807508905,0.05430354648442249,0.3811161829430218,0.3872374194518098,5.006359796422199,5.01366108367965,0.4993000199371072,0.48479121778345696,0.49431263294252886,0.49907392979688064,5.01366108367965,5.020879849523326,-0.08763539342324886,-0.10164799774618022,15.886507928798586,0.03457531665344006,0.38669951757164234,0.39370908495801266,1.7741774906266854,1.812738013980511,0.0067974173397760684
3.699999999999965,0.47937507268948465,0.48374817332118736,-0.01237121178527903,-0.029155931713862458,0.026273373079129306,0.04449104526384146,0.38005465404983674,0.387511495942119,4.999021150782089,5.006359796422199,0.4996924606841657,0.48489993229684175,0.48694953241329364,0.49158863512323303,5.006359796422199,5.01366108367965,-0.04590048769541868,-0.07390026031988835,16.060599038427263,-0.05753742364048234,0.3874845128817359,0.3872374194518098,1.7869167806902493,1.7698655469676687,-0.0011517589756543933
3.709999999999965,0.47164730091563334,0.4758333117579242,0.026763947236965555,0.005809110628236615,0.017677927105080465,0.0403550044884859,0.37906296033250647,0.38865773805276216,4.991690527670345,4.999021150782089,0.5000064876727895,0.48290901643162776,0.47937507268948465,0.48374817332118736,4.999021150782089,5.006359796422199,-0.011404292605749836,-0.029155931713862458,16.205147871172507,-0.13822336397879859,0.3901377162629552,0.387511495942119,1.8019277154425535,1.7943199097862235,-0.007075704673703553
3.7199999999999647,0.4638247704442552,0.4677322262516479,0.06678081645119036,0.049336483275309935,0.00883508194443359,0.014450663189620377,0.3781472048586776,0.3791135854429394,4.9844132426545285,4.991690527670345,0.500242051314477,0.48158515566417215,0.47164730091563334,0.4758333117579242,4.991690527670345,4.999021150782089,0.030150664156199693,0.005809110628236615,16.319235248008738,-0.20871221752180552,0.3756266928907772,0.38865773805276216,1.8169100678619428,1.8108850007694939,-0.01385292941252425
3.7299999999999645,0.4559661769652276,0.4596133183067246,0.10738822771389689,0.0889300501092313,-0.00020031120072513606,0.020615047193265682,0.37731301999586125,0.39110615071076793,4.977234263556504,4.9844132426545285,0.5003991144109982,0.4807308667391012,0.4638247704442552,0.4677322262516479,4.9844132426545285,4.991690527670345,0.06888609337068984,0.049336483275309935,16.402128897653473,-0.27023174721696186,0.3914102316985503,0.3791135854429394,1.8377831047361577,1.8239808008852272,-0.02111754843237662
3.7399999999999642,0.4481299940004842,0.45146336961819356,0.14829113803380195,0.13204996905995273,-0.009372177149545025,0.00585620634501147,0.3765655363111403,0.3822710568233072,4.970197930673952,4.977234263556504,0.5004776521602694,0.4796583500329282,0.4559661769652276,0.4596133183067246,4.977234263556504,4.9844132426545285,0.1108207682978262,0.0889300501092313,16.45328857872247,-0.32316666831943486,0.3804564416789088,0.39110615071076793,1.8534429732322195,1.869145514552222,-0.02819498041473467
3.749999999999964,0.4403741100557104,0.44338368123859373,0.1891924801129471,0.16521314352834424,-0.018623572449451176,-0.004737927717494157,0.3759093403007414,0.3835185558065296,4.963347681373306,4.970197930673952,0.5004776521602697,0.4766703100467004,0.4481299940004842,0.45146336961819356,4.970197930673952,4.977234263556504,0.14357889798743834,0.13204996905995273,16.472369904966207,-0.3684676812021262,0.38078125247572875,0.3822710568233072,1.8705834751315666,1.8619997610299521,-0.03328662880810668
3.759999999999964,0.4327554696938892,0.4353209680979313,0.22979502650160163,0.22265881981804786,-0.027897047139570006,-0.026072554641744662,0.3753484630006361,0.3779054895449835,4.956725780841896,4.963347681373306,0.500399114410999,0.4784600918883771,0.4403741100557104,0.44338368123859373,4.963347681373306,4.970197930673952,0.19757985876391096,0.16521314352834424,16.459226448149632,-0.405226043791467,0.37359940122670104,0.3835185558065296,1.890312924921204,1.8928638932700528,-0.04313912379044582
3.7699999999999636,0.42532972075492914,0.4276236613765199,0.2698032535563634,0.25279649729507875,-0.037135010154182274,-0.055787352581773725,0.37488634175658936,0.3708503701346233,4.950373060701422,4.956725780841896,0.5002420513144785,0.47412046634623384,0.4327554696938892,0.4353209680979313,4.956725780841896,4.963347681373306,0.22754314949728108,0.22265881981804786,16.41391127806677,-0.43456605039837287,0.36460643566206136,0.3779054895449835,1.9083520120990776,1.9146849757214255,-0.04649680496971392
3.7799999999999634,0.41815086988454186,0.41998403401296724,0.30892519250597467,0.2875117652783805,-0.04628009573051434,-0.061264716946682396,0.3745258072524601,0.3764325091629312,4.944328667077427,4.950373060701422,0.5000064876727918,0.47225239596556234,0.42532972075492914,0.4276236613765199,4.950373060701422,4.956725780841896,0.2657770387238214,0.25279649729507875,16.336676317961984,-0.45645561092239206,0.3732334972741962,0.3708503701346233,1.931306171877553,1.9476959654892367,-0.0522683619525951
3.789999999999963,0.4112709484722706,0.4125734668211645,0.3468742542914735,0.316538844981365,-0.05527552833142616,-0.049388567167103624,0.3742690634664679,0.37949888856967035,4.938629819709062,4.944328667077427,0.4996924606841685,0.4701695802109679,0.41815086988454186,0.41998403401296724,4.944328667077427,4.950373060701422,0.29426395114281195,0.2875117652783805,16.227970982837427,-0.471371674619618,0.37952727420331955,0.3764325091629312,1.94785804877281,1.9878539605461438,-0.05759611338980336
3.799999999999963,0.4047396910151853,0.40541516977647524,0.38337101594683354,0.3654111006642118,-0.06406548350320784,-0.07190357890833132,0.3741176708375135,0.3716796579497124,4.933311583573267,4.938629819709062,0.4993000199371106,0.4712466726055156,0.4112709484722706,0.4125734668211645,4.938629819709062,4.944328667077427,0.3428847097196466,0.316538844981365,16.08843923125145,-0.47851372767759537,0.36759305608201903,0.37949888856967035,1.968106168248497,1.979034990501265,-0.06583150282904038
3.8099999999999627,0.39860422783732213,0.3987915268465119,0.4181449566860495,0.41482086916086913,-0.07259544215484799,-0.0847677444843441,0.3740725438245082,0.3735150112613972,4.928406654386531,4.933311583573267,0.4988292274025613,0.47313096703865165,0.4047396910151853,0.40541516977647524,4.933311583573267,4.938629819709062,0.3901373275520849,0.3654111006642118,15.918915357501051,-0.4778232029052927,0.36856315240939413,0.3716796579497124,1.9898920922136563,1.992944159712903,-0.07433944019213973
3.8199999999999625,0.3929087939982308,0.3927088472293985,0.4509361325111678,0.4455785718078975,-0.08081253582950301,-0.08750153192808163,0.3741339466204709,0.3749824434162335,4.923945159277657,4.928406654386531,0.49828015742411946,0.4718257899553346,0.39860422783732213,0.3987915268465119,4.928406654386531,4.933311583573267,0.4195319286054244,0.41482086916086913,15.72041890008327,-0.46992130655335,0.3729435731277061,0.3735150112613972,2.00984422205515,2.0311963443588468,-0.07911694272593606
3.8299999999999623,0.38769445611936504,0.38699068968189193,0.4814967792584917,0.47446999981111115,-0.0886658805747298,-0.09026781267159206,0.37430148415993847,0.3761516260614506,4.919954473804689,4.923945159277657,0.49765289670629964,0.4707747319839003,0.3929087939982308,0.3927088472293985,4.923945159277657,4.928406654386531,0.4506338651185766,0.4455785718078975,15.494148276301516,-0.4549866693974578,0.3764365390690223,0.3749824434162335,2.0298083314210538,2.045848991885128,-0.08378404230200837
3.839999999999962,0.3829988587489975,0.38174622130456026,0.5095928348648222,0.500870072932551,-0.09610689711680019,-0.09673014480899715,0.3745741103285024,0.37481868824821485,4.91645905636361,4.919954473804689,0.4969475443008407,0.4696386144035017,0.38769445611936504,0.38699068968189193,4.919954473804689,4.923945159277657,0.4779023383917694,0.47446999981111115,15.241473127325644,-0.4332558159176616,0.37268999046855056,0.3761516260614506,2.0449379591383896,2.059020611723041,-0.08789239309894142
3.849999999999962,0.3788559917725317,0.37708195031226666,0.5350053722791704,0.5267763161962556,-0.10308961522169816,-0.10224020498134821,0.3749501341451966,0.37642678024076487,4.913480300940289,4.91645905636361,0.4961642115910641,0.4692077379563905,0.3829988587489975,0.38174622130456026,4.91645905636361,4.919954473804689,0.5058317748756506,0.500870072932551,14.963926067331714,-0.4047992543110792,0.37761188483016456,0.37481868824821485,2.0689089973870294,2.068278782890176,-0.09212578764412382
3.8599999999999617,0.37529598025343835,0.3730947294238926,0.5575319356557629,0.5534037352968546,-0.10957096021789106,-0.09899969462746416,0.37542723085586316,0.3803250030247915,4.911036409028539,4.913480300940289,0.4953030222742854,0.47009609074839753,0.3788559917725317,0.37708195031226666,4.913480300940289,4.91645905636361,0.533916838171594,0.5267763161962556,14.663193372994714,-0.36963982779713844,0.3834276510716458,0.37642678024076487,2.082930290158509,2.089058479136075,-0.09700136132450493
3.8699999999999615,0.3723448979664535,0.36984665108817627,0.5769877732064871,0.5742841550508526,-0.11551101983236536,-0.11185269115395127,0.3760024544735111,0.37487984249162354,4.909142281398598,4.911036409028539,0.494364112342281,0.4697595219976488,0.37529598025343835,0.3730947294238926,4.911036409028539,4.913480300940289,0.5502437487925531,0.5534037352968546,14.341104878309597,-0.3285894620496965,0.3730983382014435,0.3803250030247915,2.099254320856801,2.101492791355736,-0.09991287090947254
3.8799999999999613,0.3700246057547671,0.36728994645287333,0.5932069609420909,0.5837056409891258,-0.12087328965542575,-0.11572433965042347,0.3766722569549187,0.3789874096294636,4.90780943029676,4.909142281398598,0.4933476300598133,0.46852200430006036,0.3723448979664535,0.36984665108817627,4.909142281398598,4.911036409028539,0.559830732260839,0.5742841550508526,13.9996230458304,-0.2828009149206797,0.3810283369337684,0.37487984249162354,2.119036808955112,2.1047299659404315,-0.10123205784718703
3.889999999999961,0.36835261570818567,0.36532819328018734,0.6060434121933438,0.5989466457606103,-0.12562489574589294,-0.11439431557957398,0.377432513595416,0.3811926723663644,4.907045912504342,4.90780943029676,0.49225373594121813,0.4691766587684905,0.3700246057547671,0.36728994645287333,4.90780943029676,4.909142281398598,0.5796628088068705,0.5837056409891258,13.640831424346505,-0.2316855351104673,0.3845449343846778,0.3789874096294636,2.1324211376565945,2.133045115612507,-0.10384846548830318
3.899999999999961,0.36734198201825147,0.36408890576281894,0.6153717684666031,0.6316512848828459,-0.12973679307957925,-0.11330294295396913,0.3782785412383554,0.3833683944833115,4.906856283575146,4.907045912504342,0.49108260272505766,0.474411339741796,0.36835261570818567,0.36532819328018734,4.907045912504342,4.90780943029676,0.6192875483922305,0.5989466457606103,13.266922541009986,-0.17283177382670678,0.38733582324855903,0.3811926723663644,2.150771622206305,2.1410201809035314,-0.11032243397897706
3.9099999999999606,0.3670012192196133,0.36376045176826993,0.621088167885836,0.6451709786411222,-0.133183938710796,-0.12158088797031218,0.3792051326007112,0.3802189051615345,4.907241573440814,4.906856283575146,0.4898344153468429,0.47585009205177964,0.36734198201825147,0.36408890576281894,4.906856283575146,4.907045912504342,0.6240126244662109,0.6316512848828459,12.88018490161427,-0.10949491831445052,0.3797114401355833,0.3833683944833115,2.1586247444831392,2.1491312361802897,-0.1120896402835097
3.9199999999999604,0.3673342483755444,0.3640478836991231,0.6231108876400129,0.6359423426511137,-0.13594543877335513,-0.1331733125076486,0.380206586724639,0.379709937515341,4.908199283428377,4.907241573440814,0.4885093709098304,0.4735226968157336,0.3670012192196133,0.36376045176826993,4.907241573440814,4.906856283575146,0.6188382938568255,0.6451709786411222,12.482989803109902,-0.04535366620091011,0.3792597630788716,0.3802189051615345,2.1715195383262755,2.1523611282350372,-0.1094748131166105
3.92999999999996,0.3683403716047824,0.36475532682829825,0.6213808575352121,0.6286439957593192,-0.13800466860201632,-0.13993954423620467,0.3812767452625514,0.38039011551154156,4.9097234046625955,4.908199283428377,0.48710767865389704,0.4723676774667268,0.3673342483755444,0.3640478836991231,4.908199283428377,4.907241573440814,0.614718816081533,0.6359423426511137,12.07777744461127,0.01785508557270621,0.38172115940024964,0.379709937515341,2.1858888416678153,2.17481732542918,-0.10761235063842856
3.93999999999996,0.3700142751827362,0.36605848524449436,0.6158620419402949,0.6224408502857001,-0.13934936547912077,-0.12335173653668947,0.3824090269315095,0.39010142040850837,4.9118044576333935,4.9097234046625955,0.48562955992249907,0.4731455120032595,0.3683403716047824,0.36475532682829825,4.9097234046625955,4.908199283428377,0.611312691811583,0.6286439957593192,11.667042652020735,0.07984512057371126,0.3939634454357358,0.38039011551154156,2.191219431048952,2.192168277459513,-0.10708702675876514
3.9499999999999598,0.37234606127848535,0.36806320378274365,0.6065416878304659,0.6259258274911061,-0.1399716936878302,-0.14805179485697226,0.38359646900948025,0.37523567360334487,4.914429552611635,4.9118044576333935,0.484075248127719,0.47459521100708957,0.3700142751827362,0.36605848524449436,4.9118044576333935,4.9097234046625955,0.6190406211880164,0.6224408502857001,11.253320047497713,0.14419426884413944,0.37536371610856967,0.39010142040850837,2.2006431660304826,2.200963581103908,-0.10653200722434591
3.9599999999999596,0.3753213082130375,0.3709020288660648,0.5934304368177287,0.6173650173558308,-0.1398682817652976,-0.15853166508871228,0.38483176771354916,0.37932093051266674,4.91758247052542,4.914429552611635,0.48244498871340746,0.47534985753686293,0.37234606127848535,0.36806320378274365,4.914429552611635,4.9118044576333935,0.6097032713819489,0.6259258274911061,10.839168962028866,0.20672570628373788,0.37850907111903337,0.37523567360334487,2.2053458314508516,2.1841119664232274,-0.1044478286707981
3.9699999999999593,0.3789211589426526,0.3743850971570665,0.576562299506676,0.5938809206911155,-0.13904023201107493,-0.15589291067187447,0.3861073335731514,0.3818687896931458,4.9212437637680955,4.91758247052542,0.48073903911642446,0.4744589839856238,0.3753213082130375,0.3709020288660648,4.91758247052542,4.914429552611635,0.5906624340041675,0.6173650173558308,10.42715791944855,0.2635567704441616,0.3831896620907634,0.37932093051266674,2.212304749178396,2.224592481036197,-0.10007388682855728
3.979999999999959,0.3831224372873139,0.3783717848365598,0.555994490678055,0.5820061107862968,-0.13749310252408561,-0.15215789957883394,0.38741532041244614,0.382054511499221,4.92539087625983,4.9212437637680955,0.47895766872598744,0.4764764795696802,0.3789211589426526,0.3743850971570665,4.9212437637680955,4.91758247052542,0.5800512292716352,0.5938809206911155,10.019849208550964,0.31633157071693774,0.38289558120207995,0.3818687896931458,2.212489291762378,2.229397447318518,-0.09810469473312039
3.989999999999959,0.38789779123681273,0.3830612705976006,0.531807124842031,0.5409818519525371,-0.13523686209052094,-0.1379213585031414,0.3887476840630852,0.38837970255089005,4.929998282050971,4.92539087625983,0.4771011588411313,0.4740125363988678,0.3831224372873139,0.3783717848365598,4.92539087625983,4.9212437637680955,0.5461621622215521,0.5820061107862968,9.619782461314518,0.3635268162756382,0.3919717171200479,0.382054511499221,2.2127014012718575,2.2206634724153256,-0.09095126580126722
3.9999999999999587,0.3932158624852298,0.3881099355911555,0.5041027713978264,0.5316902629555164,-0.1322858185533639,-0.13226552323174542,0.3900962303966739,0.38660706698940783,4.935037641603334,4.929998282050971,0.47516980262628816,0.47739589139414684,0.38789779123681273,0.3830612705976006,4.929998282050971,4.92539087625983,0.5371145561006574,0.5409818519525371,9.229458888136037,0.39805706934215407,0.38982663404166745,0.38837970255089005,2.2077550250770748,2.2176379050575354,-0.08928595580299137
4.009999999999959,0.39904148115648325,0.3939730934728427,0.4730058699954941,0.5125956395636295,-0.1286585213266813,-0.11908048202367355,0.3914526622598619,0.392794251765084,4.940477974830766,4.935037641603334,0.4731639050649934,0.47959661848604523,0.3932158624852298,0.3881099355911555,4.935037641603334,4.929998282050971,0.5172144953310853,0.5316902629555164,8.851325153750041,0.41864806192198045,0.39739425216234636,0.38660706698940783,2.209686200903368,2.1953549469820928,-0.08562352501320253
4.019999999999959,0.4053358845068373,0.40038487237182024,0.43866200728916155,0.4621903693712971,-0.12437763887442106,-0.12271867834433135,0.39280863529594867,0.38826041584207505,4.946285849876165,4.940477974830766,0.47108378291172504,0.47549146818102284,0.39904148115648325,0.3939730934728427,4.940477974830766,4.935037641603334,0.4759217820614673,0.5125956395636295,8.487757270776367,0.42377634508021284,0.38930424889647686,0.392794251765084,2.2081186788805627,2.193610591907682,-0.07510659580920259
4.0299999999999585,0.41205695821828475,0.4069724578395522,0.40123705704699864,0.42914287616290797,-0.11946981212770891,-0.13373492408982243,0.3941558025396894,0.38634126557226584,4.95242558650487,4.946285849876165,0.4689297646418846,0.475515897778914,0.4053358845068373,0.40038487237182024,4.946285849876165,4.940477974830766,0.44321850152854203,0.4621903693712971,8.14104491935938,0.4171707625837005,0.38564528900576406,0.38826041584207505,2.204241598731798,2.178173407013816,-0.0685434399393618
4.039999999999958,0.4191594987325011,0.41406236610997404,0.36091618697747413,0.36319476232076564,-0.11396548486212814,-0.11408800760996814,0.39548587265334184,0.39582873230891286,4.958859472924568,4.95242558650487,0.4667021903999271,0.47066958792581404,0.41205695821828475,0.4069724578395522,4.95242558650487,4.946285849876165,0.3869461234497482,0.42914287616290797,7.813375777766613,0.3987908538048966,0.39965526746983804,0.38634126557226584,2.1960896402775685,2.190437827182492,-0.05660722181583999
4.049999999999958,0.4265954949259237,0.4212634479070961,0.3179027363424145,0.3376667435521742,-0.10789871224051065,-0.10846211745438503,0.3967906546776023,0.3924297482481608,4.96554799476527,4.958859472924568,0.46440141194564816,0.4744086808758919,0.4191594987325011,0.41406236610997404,4.958859472924568,4.95242558650487,0.35996045371359625,0.36319476232076564,7.506820703645282,0.37191145398525965,0.3966807001093863,0.39582873230891286,2.1839059226468356,2.1896677697347,-0.05314523296879581
4.059999999999958,0.43431442728674036,0.4291352555618023,0.27241697018625133,0.30461376378046673,-0.10130694872910366,-0.10495475599731506,0.3980621070601158,0.3925417931166201,4.9724500749207285,4.96554799476527,0.4620277925986372,0.47663730514559915,0.4265954949259237,0.4212634479070961,4.96554799476527,4.958859472924568,0.32249565862753726,0.3376667435521742,7.223319178648998,0.3369377143889962,0.3960691417360802,0.3924297482481608,2.1720417268579975,2.1593726543116643,-0.047502049583796835
4.069999999999958,0.44226358263575954,0.4373697734388056,0.22469471694433724,0.24738704906743803,-0.0942308167391673,-0.08970955037026505,0.39929239592365723,0.3987561463391684,4.979523322857393,4.9724500749207285,0.45958170718090496,0.474696367136157,0.43431442728674036,0.4291352555618023,4.9724500749207285,4.96554799476527,0.27055500042961916,0.30461376378046673,6.964665666248928,0.2934183403292298,0.40339572031783644,0.3925417931166201,2.1635400346625877,2.1496806806552247,-0.03732659369735136
4.079999999999957,0.4503883823281249,0.4456139269430552,0.17498589746943063,0.19795573708967112,-0.08671385744732739,-0.09212091375704495,0.4004739354989541,0.3936781461855228,4.986724291930864,4.979523322857393,0.4570635419576949,0.4739363391173003,0.44226358263575954,0.4373697734388056,4.979523322857393,4.9724500749207285,0.22180023942252797,0.24738704906743803,6.732497189235965,0.24168843961435207,0.39444181360131547,0.3987561463391684,2.1561169750623255,2.143026643670935,-0.028322412174245137
4.089999999999957,0.45863272178611847,0.45401726714372553,0.12355295536229743,0.14798977656239662,-0.07880226521505104,-0.055754152514937524,0.4015994355718661,0.41049380930177604,4.994008743241359,4.986724291930864,0.4544736945764872,0.4750343571456474,0.4503883823281249,0.4456139269430552,4.986724291930864,4.979523322857393,0.17313551985229417,0.19795573708967112,6.528281541056013,0.18202318861572378,0.4141845045681397,0.3936781461855228,2.1377218412358454,2.1219724934473794,-0.021017090001921868
4.099999999999957,0.4669393191516045,0.46253120547176935,0.07066919918093936,0.09051043964288064,-0.07054460718424409,-0.06745018263442133,0.40266195246906483,0.39532790389048855,5.00133191448936,4.994008743241359,0.45181257400420577,0.47259126242938826,0.45863272178611847,0.45401726714372553,4.994008743241359,4.986724291930864,0.11846161244653937,0.14798977656239662,6.353306958458047,0.11448117603547164,0.39910835917310505,0.41049380930177604,2.130508485668555,2.1191053685273356,-0.010060056957618912
4.109999999999957,0.475250070799412,0.47102685414468565,0.016617068381990868,0.04218133458888968,-0.061991529675343666,-0.07015238392774405,0.4036549202374132,0.40022642238233846,5.008648792266025,5.00133191448936,0.44908060046263776,0.47256429910949005,0.4669393191516045,0.46253120547176935,5.00133191448936,4.994008743241359,0.06954446416754384,0.09051043964288064,6.208673304151066,0.03928664729046273,0.40383450938279597,0.39532790389048855,2.1083277083628675,2.07153470317682,-0.001537444964804402
4.119999999999957,0.48350641142697937,0.47958135220530584,-0.0383136636650863,-0.03318902319729874,-0.05319545296585075,-0.05754641607471542,0.40457221107897917,0.40153948701642367,5.0159143862041935,5.008648792266025,0.44627820536207535,0.46756363277580626,0.475250070799412,0.47102685414468565,5.008648792266025,5.00133191448936,0.001514756746391262,0.04218133458888968,6.095284235245796,-0.04370560081344499,0.4061610633861126,0.40022642238233846,2.092422019656884,2.0967936458119505,0.012017719429499585
4.129999999999956,0.4916496764338676,0.4878280624805047,-0.09382773653438191,-0.07976216879981382,-0.044210256285893486,-0.043900408677845254,0.4054081517508743,0.40358425800121345,5.023084003368627,5.0159143862041935,0.4434058312331914,0.46864025327442416,0.48350641142697937,0.47958135220530584,5.0159143862041935,5.008648792266025,-0.049130896189175634,-0.03318902319729874,6.013841797866246,-0.1342636840166077,0.40826369510775784,0.40153948701642367,2.0782105488050813,2.0733359119598185,0.01918780920608054
4.139999999999956,0.4996214643104059,0.49613377588918006,-0.14962628406783746,-0.12049883880799861,-0.03509095458630001,-0.04032655522693844,0.4061575712698123,0.4001891201703976,5.030113521296026,5.023084003368627,0.44046393165715836,0.47034895728562937,0.4916496764338676,0.4878280624805047,5.023084003368627,5.0159143862041935,-0.09097151512481724,-0.07976216879981382,5.964841521241861,-0.23218839199479746,0.40015639026089833,0.40358425800121345,2.056348143957184,2.0511234520056085,0.025784818603550697
4.149999999999956,0.507363996794839,0.504403831587967,-0.2054087363039431,-0.17499763634617976,-0.025893369003396186,-0.002873671343026331,0.40681583047112524,0.4160389675797039,5.036959658010916,5.030113521296026,0.43745297119402293,0.4704256093491371,0.4996214643104059,0.49613377588918006,5.030113521296026,5.023084003368627,-0.14531506531495617,-0.12049883880799861,5.948570098786334,-0.3375380198943976,0.4196206464115983,0.4001891201703976,2.0382971972575885,2.025365007253213,0.0339782222388299
4.159999999999956,0.51482047459475,0.5123483951048817,-0.26087472665837075,-0.23784619318379363,-0.01667379275433578,-0.016389449704636648,0.40737885290048337,0.39864572599508735,5.043580237424122,5.036959658010916,0.4343734253093464,0.4662542277771923,0.507363996794839,0.504403831587967,5.036959658010916,5.030113521296026,-0.20512201204517005,-0.17499763634617976,5.965104343175189,-0.45036971791549485,0.4016810752513222,0.4160389675797039,2.0214989919982975,2.0163219913198542,0.04609416732768945
4.1699999999999555,0.5219354265321422,0.5198446040569001,-0.3157259897161891,-0.28768510333073,-0.007488654307996114,-0.019116790657583684,0.4078431424693349,0.40540792780965235,5.049934448539455,5.043580237424122,0.43122578029912323,0.4650184303472872,0.51482047459475,0.5123483951048817,5.043580237424122,5.036959658010916,-0.2562084782306753,-0.23784619318379363,6.014311922853451,-0.5706069840309504,0.407515868757212,0.39864572599508735,2.003055903133876,1.9628646661029765,0.05482617370961296
4.179999999999955,0.5286550500409312,0.5270195176484308,-0.3696682350016882,-0.3419991410154125,0.001605820377159917,0.0161205528827765,0.40820582399939453,0.41394673422879213,5.055983096863764,5.049934448539455,0.4280105332129891,0.46406061734528603,0.5219354265321422,0.5198446040569001,5.049934448539455,5.043580237424122,-0.3099599879178707,-0.28768510333073,6.095853443275825,-0.6982348371263016,0.41897011298838227,0.40540792780965235,1.9781556565045404,1.9969412938176683,0.06295890030314477
4.189999999999955,0.5349275410282452,0.5337493380461901,-0.4224129836008378,-0.39213405480143765,0.010553944564671323,0.02447692864936802,0.4084646381108763,0.4087046680686104,5.061688846482104,5.055983096863764,0.4247281917757313,0.4623834223116872,0.5286550500409312,0.5270195176484308,5.055983096863764,5.049934448539455,-0.36022742364686977,-0.3419991410154125,6.209186794421541,-0.8332034058836515,0.4114458259447836,0.41394673422879213,1.963199490058537,1.9597686607405504,0.07136591573450285
4.199999999999955,0.5407034111922369,0.5400260418830372,-0.47367935350096446,-0.4539934040074265,0.01930090475967775,0.0066525536396740415,0.4086179684232086,0.3988743993352042,5.067016451310453,5.061688846482104,0.42137927430711286,0.45654989898378856,0.5349275410282452,0.5337493380461901,5.061688846482104,5.055983096863764,-0.42010213866996354,-0.39213405480143765,6.353571813621075,-0.9755745509399286,0.3967621980627757,0.4087046680686104,1.9392934971864648,1.9163298217625782,0.0834761428992486
4.209999999999955,0.5459357909945588,0.5456717023686954,-0.5231957827403027,-0.5084783690790325,0.027793090002996054,0.036452148535564846,0.4086648553815915,0.4148841315381307,5.071932974031888,5.067016451310453,0.41796430964002396,0.45388133652361234,0.5407034111922369,0.5400260418830372,5.067016451310453,5.061688846482104,-0.474860601749055,-0.4539934040074265,6.528077256858914,-1.1253107088340586,0.4159943194127607,0.3988743993352042,1.92064632418578,1.9067382531306976,0.0917903658450831
4.2199999999999545,0.5505807165731077,0.5507454388154938,-0.5707016790779541,-0.5516817203637409,0.03597841464702139,0.04779869970473896,0.4086049970216705,0.4101845227914052,5.076407991370241,5.071932974031888,0.41448383703697306,0.45220749727774523,0.5459357909945588,0.5456717023686954,5.071932974031888,5.067016451310453,-0.518304749183331,-0.5084783690790325,6.731588743822426,-1.2822556519102901,0.4138129251979419,0.4148841315381307,1.9048518475468745,1.9155055860505497,0.09853794153774853
4.229999999999954,0.5545973989863058,0.5553304046634034,-0.6159489862537686,-0.5990157846164397,0.04380663284149692,0.04716947844140107,0.4084387428585263,0.4076516307853348,5.08041378437952,5.076407991370241,0.41093840610493115,0.4483966104274368,0.5505807165731077,0.5507454388154938,5.076407991370241,5.071932974031888,-0.5675990053348574,-0.5516817203637409,6.962817535513294,-1.4463800127929112,0.4081634331730656,0.4101845227914052,1.8883734354808213,1.8688567721985645,0.10693379423596666
4.239999999999954,0.5579484742867208,0.5592434260602639,-0.6587036583943956,-0.6439924126925916,0.05122964295234838,0.04926039846266376,0.4081671103026577,0.4063182449388443,5.083925512468185,5.08041378437952,0.4073285767085423,0.4444737298164978,0.5545973989863058,0.5553304046634034,5.08041378437952,5.076407991370241,-0.6128843889228756,-0.5990157846164397,7.2203101658946105,-1.6175604345271535,0.4056816993046685,0.4076516307853348,1.8671771084197732,1.8571080301301355,0.1147696962437661
4.249999999999954,0.5606002330278911,0.5623786907396674,-0.6987470360710987,-0.6961182087645412,0.058201780010979205,0.06869955357255021,0.4077917666434999,0.41267846614858417,5.086921370058398,5.083925512468185,0.4036549188817146,0.4389758434343427,0.5579484742867208,0.5592434260602639,5.083925512468185,5.08041378437952,-0.6647190877224224,-0.6439924126925916,7.502459600476049,-1.795823930292214,0.41631412995915384,0.4063182449388443,1.84620973259619,1.8453251542317297,0.12340284730532469
4.259999999999954,0.5625228279090655,0.5645839769705304,-0.7358771170332506,-0.733065984260197,0.06468009464465113,0.07537392620718021,0.40731502067868997,0.41004996113292574,5.089382724817579,5.086921370058398,0.3999180127376054,0.4353948363714948,0.5606002330278911,0.5623786907396674,5.086921370058398,5.083925512468185,-0.6999261696113088,-0.6961182087645412,7.807516247774166,-1.9806444758371757,0.4116223853022166,0.41267846614858417,1.8360778154610498,1.8326456813772714,0.12918914059903563
4.269999999999953,0.5636904583822758,0.5660178074785618,-0.7699097172376228,-0.765447611147068,0.07062461675208781,0.06539703793575731,0.4067398071929616,0.4027514322759053,5.091294236483666,5.089382724817579,0.39611844837701443,0.431095111347864,0.5625228279090655,0.5645839769705304,5.089382724817579,5.086921370058398,-0.7321599643726583,-0.733065984260197,8.13359986919461,-2.171323237707802,0.4001617444862594,0.41004996113292574,1.816546926315473,1.805862423503525,0.1349226961306978
4.279999999999953,0.5640815311536512,0.5666853101229224,-0.8006795181795406,-0.7951651001046365,0.07599860234219141,0.08402181774552366,0.4060696748655458,0.4122163685605187,5.092643955473568,5.091294236483666,0.39225682579520016,0.42771758307639235,0.5636904583822758,0.5660178074785618,5.091294236483666,5.089382724817579,-0.765561042725192,-0.765447611147068,8.478711830387704,-2.3671594419717397,0.41400531292415205,0.4027514322759053,1.7991243983549006,1.792565732438321,0.1389677270465301
4.289999999999953,0.5636787956278585,0.5665622767177876,-0.8280409977178643,-0.8412748328510009,0.0807687619670034,0.08153821293822697,0.40530876092059187,0.4045373967408355,5.093423400601114,5.092643955473568,0.38833375478713356,0.4185641254551772,0.5640815311536512,0.5666853101229224,5.092643955473568,5.091294236483666,-0.8167489349509066,-0.7951651001046365,8.840747878555963,-2.56913066900787,0.40308751699116613,0.4122163685605187,1.7851201012807374,1.7963100162022108,0.1479981512626104
4.299999999999953,0.562469453462548,0.5654359396721955,-0.8518692418293867,-0.8707862839925518,0.08490546935354995,0.08530775309622353,0.40446175923849775,0.40577176780535046,5.09362761528113,5.093423400601114,0.38434985485120454,0.41280551299304474,0.5636787956278585,0.5665622767177876,5.093423400601114,5.092643955473568,-0.8414687306422608,-0.8412748328510009,9.217510905522019,-2.774488694112207,0.40494075966204907,0.4045373967408355,1.7697076498713205,1.7661256203015143,0.15263042667915078
4.3099999999999525,0.5604452415275588,0.563535999523648,-0.8720606356153294,-0.8840759072950672,0.0883829488920268,0.1032419964116735,0.40353390426338387,0.4120830777619818,5.0932552017930695,5.09362761528113,0.3803057550913958,0.4095212366582714,0.562469453462548,0.5654359396721955,5.09362761528113,5.093423400601114,-0.8536823469931887,-0.8707862839925518,9.606723795443463,-2.9782700685272805,0.41503557639575195,0.40577176780535046,1.7592141303698894,1.7636691879123592,0.15401476286537658
4.319999999999952,0.5576024876943333,0.5609884417014347,-0.8885334328699362,-0.9083073766439284,0.09117944061557787,0.09849047906635741,0.4025309269978904,0.40431991308744397,5.09230833331739,5.0932552017930695,0.3762020941179401,0.40253488176340746,0.5604452415275588,0.563535999523648,5.0932552017930695,5.09362761528113,-0.8865514024516634,-0.8840759072950672,10.00604291814148,-3.182908349578358,0.402653544840304,0.4120830777619818,1.7498348232606156,1.7551315526969629,0.15845355993802723
4.329999999999952,0.5539421390127967,0.5575649944181998,-0.9012282025331472,-0.9086181322813834,0.09327734165794402,0.08651000341538398,0.4014590230203429,0.3988760313970004,5.090792743537332,5.09230833331739,0.3720395199464763,0.39874887578313506,0.5576024876943333,0.5609884417014347,5.09230833331739,5.0932552017930695,-0.8844160315562498,-0.9083073766439284,10.413071039544379,-3.3781807681796976,0.3940138241588077,0.40431991308744397,1.7360959158124742,1.7297853098767004,0.15881611863506478
4.339999999999952,0.549469761984864,0.5534901736727397,-0.9101081518594664,-0.9186875885210496,0.09466332307356748,0.08782888489783598,0.4003248198063443,0.4019381022393826,5.088717693856627,5.090792743537332,0.3678186898957202,0.3929498408458771,0.5539421390127967,0.5575649944181998,5.090792743537332,5.09230833331739,-0.8971987743548653,-0.9086181322813834,10.825370688744218,-3.56641286797581,0.39940385224731595,0.3988760313970004,1.7298555838349685,1.730129831883314,0.1605403328268626
4.349999999999952,0.5441955147899237,0.5485278265877845,-0.915159325695749,-0.9440900968732889,0.0953284211058693,0.08341614865064165,0.3991353279054398,0.39594977307645296,5.086095918335045,5.088717693856627,0.36354027048366616,0.3828104794655362,0.549469761984864,0.5534901736727397,5.088717693856627,5.090792743537332,-0.9321934170102155,-0.9186875885210496,11.240477633206938,-3.753360290091747,0.3911318425675415,0.4019381022393826,1.7181768013294976,1.7418439220098538,0.16571734712224834
4.3599999999999515,0.5381340914767193,0.5425110541675106,-0.9163906809641678,-0.9366732618358602,0.09526810220934122,0.09711033187855547,0.3978978970231343,0.40347440338503954,5.082943546627809,5.086095918335045,0.3592049373223364,0.3791105500072464,0.5441955147899237,0.5485278265877845,5.086095918335045,5.088717693856627,-0.9179534001767269,-0.9440900968732889,11.655914017193382,-3.934246908508351,0.40354933698543716,0.39594977307645296,1.7113132142577931,1.7243521998977693,0.16340050416026414
4.369999999999951,0.5313046383056405,0.5358902584825607,-0.913834036159931,-0.9399071579826426,0.09448230116253088,0.1165326121231944,0.3966201768698332,0.4064956035897677,5.079280005393309,5.082943546627809,0.35481337501109383,0.3728605648091516,0.5381340914767193,0.5425110541675106,5.082943546627809,5.086095918335045,-0.9234544829954857,-0.9366732618358602,12.069201717779984,-4.0982708323845465,0.40940285524202524,0.40347440338503954,1.708040021293379,1.7310992772428635,0.16302969367340908
4.379999999999951,0.5237306425944472,0.5284451680549362,-0.9075438955796136,-0.9331970436477297,0.0929754317683615,0.09790276785188323,0.39531006097179133,0.39444787349780724,5.075127898733045,5.079280005393309,0.35036627702853607,0.36596520707987285,0.5313046383056405,0.5358902584825607,5.079280005393309,5.082943546627809,-0.9198783129226785,-0.9399071579826426,12.47787591648264,-4.243175967190866,0.39178796500615665,0.4064956035897677,1.706257563251814,1.705562987968945,0.1624799609750634
4.389999999999951,0.5154397945959334,0.5202947079162253,-0.897597147535508,-0.9139836440879828,0.09075636991344675,0.09768925742818757,0.3939756454349117,0.3999687268197112,5.070512868408791,5.075127898733045,0.3458643456229869,0.3615417464955201,0.5237306425944472,0.5284451680549362,5.075127898733045,5.079280005393309,-0.9057431850205905,-0.9331970436477297,12.879498269476178,-4.372764407621091,0.39823354881835343,0.39444787349780724,1.7052806648070107,1.690351103019307,0.15875296142070522
4.399999999999951,0.5064638231205821,0.5115360150943608,-0.8840926369028987,-0.9038628195094723,0.08783840876248868,0.0987325567118666,0.3926251797882474,0.39955372364097275,5.065463434695971,5.070512868408791,0.3413082917016034,0.3546708653807836,0.5154397945959334,0.5202947079162253,5.070512868408791,5.075127898733045,-0.8970525403468788,-0.9139836440879828,13.271670524592643,-4.4909611447860565,0.396470030219623,0.3999687268197112,1.7078769031269576,1.717403030788843,0.15686514971357718
4.40999999999995,0.4968383057942786,0.5020037668715264,-0.8671506118832103,-0.8939930046940594,0.08423918616062845,0.09272286402629235,0.3912670039922528,0.3969552939867358,5.0600108188825805,5.065463434695971,0.33669883471811507,0.3466487194823749,0.5064638231205821,0.5115360150943608,5.065463434695971,5.070512868408791,-0.8892387622110437,-0.9038628195094723,13.65204793749664,-4.599647703359241,0.393235221511842,0.39955372364097275,1.7123392233416914,1.7148088689175016,0.15535504738915146
4.41999999999995,0.4866024550250481,0.49174614031339947,-0.8469120452870844,-0.8607681055309917,0.07998058452052262,0.0890595427722971,0.3899095075868623,0.396477340612723,5.054188748564944,5.0600108188825805,0.3320367025592142,0.3425235627467344,0.4968383057942786,0.5020037668715264,5.0600108188825805,5.065463434695971,-0.8618979427123906,-0.8939930046940594,14.018352262749472,-4.699075092127817,0.39291807611674023,0.3969552939867358,1.7124047873781392,1.7170483726007664,0.14922257756666507
4.42999999999995,0.47579888093362205,0.48106159099054474,-0.8235378320614151,-0.8331763105682465,0.07508860348365155,0.07707907725263866,0.38856107448639915,0.39169141305648586,5.048033246968418,5.054188748564944,0.3273226314296138,0.33632945561387556,0.4866024550250481,0.49174614031339947,5.054188748564944,5.0600108188825805,-0.8358238584994857,-0.8607681055309917,14.368385255228933,-4.789906268725027,0.387181663637012,0.396477340612723,1.7160213451049366,1.724259775576303,0.14473213537666918
4.43999999999995,0.46447333266926216,0.4698000245324104,-0.7972078644072422,-0.8183255223684318,0.06959320601414784,0.06996753389441306,0.38723002950674895,0.3917964492212989,5.041582407674544,5.048033246968418,0.3225573657357925,0.3272782265512149,0.47579888093362205,0.48106159099054474,5.048033246968418,5.054188748564944,-0.8219350135968979,-0.8331763105682465,14.700041617530166,-4.872737907404429,0.38694812386289373,0.39169141305648586,1.7228630473674207,1.729198762825739,0.14252179798119546
4.4499999999999496,0.4526744197015425,0.4578538759380323,-0.7681199872147897,-0.8027510685082252,0.06352813869311585,0.0559160551810787,0.3859245891889717,0.3854876883058843,5.034876156241822,5.041582407674544,0.3177416579684441,0.31737858025988863,0.46447333266926216,0.4698000245324104,5.041582407674544,5.048033246968418,-0.8071158627398959,-0.8183255223684318,15.01132173508568,-4.947821941733199,0.3801737681735264,0.3917964492212989,1.7267296057812624,1.746583438602333,0.14047529567814365
4.459999999999949,0.4404533148320027,0.4453671104690583,-0.7364888374976158,-0.7597155382349009,0.05693072716281103,0.043870475039129095,0.38465280751587655,0.3841481011203578,5.027956000231701,5.034876156241822,0.3128762685836505,0.31236842339642173,0.4526744197015425,0.4578538759380323,5.034876156241822,5.041582407674544,-0.7693866391543113,-0.8027510685082252,15.300344175664696,-5.015153147930389,0.37730568052312397,0.3854876883058843,1.7342774851518934,1.7491049072229314,0.13299868707263657
4.469999999999949,0.4278634408098705,0.4327154826607245,-0.7025445723477756,-0.7313422204401165,0.04984164790087234,0.053204370494270084,0.38342253046658603,0.39029123742346616,5.020864769291113,5.027956000231701,0.30796196588279684,0.30598878955710834,0.4404533148320027,0.4453671104690583,5.027956000231701,5.034876156241822,-0.7404017316434915,-0.7597155382349009,15.565357582140576,-5.074859398399819,0.3898826153713586,0.3841481011203578,1.746096920800308,1.770459970770746,0.12672669310361617
4.479999999999949,0.41496014256347125,0.4196526565530542,-0.6665314914035823,-0.6711393325439147,0.04230467763056649,0.03828435679032097,0.38224134296212336,0.38176637023342047,5.013646347035612,5.020864769291113,0.3029995258912481,0.30443104516622643,0.4278634408098705,0.4327154826607245,5.020864769291113,5.027956000231701,-0.6906925008179466,-0.7313422204401165,15.804752224376113,-5.126989751710348,0.3776782580215707,0.39029123742346616,1.7595853101896164,1.7815062082584956,0.1152216113868278
4.489999999999949,0.40180034716613666,0.4065710046124072,-0.6287065606318106,-0.6512008023196219,0.03436642192210506,0.031140306716577873,0.3811165226532773,0.38450147259390227,5.006345396432008,5.013646347035612,0.2979897322358054,0.2942409563435162,0.41496014256347125,0.4196526565530542,5.013646347035612,5.020864769291113,-0.6748334167628247,-0.6711393325439147,16.017070630167417,-5.171631365866469,0.3798188391930971,0.38176637023342047,1.7711976410942873,1.7759051823119592,0.11233004826889098
4.4999999999999485,0.38844221374795596,0.3929334378364773,-0.5893378457890146,-0.6168605769909702,0.026076024651902067,0.041841449387333536,0.38005500230504863,0.39178824339559853,4.999007080479352,5.006345396432008,0.2929333760209622,0.287572801833079,0.40180034716613666,0.4065710046124072,5.006345396432008,5.013646347035612,-0.6328802710185675,-0.6512008023196219,16.201017565185378,-5.2088002228982555,0.393642767285558,0.38450147259390227,1.7920361037026302,1.8060930805853561,0.10536063600339829
4.509999999999948,0.37494477563406814,0.3791084171191416,-0.5487028650427871,-0.5743192269302625,0.01748486014823622,0.059318206859790175,0.37906331658987447,0.39595297796618806,4.991676780056953,4.999007080479352,0.28783125570398005,0.28254509053587684,0.38844221374795596,0.3929334378364773,4.999007080479352,5.006345396432008,-0.5932579166902394,-0.6168605769909702,16.355469293905706,-5.238514005332825,0.40063470905276966,0.39178824339559853,1.7989154917377832,1.8197210851856656,0.09656332658326477
4.519999999999948,0.3613675770398932,0.3652460001481088,-0.5070868709130918,-0.5334712154988396,0.008646210090557561,0.032516317338515316,0.3781475667697285,0.3824306086896888,4.984399810715063,4.991676780056953,0.2826841769688026,0.2749454492274085,0.37494477563406814,0.3791084171191416,4.991676780056953,4.999007080479352,-0.5541548071795024,-0.5743192269302625,16.47948132216022,-5.26078429272164,0.38117276085046853,0.39595297796618806,1.8155747695553888,1.8045930509439745,0.09030055092070033
4.529999999999948,0.3477703066872235,0.35134605986790685,-0.4647810733951937,-0.4852476738957434,-0.0003850727591706779,0.006076742632207543,0.3773133855919438,0.38290155318641766,4.977221140265878,4.984399810715063,0.277492952598829,0.26877052685559344,0.3613675770398932,0.3652460001481088,4.984399810715063,4.991676780056953,-0.508490963790541,-0.5334712154988396,16.572295441582206,-5.275617208221242,0.3770749927713877,0.3824306086896888,1.8350040329615034,1.8010906660247425,0.0825755330123134
4.539999999999948,0.33421243071138973,0.33753064595740195,-0.42208081651243723,-0.4341324576334961,-0.009552911724053903,-0.001878981235160596,0.37656590576878046,0.38296252628209343,4.970185109006358,4.977221140265878,0.27225840234856585,0.263899466136304,0.3477703066872235,0.35134605986790685,4.977221140265878,4.984399810715063,-0.4594552315778156,-0.4852476738957434,16.633345496909755,-5.283016772695234,0.37858211453576945,0.38290155318641766,1.8499791819850282,1.8619218025258721,0.07363117982109796
4.549999999999947,0.32075282722115406,0.3238421254785212,-0.3792837213269525,-0.39956547093549943,-0.01880036191991779,-0.011405376429097093,0.37590971683533825,0.38222336122757894,4.963335154311323,4.970185109006358,0.2669813528141785,0.25545793356031843,0.33421243071138973,0.33753064595740195,4.970185109006358,4.977221140265878,-0.42487319162497444,-0.4341324576334961,16.662261886012026,-5.282986125454121,0.3784838844615849,0.38296252628209343,1.8720237756733207,1.8816685646351674,0.06838419191820277
4.559999999999947,0.30744942484493426,0.31013312297515766,-0.3366878087197677,-0.3454300362616768,-0.028069972015762175,-0.04192743691200988,0.3753488453215921,0.37137255909096833,4.956713541385027,4.963335154311323,0.2616626373029619,0.25041116847130757,0.32075282722115406,0.3238421254785212,4.963335154311323,4.970185109006358,-0.3716916505482895,-0.39956547093549943,16.658874298320896,-5.2755262133614185,0.3665870291872765,0.38222336122757894,1.888935094280882,1.9010383368491834,0.059721954503850094
4.569999999999947,0.2943588475537608,0.29672631185772985,-0.29458961610567835,-0.31190974145614725,-0.037304149609796715,-0.04274665694243457,0.37488672977428017,0.3805053437929081,4.950361101875942,4.956713541385027,0.2563030957017518,0.2423818997469742,0.30744942484493426,0.31013312297515766,4.956713541385027,4.963335154311323,-0.33850093380498675,-0.3454300362616768,16.623213630507166,-5.260638115449073,0.3784153266021107,0.37137255909096833,1.9102872671088715,1.9180618729223258,0.05434441211075566
4.579999999999947,0.2815360679867533,0.28341876450499925,-0.2532823217225869,-0.2747980035071134,-0.04644552765066018,-0.06470004076102308,0.37452620230589734,0.3673042685345075,4.944316981946023,4.950361101875942,0.2509035743442968,0.23454673910375234,0.2943588475537608,0.29672631185772985,4.950361101875942,4.956713541385027,-0.2988082998323113,-0.31190974145614725,16.555512267597084,-5.238322212445119,0.36300031223259693,0.3805053437929081,1.9292374694976282,1.9648477252895569,0.04887202540124691
4.589999999999947,0.2690340714321965,0.27036741636352,-0.21305389023279725,-0.22109226601772822,-0.05543732935584769,-0.07046168383793605,0.3742694614291501,0.37496153860426684,4.938618401380038,4.944316981946023,0.24546492587761246,0.23125066747585563,0.2815360679867533,0.28341876450499925,4.944316981946023,4.950361101875942,-0.24740092764844424,-0.2747980035071134,16.456203049576665,-5.208578623897846,0.37110114925203014,0.3673042685345075,1.9451955794525506,1.9525828168356596,0.03911674888766439
4.599999999999946,0.25690353252986853,0.2578181179461278,-0.17418525281407332,-0.18945645472246453,-0.06422372904673994,-0.06269277898291695,0.3741180752067091,0.3777165288770554,4.933300425213128,4.938618401380038,0.2399880091273385,0.22406383001623836,0.2690340714321965,0.27036741636352,4.938618401380038,4.944316981946023,-0.21713426891035323,-0.22109226601772822,16.325916509367605,-5.171407604840622,0.3769320540340816,0.37496153860426684,1.9699353371315236,2.003000796908468,0.03375428792988944
4.609999999999946,0.24519250666439618,0.24555312353020184,-0.13694853492046888,-0.1387524287021085,-0.07275020645893165,-0.08348890785810359,0.3740729546714962,0.3707169683340755,4.9283957492259045,4.933300425213128,0.23447368896212026,0.22033458094445965,0.25690353252986853,0.2578181179461278,4.933300425213128,4.938618401380038,-0.16434306833098167,-0.18945645472246453,16.1654775191221,-5.126809150743157,0.3663689806683507,0.3777165288770554,1.9918012977481343,2.001399099173164,0.025218542585742187
4.619999999999946,0.23394613790923943,0.23384512793266696,-0.10160534331637547,-0.105957162064454,-0.08096389197980158,-0.07052416401821177,0.3741343608936448,0.38325314577073955,4.923934500622676,4.9283957492259045,0.2289228361570358,0.21459309457549008,0.24519250666439618,0.24555312353020184,4.9283957492259045,4.933300425213128,-0.1328250272181528,-0.1387524287021085,15.975899704475898,-5.074783371418746,0.3838750083302928,0.3707169683340755,2.0086651698415334,2.0153712362347966,0.019252033357176873
4.629999999999946,0.2232063852720979,0.22251955269973794,-0.06840512415681807,-0.07392325503666847,-0.08881390051676044,-0.07931673691905725,0.3743019030051013,0.3756322045132077,4.919944055048998,4.923934500622676,0.2233363272560906,0.20834588151171884,0.23394613790923943,0.23384512793266696,4.923934500622676,4.9283957492259045,-0.09868583964423089,-0.105957162064454,15.758379467160662,-5.015330303492634,0.37453868127881346,0.38325314577073955,2.028273731206494,2.0479963025461703,0.014173671188019099
4.6399999999999455,0.21301176886757686,0.21170226324178118,-0.03758360227730624,-0.046713558107444784,-0.0962516516862042,-0.09300077893187299,0.3745745310140438,0.37728507945002576,4.916448870994414,4.919944055048998,0.21771504443380096,0.20132649216185583,0.2232063852720979,0.22251955269973794,4.919944055048998,4.923934500622676,-0.07291640254613045,-0.07392325503666847,15.514288494004852,-4.948449991717069,0.3777251028522051,0.3756322045132077,2.055541170660604,2.033047717467099,0.01037577107992535
4.649999999999945,0.2033971375196893,0.20150040845398506,-0.00936131108259326,-0.018680880566517413,-0.10323117415105644,-0.1039069025284172,0.37495055794873433,0.37497501785556475,4.913470342550699,4.916448870994414,0.21205987535588852,0.19557267511105916,0.21301176886757686,0.21170226324178118,4.916448870994414,4.919944055048998,-0.04051459161291543,-0.046713558107444784,15.245164927011253,-4.874142432934026,0.37229759594066353,0.37728507945002576,2.066672538500895,2.0717859411056407,0.0059277333429259005
4.659999999999945,0.19439345916697773,0.19203941023975407,0.016057778141024364,0.018527453823404934,-0.10970939215951084,-0.10145578121372963,0.37542765740049594,0.3807464771994895,4.911026671322234,4.913470342550699,0.20637171303910748,0.19318764285989748,0.2033971375196893,0.20150040845398506,4.913470342550699,4.916448870994414,-0.0020048492482062086,-0.018680880566517413,14.952704253338435,-4.792407609023528,0.38324492184148645,0.37497501785556475,2.0893184411340084,2.0858653248345314,-0.0011482326201434079
4.669999999999945,0.18602763530484476,0.18346153013104705,0.0384875203398586,0.0483653562269888,-0.11564639236433322,-0.10192824446581422,0.37600288465180404,0.38056681435791123,4.909132758199369,4.911026671322234,0.2006514557102269,0.1897953141728579,0.19439345916697773,0.19203941023975407,4.911026671322234,4.913470342550699,0.02615063359954916,0.018527453823404934,14.638748477114454,-4.703245547081452,0.3835504207636176,0.3807464771994895,2.100667508779427,2.108752016557187,-0.0063337840418108415
4.679999999999945,0.1783223405644913,0.175645700683059,0.05776074730492272,0.06873905223576497,-0.12100566929201488,-0.11096939940091462,0.37667269055387115,0.37845980545432767,4.907800115554478,4.909132758199369,0.19490000666419038,0.18493401153404757,0.18602763530484476,0.18346153013104705,4.909132758199369,4.911026671322234,0.04082208819426661,0.0483653562269888,14.305275004743079,-4.60665631511347,0.37753975553497277,0.38056681435791123,2.1186986242984527,2.109923633665179,-0.00928831085098858
4.689999999999944,0.1712958883815374,0.16847742963610757,0.07373029916745807,0.08715297581010774,-0.12575434793994839,-0.13193903966439668,0.3774329489841394,0.37307536317099316,4.9070368002937474,4.907800115554478,0.1891182741214752,0.17989782137271698,0.1783223405644913,0.175645700683059,4.907800115554478,4.909132758199369,0.06225204773950675,0.06873905223576497,13.95438445680092,-4.502639931567981,0.36978509248506064,0.37845980545432767,2.133298165439086,2.120336260842192,-0.011420391736609414
4.699999999999944,0.16496212356134338,0.1619716734172375,0.0862699316575825,0.0989206680194951,-0.12986338222200497,-0.13891031467554313,0.3782789794499002,0.3762788008545317,4.906847368104623,4.9070368002937474,0.1833071710846738,0.174977751833425,0.1712958883815374,0.16847742963610757,4.9070368002937474,4.907800115554478,0.07571724308485293,0.08715297581010774,13.588288063776172,-4.39119648314141,0.376371840931412,0.37307536317099316,2.1476337258202314,2.1409435275340996,-0.013006078416187505
4.709999999999944,0.159330342394614,0.1561014983032839,0.0952750949600737,0.113439697427541,-0.13330772813791353,-0.12879944164421758,0.37920557617478473,0.38359490830643206,4.907232849064592,4.906847368104623,0.1774676151943201,0.17196740023322477,0.16496212356134338,0.1619716734172375,4.906847368104623,4.9070368002937474,0.09435930566540913,0.0989206680194951,13.20929419651724,-4.2723260116664665,0.3867798731803257,0.3762788008545317,2.1620306351068597,2.1712688302464893,-0.015865901929940862
4.719999999999944,0.1544052408212864,0.1509602946163991,0.10066358046323107,0.11392656715955365,-0.13606649077013186,-0.11690597110464863,0.3802070363934261,0.3867941839746422,4.908190744658656,4.907232849064592,0.17160052858398356,0.1672464463474487,0.159330342394614,0.1561014983032839,4.907232849064592,4.906847368104623,0.09564905268653512,0.113439697427541,12.81979441335676,-4.1460288809262495,0.39247027966596026,0.38359490830643206,2.171897160671515,2.1836567256489716,-0.01628615173104961
4.729999999999944,0.15018689097875546,0.14643403700783658,0.1023760323620234,0.11324728189270677,-0.13812304439611128,-0.10876242567347147,0.38127719833478546,0.3893583221287389,4.909715046175518,4.908190744658656,0.1657068377346533,0.1628306552633808,0.1544052408212864,0.1509602946163991,4.908190744658656,4.907232849064592,0.09789018709175448,0.11392656715955365,12.42224888273507,-4.012305600834558,0.3955408692915535,0.3867941839746422,2.1831681993387977,2.17276954730303,-0.016396618255544226
4.739999999999943,0.14667074630497626,0.14260203767012006,0.10037632145355321,0.10194962206890033,-0.13946512522965465,-0.13229464194445736,0.3824094812037266,0.3805384001411945,4.911796274267408,4.909715046175518,0.1597874733284363,0.1557188228470393,0.15018689097875546,0.14643403700783658,4.909715046175518,4.908190744658656,0.0903469765457565,0.11324728189270677,12.019171537593282,-3.871157702062699,0.3801091272645168,0.3893583221287389,2.194836002255169,2.1667682483850936,-0.013116785176919249
4.749999999999943,0.14384767519585676,0.1394149878983056,0.09465177905847853,0.10735189197710375,-0.14008489648292566,-0.13894993588048538,0.3835969230019526,0.3849512421974373,4.91442153936969,4.911796274267408,0.15384337010159171,0.15305248554240986,0.14667074630497626,0.14260203767012006,4.911796274267408,4.909715046175518,0.10080454875752738,0.10194962206890033,11.613114809913963,-3.72258563064529,0.3871532347293878,0.3805384001411945,2.2026149500979004,2.1757478859792707,-0.013637497644104268
4.759999999999943,0.14170402304268778,0.13712414346825363,0.08521328950278663,0.09677458130287352,-0.13997898561978314,-0.15086693152797942,0.38483222603446054,0.37915633798566545,4.917574622576082,4.91442153936969,0.14787546669692533,0.14707844683857896,0.14384767519585676,0.1394149878983056,4.91442153936969,4.911796274267408,0.08865900391578507,0.10735189197710375,11.206653892587497,-3.5665951774315,0.37673048552878563,0.3849512421974373,2.2049118176475764,2.209728796155866,-0.009954303370325324
4.769999999999943,0.14022170229915218,0.13548801658082466,0.07209523993162793,0.09246017523482056,-0.13914849387892958,-0.15073726492650777,0.38610779266678724,0.3827548331905018,4.921236076438477,4.917574622576082,0.14188470551556687,0.14429852552252498,0.14170402304268778,0.13712414346825363,4.917574622576082,4.91442153936969,0.08973332494433696,0.09677458130287352,10.802370874752416,-3.403190870918997,0.38384262605559927,0.37915633798566545,2.209656059106477,2.2073282182583998,-0.008810508941700324
4.7799999999999425,0.1393783100480617,0.13459685380375963,0.05535532698194028,0.07026808959453971,-0.137598978271882,-0.1494569439797813,0.3874157815755592,0.38279305212690234,4.925383345039117,4.921236076438477,0.13587203256815394,0.13869102666733632,0.14022170229915218,0.13548801658082466,4.921236076438477,4.917574622576082,0.06985100968352938,0.09246017523482056,10.402838340672307,-3.232400025625489,0.3832662045985087,0.3827548331905018,2.209958426208687,2.2224254008384685,-0.004094172863576689
4.789999999999942,0.13914727236059812,0.13422511140349772,0.03507421997813932,0.05136947068569787,-0.13534040650713144,-0.13760823901475053,0.3887481475248603,0.3887870644148939,4.929990902584289,4.925383345039117,0.1298383973254461,0.13519482353645704,0.1393783100480617,0.13459685380375963,4.925383345039117,4.921236076438477,0.05405986366839942,0.07026808959453971,10.010603364336738,-3.054271153640322,0.3922857787672356,0.38279305212690234,2.214002029927664,2.2182883947127467,-0.0009697121329593217
4.799999999999942,0.13949801456037494,0.13447548205043167,0.011355081535364162,0.031178895175786335,-0.13238708534354168,-0.14434842688152066,0.39009669628174526,0.3823450469112934,4.93503040970303,4.929990902584289,0.12378475256839228,0.1313954053134541,0.13914727236059812,0.13422511140349772,4.929990902584289,4.925383345039117,0.036016539419836076,0.05136947068569787,9.628170968458683,-2.8689154096272316,0.3813072084109873,0.3887870644148939,2.212316003568107,2.2188545109274456,0.0030800767369775772
4.809999999999942,0.14039615633300245,0.13532967447008518,-0.015677053322874807,0.005460592501095627,-0.12875756310807954,-0.13682405181530632,0.39145313070331816,0.38771739798133686,4.940470886484839,4.93503040970303,0.11771205423767567,0.12776558254218845,0.13949801456037494,0.13447548205043167,4.93503040970303,4.929990902584289,0.012333044898634394,0.031178895175786335,9.257988033802606,-2.676625268341635,0.39042486104752466,0.3823450469112934,2.208991017049414,2.201528245994173,0.007564091927896727
4.819999999999942,0.14180373045017144,0.13670937143512743,-0.045876037175887396,-0.0239777654970712,-0.12447450717583826,-0.11264062012507202,0.39280910766704563,0.39698578005969415,4.94627890124592,4.940470886484839,0.11162126128275966,0.12478033668554539,0.14039615633300245,0.13532967447008518,4.940470886484839,4.93503040970303,-0.01471956102853828,0.005460592501095627,8.902427115757993,-2.478092141222274,0.4020305557244527,0.38771739798133686,2.2066849561881883,2.2081379354398045,0.01192903474958204
4.8299999999999415,0.14367942371696718,0.13857305094080533,-0.0790755063851927,-0.04502828322323653,-0.1195645573924263,-0.10836347290829262,0.39415627963281163,0.3922645674988078,4.952418773911254,4.94627890124592,0.10551333551045855,0.12333577685344736,0.14180373045017144,0.13670937143512743,4.94627890124592,4.940470886484839,-0.03420954051250173,-0.0239777654970712,8.563770844110799,-2.274143033994922,0.3965429339040715,0.39698578005969415,2.1999263479217546,2.1969019049856437,0.015237274087357963
4.839999999999941,0.14597883859686034,0.14099793802302993,-0.11508990899533134,-0.09948439309561552,-0.11405815644637521,-0.10909660324243026,0.3954863508839684,0.3934786995472644,4.958852792837269,4.952418773911254,0.0993892414330571,0.11515643870122654,0.14367942371696718,0.13857305094080533,4.952418773911254,4.94627890124592,-0.08256779187408188,-0.04502828322323653,8.244196320574463,-2.069708436425773,0.39813750318705554,0.3922645674988078,2.190807844117041,2.1635825474748365,0.025841499321803393
4.849999999999941,0.14865477383055364,0.14355808288179633,-0.1537156593376979,-0.12700749362597516,-0.10798935839902138,-0.11678312391024355,0.39679113333610233,0.3892186339608531,4.965541443805543,4.958852792837269,0.09324994611600287,0.11286384871225241,0.14597883859686034,0.14099793802302993,4.958852792837269,4.952418773911254,-0.11167746630706453,-0.09948439309561552,7.9457604920287785,-1.8666542717693757,0.38846259861034244,0.3934786995472644,2.186237719593631,2.168210212812849,0.03069423416954392
4.859999999999941,0.15165752223456797,0.14666836210512693,-0.19473241281557974,-0.15692610990511716,-0.10139561662734979,-0.09285545366616176,0.39806258818695356,0.40126293952669895,4.972443649873105,4.965541443805543,0.08709641902519542,0.11185970490516726,0.14865477383055364,0.14355808288179633,4.965541443805543,4.958852792837269,-0.1418899181211197,-0.12700749362597516,7.67038624133178,-1.6667571296447379,0.40487618597305475,0.3892186339608531,2.1745347104425434,2.1623123993325293,0.03480865719995967
4.869999999999941,0.15493518375356763,0.1501700511417991,-0.23790445291913948,-0.22077946339369559,-0.0943175524677169,-0.0851202998621441,0.39929288060871293,0.39792868237933576,4.979517020661879,4.972443649873105,0.08092963187389632,0.10343632544097146,0.15165752223456797,0.14666836210512693,4.972443649873105,4.965541443805543,-0.19753818229399384,-0.15692610990511716,7.419848967108524,-1.4788451664389213,0.4043582478755501,0.40126293952669895,2.1669964847530396,2.1640275862531415,0.046733725700827636
4.87999999999994,0.1584339917472972,0.15363031559273121,-0.28298218185112695,-0.26381460695116715,-0.08679870602387489,-0.08390576873752051,0.40047442081190326,0.3979034578861151,4.986718109669951,4.979517020661879,0.07475055846928443,0.0994483994917324,0.15493518375356763,0.1501700511417991,4.979517020661879,4.972443649873105,-0.24272885079649956,-0.22077946339369559,7.1957645526413145,-1.2994224414123614,0.40247441665301287,0.39792868237933576,2.152416675902583,2.129490304082578,0.05418191610099882
4.88999999999994,0.16209865041208418,0.1574001859989662,-0.3297037044089369,-0.2978290790809473,-0.07888527057471281,-0.07759954752817216,0.40159992298670366,0.3990082998055379,4.994002678129798,4.986718109669951,0.06856017455868042,0.09785710860216304,0.1584339917472972,0.15363031559273121,4.986718109669951,4.979517020661879,-0.27690471221279156,-0.26381460695116715,6.999578139345992,-1.124659716772992,0.4030805172045823,0.3979034578861151,2.13874772727433,2.1239473633780617,0.05954307739680317
4.89999999999994,0.16587268117985696,0.16147986856908567,-0.377796494335651,-0.3736110638846355,-0.07062581220525528,-0.07345743126267817,0.4026624411633764,0.39817186411715777,5.001325963865528,4.994002678129798,0.062359457675464997,0.08761228753338084,0.16209865041208418,0.1574001859989662,4.994002678129798,4.986718109669951,-0.34326390539239965,-0.2978290790809473,6.832554704653841,-0.9700999372785007,0.4005829593443287,0.3990082998055379,2.1234338125565375,2.1127672741681094,0.07386758103570483
4.90999999999994,0.16969877589249766,0.16530592926476567,-0.4269791304740812,-0.40397578682940294,-0.06207097617865752,-0.06908968422140689,0.4036554143098285,0.3980943467602864,5.008642953598654,5.001325963865528,0.056149386984715,0.08720404213245593,0.16587268117985696,0.16147986856908567,5.001325963865528,4.994002678129798,-0.3769980251559667,-0.3736110638846355,6.695770443943637,-0.831157542731857,0.3997980882988986,0.39817186411715777,2.106615405711559,2.097275476727542,0.07810188713230974
4.9199999999999395,0.1735191545315035,0.1694868630901075,-0.47696309001124176,-0.44418762946431206,-0.053273181747554854,-0.05771057090821432,0.40457270817515967,0.40194746824521643,5.01590865709272,5.008642953598654,0.04993094312858192,0.08482212935326705,0.16969877589249766,0.16530592926476567,5.008642953598654,5.001325963865528,-0.4218018615400253,-0.40397578682940294,6.590105934745387,-0.7041309756418277,0.4053874635482141,0.3980943467602864,2.0954856721456117,2.084801873237053,0.08466473373684044
4.929999999999939,0.1772759252749295,0.17369493837215877,-0.5274545851122393,-0.49201809056274726,-0.04428630710061372,-0.05462700882844233,0.40540865228730727,0.39846784250786266,5.023078381541257,5.01590865709272,0.04370510807143713,0.08047224458402608,0.1735191545315035,0.1694868630901075,5.01590865709272,5.008642953598654,-0.46796888929102326,-0.44418762946431206,6.516240828296031,-0.5871506975804527,0.3977321560008257,0.40194746824521643,2.072974219981155,2.075547367495275,0.0932226937881327
4.939999999999939,0.18091144466568862,0.1777530595596247,-0.5781564287885649,-0.5386503662323301,-0.035165366172860646,-0.041209652650536124,0.4061580746907558,0.4026679914509398,5.030108004582489,5.023078381541257,0.03747286494480833,0.07678867117759981,0.1772759252749295,0.17369493837215877,5.023078381541257,5.01590865709272,-0.5136019787654,-0.49201809056274726,6.474650077720514,-0.4791472578432878,0.4058555558489193,0.39846784250786266,2.056257865928321,2.050336056702531,0.10096438838202489
4.949999999999939,0.184368675702914,0.18163466414807317,-0.6287699157080001,-0.6024706592400271,-0.025966179094495653,-0.017998929645227823,0.4068163380975982,0.40877446988585425,5.036954244337617,5.030108004582489,0.031235197892131663,0.06983758587520884,0.18091144466568862,0.1777530595596247,5.030108004582489,5.023078381541257,-0.5725668051038474,-0.5386503662323301,6.465601800840731,-0.38061727764687114,0.41378809886780865,0.4026679914509398,2.0403992837743754,2.0385346296730393,0.11179707827286432
4.959999999999939,0.18759154170878403,0.18511546075641735,-0.6789967037501908,-0.6578362727688083,-0.016745038101003057,-0.016673673088116514,0.40737936312107187,0.4027846606843787,5.043574924817335,5.036954244337617,0.02499309191334408,0.06351157908013753,0.184368675702914,0.18163466414807317,5.036954244337617,5.030108004582489,-0.628019296135146,-0.6024706592400271,6.489156881745105,-0.29091613411850953,0.4034611143482209,0.40877446988585425,2.0245158181316967,2.0149753637479075,0.12160388167627982
4.9699999999999385,0.19052527387525775,0.1883152645814037,-0.7285406820206056,-0.7021721178170208,-0.007558370681715566,-0.0060943339725281,0.4078436573557927,0.40672575863979504,5.0499292351198815,5.043574924817335,0.018747532709340414,0.05965111787944032,0.18759154170878403,0.18511546075641735,5.043574924817335,5.036954244337617,-0.6732798538436452,-0.6578362727688083,6.545169894689585,-0.20912928801857072,0.4104556222826139,0.4027846606843787,2.000257404872149,1.9823490192827065,0.12866414670196338
4.979999999999938,0.19311675046100232,0.19130661767460425,-0.7771098120214941,-0.7531353212290881,0.0015375981485403652,-0.006943263572348979,0.4082063411733569,0.4010000226019302,5.055977980848798,5.0499292351198815,0.0124995065263198,0.053487191265579215,0.19052527387525775,0.1883152645814037,5.0499292351198815,5.043574924817335,-0.724018045510611,-0.7021721178170208,6.6332918077226655,-0.13517984638857616,0.3996407995067483,0.40672575863979504,1.9790483485798949,1.9756970539254954,0.13781942640902503
4.989999999999938,0.19531482567811828,0.19392546711620176,-0.8244179290624823,-0.8181723822061219,0.010487182601126204,0.0024206042058374233,0.4084651573603323,0.4051851776504326,5.0616838261792765,5.055977980848798,0.006250000000045956,0.04449185800478926,0.19311675046100232,0.19130661767460425,5.055977980848798,5.0499292351198815,-0.785278238481997,-0.7531353212290881,6.7529741518265265,-0.06931981577638537,0.4075077412481813,0.4010000226019302,1.9623355335103976,1.949069430285713,0.1494336091114125
4.999999999999938,0.19707064638749347,0.1959762307401189,-0.870186491567653,-0.8565962873880801,0.01923557009871351,0.02872355845860869,0.408618493681991,0.41260795245010684,5.067011525091507,5.0616838261792765,4.5955426963839585e-14,0.04155471032362994,0.19531482567811828,0.19392546711620176,5.0616838261792765,5.055977980848798,-0.8245950003979743,-0.8181723822061219,6.903474205749067,-0.010879674345540893,0.41712873370543996,0.4051851776504326,1.9411709459581463,1.9463528302764734,0.154421520416489
5.009999999999938,0.19833795480914862,0.19772901212299773,-0.9141462677340014,-0.8892989156870617,0.027729150557882894,0.04095520487948805,0.40866538560614674,0.4100820418823309,5.0719281403375165,5.067011525091507,-0.006249506526227902,0.03874777209095607,0.19707064638749347,0.1959762307401189,5.067011525091507,5.0616838261792765,-0.8575742321789468,-0.8565962873880801,7.083861875311544,0.040603239838047034,0.41478930454351665,0.41260795245010684,1.9244947549360358,1.9231711882864102,0.15898124003204167
5.019999999999937,0.19907337553776075,0.19914022043256166,-0.956038949143948,-0.940933061232076,0.03591583921256042,0.019102180264502933,0.4086055268690282,0.39751273841885026,5.076403248712857,5.0719281403375165,-0.012497532709248539,0.029483081580568775,0.19833795480914862,0.19772901212299773,5.0719281403375165,5.067011525091507,-0.9138277997270466,-0.8892989156870617,7.293027262772679,0.08446501077722862,0.3953985437790261,0.4100820418823309,1.9055025065961955,1.8843478171345032,0.16965713885199288
5.029999999999937,0.1992366852502992,0.19994719523119686,-0.995618682937958,-0.986079371042041,0.04374539109608992,0.04410811463649464,0.40843927532145985,0.41359183459133253,5.080409131316216,5.076403248712857,-0.01874309191325224,0.023298419171437577,0.19907337553776075,0.19914022043256166,5.076403248712857,5.0719281403375165,-0.9583495270636619,-0.940933061232076,7.529689540084002,0.12087328952560633,0.41360923407770506,0.39751273841885026,1.890003305987518,1.8709553221228301,0.1766487760597593
5.039999999999937,0.1987910635838727,0.2001041717835853,-1.0326535148852563,-1.0262657474573378,0.05116970539127448,0.05224809798563293,0.40816764883917206,0.4053255171139046,5.0839209476077025,5.080409131316216,-0.024985197892039877,0.016763180277756078,0.1992366852502992,0.19994719523119686,5.080409131316216,5.076403248712857,-0.9981510877356373,-0.986079371042041,7.7924066642332965,0.1500156169778451,0.40543440068828623,0.41359183459133253,1.8665084465929758,1.8904204865004492,0.18334099150582922
5.049999999999937,0.1977033237601349,0.19951912193085064,-1.066926736750765,-1.0786368421964936,0.0581431179217994,0.04624146279274461,0.40779230740603895,0.40262726929671405,5.086916892065678,5.0839209476077025,-0.031222864944716607,0.0062065125343448765,0.1987910635838727,0.2001041717835853,5.0839209476077025,5.080409131316216,-1.0499102381277912,-1.0262657474573378,8.079585657251979,0.17162940098968116,0.3997344794817848,0.4053255171139046,1.8524109117847984,1.8346068465440026,0.19331260939650577
5.0599999999999365,0.19594412163451322,0.19798908897798317,-1.0982381324277803,-1.0933052341339968,0.06462268012496028,0.05250068198841793,0.4073155639958069,0.40427574721288584,5.089378332385326,5.086916892065678,-0.03745510807134548,0.003024320591118724,0.1977033237601349,0.19951912193085064,5.086916892065678,5.0839209476077025,-1.0577719729372101,-1.0786368421964936,8.38949321073589,0.18703831156817674,0.40450925876501104,0.40262726929671405,1.8313910962953142,1.833621130621214,0.19496476838686444
5.069999999999936,0.19348814195377897,0.19593018674548623,-1.126405119429082,-1.1250553457297188,0.07056842266383608,0.0697026214586743,0.40674035574180023,0.4083350662920637,5.0912899283301485,5.089378332385326,-0.04368094312849035,-0.003787498779460753,0.19594412163451322,0.19798908897798317,5.089378332385326,5.086916892065678,-1.1009286330135646,-1.0933052341339968,8.720267667419687,0.19539653739753976,0.4110118319172358,0.40427574721288584,1.8151108941960603,1.8270949455091152,0.19971768552494698
5.079999999999936,0.19031426070324056,0.1930465922722251,-1.1512637811399726,-1.1515023808792804,0.07594360227607477,0.08778187202756245,0.406070228528779,0.4100285026840433,5.092639730349451,5.0912899283301485,-0.049899386984623526,-0.010050016840149993,0.19348814195377897,0.19593018674548623,5.0912899283301485,5.089378332385326,-1.125152665543927,-1.1250553457297188,9.06993042740553,0.19726260590379943,0.4136581220535343,0.4083350662920637,1.7960558807473272,1.8090116706218125,0.2030966091123751
5.089999999999936,0.18640568254784443,0.1893781124543332,-1.1726697877701346,-1.1776067445507417,0.08071493023521076,0.09427865576649444,0.4053093164049742,0.407595242970912,5.093419257282872,5.092639730349451,-0.056109457675373633,-0.01807029607409098,0.19031426070324056,0.1930465922722251,5.092639730349451,5.0912899283301485,-1.1562240836501096,-1.1515023808792804,9.43639810502607,0.19249562747826668,0.40712241267776716,0.4100285026840433,1.7820635026494074,1.7785895649439896,0.20744840852842417
5.099999999999936,0.18175005248201215,0.18490675055362799,-1.1904992038046296,-1.2156609655780375,0.08485278098419352,0.08045085040120735,0.40446231733798693,0.40064235326892594,5.09362355257331,5.093419257282872,-0.062310174558589185,-0.030470062080608994,0.18640568254784443,0.1893781124543332,5.093419257282872,5.092639730349451,-1.1960223814386466,-1.1776067445507417,9.817494877879048,0.18052773080466808,0.39732183814620686,0.407595242970912,1.7727500180121958,1.7536236890415042,0.21537681263423697
5.1099999999999355,0.17633954092727155,0.17950505163717081,-1.2046491802744368,-1.2296559265646585,0.08833137958333205,0.08905271805018995,0.403534463795422,0.40594622635875416,5.093251218517416,5.09362355257331,-0.06850055846919333,-0.037698046939988156,0.18175005248201215,0.18490675055362799,5.09362355257331,5.093419257282872,-1.2012092479825882,-1.2156609655780375,10.210965008007536,0.16352571375089617,0.40638988266108134,0.40064235326892594,1.7583175913868907,1.7503961547669702,0.21720309857715897
5.119999999999935,0.17017090164745607,0.17348502183334413,-1.2150385304427425,-1.2270026829212892,0.09112896672383593,0.07975893435533044,0.402531489756357,0.39862548191776564,5.092304428298044,5.093251218517416,-0.07467963187380536,-0.04324133065562109,0.17633954092727155,0.17950505163717081,5.093251218517416,5.09362355257331,-1.2039507382051644,-1.2296559265646585,10.614485448922672,0.1434569836568969,0.3949634212979508,0.40594622635875416,1.7505185169751327,1.7566344670217562,0.2167263524889652
5.129999999999935,0.16324550199019247,0.16693120083448296,-1.2216081877496208,-1.2254579277170397,0.09322794015860308,0.08141180839649964,0.40145959001169373,0.4003463683795674,5.090788915619413,5.092304428298044,-0.08084641902510462,-0.049220186476463874,0.17017090164745607,0.17348502183334413,5.092304428298044,5.093251218517416,-1.2059539577250644,-1.2270026829212892,11.025678550132788,0.12183035727636968,0.39624578912547337,0.39862548191776564,1.7373765317645948,1.7426952640051905,0.21615138731094682
5.139999999999935,0.1555693251100963,0.1596755298205943,-1.22432154483789,-1.2402230848647298,0.09461497154322364,0.0922977834383138,0.40032539129629174,0.40206736996384496,5.088713941892208,5.090788915619413,-0.08699994611591223,-0.05864658426340407,0.16324550199019247,0.16693120083448296,5.090788915619413,5.092304428298044,-1.229166963250384,-1.2254579277170397,11.442124725355825,0.0948181971659568,0.401623284851,0.4003463683795674,1.7276640833189876,1.7474162685620749,0.21832211408399838
5.149999999999935,0.14715294398537307,0.15146002683573107,-1.2231646729933,-1.23824141237853,0.09528109770412907,0.09529854296574913,0.39913590194514154,0.40070319682945804,5.086092241170223,5.088713941892208,-0.09313924143296663,-0.06624097014078666,0.1555693251100963,0.1596755298205943,5.088713941892208,5.090788915619413,-1.2220893387540983,-1.2402230848647298,11.861375611827313,0.0677982129911914,0.398068071248104,0.40206736996384496,1.7222271782253624,1.733160330006108,0.21770099697651774
5.159999999999934,0.13801146719919447,0.14252109893467718,-1.218146420326474,-1.2384261093727498,0.09522178566841517,0.09165380826804984,0.3978984731449116,0.39744939209318536,5.082939943108044,5.086092241170223,-0.09926333551036828,-0.07532179212692415,0.14715294398537307,0.15146002683573107,5.086092241170223,5.088713941892208,-1.2249504846378014,-1.23824141237853,12.28096680930469,0.03991829393616776,0.3937363162030446,0.40070319682945804,1.714079105033339,1.7213755257775742,0.21784289106160132
5.169999999999934,0.12816445663449386,0.13280362957360056,-1.2092983880227963,-1.2366690465403056,0.0944369707573517,0.08449896529459051,0.3966207535368975,0.3950171088371778,5.07927647436271,5.082939943108044,-0.1053712612826696,-0.08499351558289898,0.13801146719919447,0.14252109893467718,5.082939943108044,5.086092241170223,-1.2254341172360552,-1.2384261093727498,12.698431086489904,0.011322827692266516,0.39045648095113855,0.39744939209318536,1.7136251981532185,1.7149254820457145,0.21779714515649956
5.179999999999934,0.11763581740467331,0.12234275031505511,-1.196674783333406,-1.215619868364216,0.09293106730042143,0.07790361249293874,0.3953106405616635,0.3933570896387244,5.07512443903145,5.07927647436271,-0.11146205423758583,-0.0916804693073684,0.12816445663449386,0.13280362957360056,5.07927647436271,5.082939943108044,-1.208962886602557,-1.2366690465403056,13.111311563536844,-0.012855828261638596,0.38856894944513787,0.3950171088371778,1.7127907720389184,1.719692324003162,0.2140232196224235
5.189999999999934,0.10645366052862289,0.11135216245722576,-1.180352148199516,-1.195553233454326,0.09071295167003411,0.0862645554594278,0.3939762304568445,0.3955534535691531,5.070509478873968,5.07512443903145,-0.11753475256830266,-0.09856861933669661,0.11763581740467331,0.12234275031505511,5.07512443903145,5.07927647436271,-1.1915599336954394,-1.215619868364216,13.51717494431439,-0.03153534100929121,0.3943759775022969,0.3933570896387244,1.7041381599490977,1.7270029628632093,0.20992078179392237
5.199999999999934,0.09465013904663297,0.09972866251456433,-1.1604289626105249,-1.1832762424100478,0.08779591749646848,0.0871047595485078,0.39262576831998913,0.394340073865921,5.065460114162034,5.070509478873968,-0.12358839732535673,-0.10797175105370256,0.10645366052862289,0.11135216245722576,5.070509478873968,5.07512443903145,-1.1807691756030365,-1.195553233454326,13.913624829422185,-0.04657246638148659,0.39138084114111044,0.3955534535691531,1.7059082312543752,1.7209825085916368,0.2077004135682669
5.209999999999933,0.08226125846325452,0.08737163270929933,-1.1370251220877419,-1.1539114994875146,0.08419760309236327,0.08193862686821439,0.3912675961388807,0.3921155442131601,5.060007566174603,5.065460114162034,-0.12962203256806484,-0.11505702276619684,0.09465013904663297,0.09972866251456433,5.065460114162034,5.070509478873968,-1.1555887753228564,-1.1832762424100478,14.298315118064682,-0.057701271381497894,0.38856314986555407,0.394340073865921,1.7075257543510454,1.715151779192389,0.20242865547549616
5.219999999999933,0.06932666259198003,0.07452534496226396,-1.1102812890407698,-1.1339118888819972,0.0799398913082908,0.08193106648976116,0.38991010358787015,0.39355853046506306,5.054185562500264,5.060007566174603,-0.13563470551547802,-0.12432660901865887,0.08226125846325452,0.08737163270929933,5.060007566174603,5.065460114162034,-1.1365208786882297,-1.1539114994875146,14.668963395388454,-0.05647262344461028,0.39279772469805535,0.3921155442131601,1.7119046385349943,1.717346006365966,0.1988519539809228
5.229999999999933,0.05588939606301839,0.061052500319439915,-1.080358118433569,-1.0975001643919766,0.0750487822041835,0.06255271152314267,0.3885616743051062,0.3839028750339566,5.048030126356243,5.054185562500264,-0.14162546669683676,-0.1319139642309181,0.06932666259198003,0.07452534496226396,5.054185562500264,5.060007566174603,-1.104591388532083,-1.1339118888819972,15.023364376084746,-0.03867238662733166,0.3797060627485635,0.39355853046506306,1.713508540309841,1.725749550662898,0.19296646455035804
5.239999999999933,0.04199564493493826,0.04718916111577118,-1.047435358747245,-1.0800265075837383,0.06955423914562246,0.053652156996960264,0.3872306325537055,0.385738645247628,5.041579351324787,5.048030126356243,-0.14759337010150345,-0.14318318631386037,0.05588939606301839,0.061052500319439915,5.048030126356243,5.054185562500264,-1.0873216299889268,-1.0975001643919766,15.359403125826477,-0.010024803058203316,0.37937822090505163,0.3839028750339566,1.7222877209384009,1.7237534962325471,0.19037234742963155
5.2499999999999325,0.027694457023819827,0.032705851467647706,-1.0117108302863254,-1.043034715955537,0.0634900090997307,0.061847592736772004,0.3859251965663865,0.38938876184106846,5.034873162954741,5.041579351324787,-0.15353747332834833,-0.15052868209054823,0.04199564493493826,0.04718916111577118,5.041579351324787,5.048030126356243,-1.0529086045137095,-1.0800265075837383,15.67506809782585,0.02966653764175852,0.38891939638060435,0.385738645247628,1.7284554918111514,1.752887586005187,0.18323453355819594
5.259999999999932,0.013037443723565875,0.017938749816076342,-0.9733992840159252,-1.0121692635277861,0.056893418070474634,0.0677642786333538,0.3846534191658558,0.3909657279324381,5.027953068790169,5.034873162954741,-0.15945683773456565,-0.1595056636351175,0.027694457023819827,0.032705851467647706,5.034873162954741,5.041579351324787,-1.0228935383784687,-1.043034715955537,15.968464054732895,0.07861477334437172,0.3917857138853381,0.38938876184106846,1.737176140850309,1.7546452826858219,0.17744441345119386
5.269999999999932,-0.0019215347637482755,0.0028037114931218285,-0.9327311448578323,-0.9463422688939926,0.04980514288604303,0.04222677014769156,0.3834231435156089,0.3796467692819023,5.020861898479579,5.027953068790169,-0.16535052858389623,-0.16338033525893905,0.013037443723565875,0.017938749816076342,5.027953068790169,5.034873162954741,-0.9675881482875592,-1.0121692635277861,16.237824214754923,0.1386123732270408,0.37592867982270817,0.3909657279324381,1.7496070604619867,1.7517084758270502,0.1661840467520609
5.279999999999932,-0.017126698735247005,-0.012289873110238788,-0.8899511453014652,-0.9156998524098777,0.04226896061540494,0.034021611919508636,0.3822419553527017,0.38324660781495834,5.013643535629413,5.020861898479579,-0.17121761519423312,-0.17287366718505615,-0.0019215347637482755,0.0028037114931218285,5.020861898479579,5.027953068790169,-0.9318532439870684,-0.9463422688939926,16.48152225945463,0.2073017195590302,0.37757074490769593,0.3796467692819023,1.7611414835643902,1.7554090266760773,0.16058379407481735
5.289999999999932,-0.03252069067155941,-0.02785975276856522,-0.8453168559767056,-0.8769533584865267,0.03433147715513507,0.03668421926391744,0.38111713844203315,0.3854320353599911,5.0063426431901945,5.013643535629413,-0.17705717108458713,-0.18059309116986827,-0.017126698735247005,-0.012289873110238788,5.013643535629413,5.020861898479579,-0.8954725766967412,-0.9156998524098777,16.698083558217355,0.2837995574702661,0.3840067799857537,0.38324660781495834,1.771606353669757,1.79174923310658,0.15273333840130304
5.299999999999931,-0.04804492704318812,-0.043650056910475285,-0.7990971213734775,-0.8186667033180051,0.026041836670702742,0.03215004694292398,0.3800556197299423,0.3842330584766928,4.9990043841585585,5.0063426431901945,-0.1828682741213889,-0.18513773444913154,-0.03252069067155941,-0.02785975276856522,5.0063426431901945,5.013643535629413,-0.8439159588596952,-0.8769533584865267,16.88619565078804,0.3686970102623076,0.38121136186045973,0.3854320353599911,1.7863074173842521,1.7986983157766785,0.14148767753865626
5.309999999999931,-0.06363995791291967,-0.05938224254583613,-0.7515704099716395,-0.7619205698313016,0.01745141378823973,-0.007631780459263569,0.3790639350429533,0.36848027335368516,4.991674139409934,4.9990043841585585,-0.18865000666410447,-0.19202214565462256,-0.04804492704318812,-0.043650056910475285,4.9990043841585585,5.0063426431901945,-0.7898735842802643,-0.8186667033180051,17.04471746823222,0.46193377558126225,0.36449617988669164,0.3842330584766928,1.7999705439431994,1.8052146841813168,0.13263990310878643
5.319999999999931,-0.07924583195638232,-0.07511767790472297,-0.703023089880492,-0.7223922604099343,0.008613490467659414,0.0034155937190912117,0.3781481883747129,0.3847505814801909,4.984397224502113,4.991674139409934,-0.19440145571014136,-0.2005510953570644,-0.06363995791291967,-0.05938224254583613,4.991674139409934,4.9990043841585585,-0.7500113724775299,-0.7619205698313016,17.172688021775514,0.5626899133955017,0.38138589359957686,0.36848027335368516,1.8159321492759077,1.8188186938474806,0.12543341745234143
5.329999999999931,-0.09480246449872533,-0.09101386733826758,-0.6537476415670525,-0.6847663610108201,-0.0004170802697977382,0.013525167422789969,0.3773140168546633,0.382264463397038,4.977218607246721,4.984397224502113,-0.20012171303902232,-0.2095621105617848,-0.07924583195638232,-0.07511767790472297,4.984397224502113,4.991674139409934,-0.7114168620711474,-0.7223922604099343,17.269333694924395,0.6705621188571708,0.380524905716239,0.3847505814801909,1.8344404724414871,1.8735664185367396,0.11854824322351723
5.339999999999931,-0.11025000615627706,-0.10694179744147271,-0.604040820524146,-0.6230527468450505,-0.009584221512068785,-0.02264170670023051,0.3765665409507625,0.36979769517857036,4.9701826279318615,4.977218607246721,-0.20580987535580378,-0.21543711342337535,-0.09480246449872533,-0.09101386733826758,4.977218607246721,4.984397224502113,-0.6529341621051226,-0.6847663610108201,17.33407436169906,0.7862110229732064,0.3659086770230712,0.382264463397038,1.8546419689471172,1.8431442734655665,0.10849531598190264
5.34999999999993,-0.12552920968662928,-0.122534273339195,-0.5542017831914037,-0.5756465993380429,-0.018830988110082887,-0.029187874845970938,0.3759103543499498,0.3776448144201889,4.963332723934604,4.9701826279318615,-0.21146504443371664,-0.22299121302160882,-0.11025000615627706,-0.10694179744147271,4.9701826279318615,4.977218607246721,-0.6049003890092145,-0.6230527468450505,17.366527663517402,0.9093482708252868,0.3751130771442723,0.36979769517857036,1.8739395524107663,1.8645413451505661,0.10045693968241381
5.35999999999993,-0.14058179268149315,-0.1379700088447422,-0.504530190882065,-0.5270997376543026,-0.02809992849204123,-0.02593280721160877,0.3753494880314518,0.3777193643649745,4.9567111604641445,4.963332723934604,-0.21708632725600668,-0.22969014899658977,-0.12552920968662928,-0.122534273339195,4.963332723934604,4.9701826279318615,-0.5564777490515685,-0.5756465993380429,17.36651290718721,1.0398340525232257,0.37466361552652505,0.3776448144201889,1.8867150549624547,1.9176107935413276,0.09172014015184757
5.36999999999993,-0.15535079379428926,-0.15315992696181374,-0.4553243055646311,-0.47315401062715723,-0.03733345003741602,-0.030732305248809343,0.3748873764250931,0.37870574258588197,4.950358769174908,4.9567111604641445,-0.22267283615695233,-0.23532603741982608,-0.14058179268149315,-0.1379700088447422,4.9567111604641445,4.963332723934604,-0.5037302438632878,-0.5270997376543026,17.334052708586352,1.1777151354059556,0.37826981317937447,0.3777193643649745,1.9055413673308508,1.9135246652831286,0.08216611045801234
5.37999999999993,-0.1697809202558861,-0.16798438705625857,-0.4068790921436272,-0.4269969335978389,-0.04647418547170656,-0.030609270043750945,0.3745268492589093,0.3817712512434966,4.944314696237413,4.950358769174908,-0.22822368896203724,-0.24209762076630953,-0.15535079379428926,-0.15315992696181374,4.950358769174908,4.9567111604641445,-0.4574407566706114,-0.47315401062715723,17.269373118491227,1.3227476348598883,0.3840158931655593,0.37870574258588197,1.9276992019431265,1.9308047374303783,0.07411323371005096
5.3899999999999295,-0.1838188845146532,-0.18248476730679453,-0.3594843419719331,-0.37767408962500715,-0.055465357790499686,-0.04767005204320005,0.37427010945160144,0.3759338432071812,4.938616161448311,4.944314696237413,-0.23373800912725595,-0.24855370479800615,-0.1697809202558861,-0.16798438705625857,4.944314696237413,4.950358769174908,-0.40811843671014464,-0.4269969335978389,17.17290290341545,1.4749012900966354,0.373273380716845,0.3817712512434966,1.9525919172193267,1.9471928562655183,0.06606893749121162
5.399999999999929,-0.19741372793437253,-0.19655496321659244,-0.31342283128991255,-0.31980412994342144,-0.0642511411122744,-0.06632065382239113,0.3741187199953122,0.37382141331602015,4.93329822985494,4.938616161448311,-0.23921492587753038,-0.2528777765411248,-0.1838188845146532,-0.18248476730679453,4.938616161448311,4.944314696237413,-0.35209398655862467,-0.37767408962500715,17.04527088932484,1.6343556756832611,0.3694753235073473,0.3759338432071812,1.970255776579146,1.958716893890495,0.05632281332453237
5.409999999999929,-0.2105171295846034,-0.21005746463877104,-0.2689685281680462,-0.2836407091656878,-0.07277701496223254,-0.0725617113472687,0.37407359823304775,0.3769331405908792,4.928393597254962,4.93329822985494,-0.2446535743442152,-0.26097555303325337,-0.19741372793437253,-0.19655496321659244,4.93329822985494,4.938616161448311,-0.3179354014161232,-0.31980412994342144,16.88730204270172,1.80023686929544,0.37708932764400194,0.37382141331602015,1.989124029560174,1.990985085494423,0.050918088394482336
5.419999999999929,-0.2230836982722361,-0.22319073031477232,-0.22638486070154007,-0.24387586756490723,-0.08099010953897468,-0.08162477941077127,0.37413500543142536,0.37522757967533177,4.923932390867824,4.928393597254962,-0.2500530957016707,-0.26754651955877645,-0.2105171295846034,-0.21005746463877104,4.928393597254962,4.93329822985494,-0.27249756621183663,-0.2836407091656878,16.700012304285323,1.9725936512249145,0.3726201942678411,0.3769331405908792,2.009377547285063,2.020964952399671,0.04435578924400413
5.429999999999929,-0.23507124608322957,-0.23585548093624528,-0.1859230581708291,-0.19209049548844587,-0.0888395395652912,-0.10073062361602794,0.3743025465630835,0.37063037202358495,4.919941986355282,4.923932390867824,-0.25541263730288133,-0.27148614715061475,-0.2230836982722361,-0.22319073031477232,4.923932390867824,4.928393597254962,-0.22120895803778717,-0.24387586756490723,16.4846019019316,2.1517040483589422,0.3666009553919985,0.37522757967533177,2.0297997000076617,2.0343715891385132,0.03563066621436947
5.4399999999999284,-0.24644104182789114,-0.24778047451584026,-0.1478205761215247,-0.1522107718091842,-0.09627672446607394,-0.0878319100120371,0.37457517679577673,0.3822262774022438,4.916446842227954,4.919941986355282,-0.2607313528140984,-0.2759779910990722,-0.23507124608322957,-0.23585548093624528,4.919941986355282,4.923932390867824,-0.18180362103814576,-0.19209049548844587,16.242447641197614,2.33676509944133,0.3838631956964393,0.37063037202358495,2.0461404624022084,2.055714895215831,0.028197516583231913
5.449999999999928,-0.2571580429142214,-0.2589704851647163,-0.11229961517217152,-0.10638784221848979,-0.10325569272818257,-0.10544282704919797,0.3749512064255145,0.3709548146714065,4.913468352595604,4.916446842227954,-0.26600840234848633,-0.27967754968204456,-0.24644104182789114,-0.24778047451584026,4.916446842227954,4.919941986355282,-0.13500010954033315,-0.1522107718091842,15.975094166064402,2.5278798233615345,0.36999574911027505,0.3822262774022438,2.0655437672437817,2.0837367713751083,0.020707064517328233
5.459999999999928,-0.2671911043078294,-0.26928975846563846,-0.07956574219079425,-0.08154819811804892,-0.10973336841922345,-0.11114012521741136,0.3754283059428873,0.3774113847682097,4.91102471908439,4.913468352595604,-0.27124295259875003,-0.2863216125435694,-0.2571580429142214,-0.2589704851647163,4.913468352595604,4.916446842227954,-0.11779748326736633,-0.10638784221848979,15.684244046460641,2.7212188174609455,0.3785673992950009,0.3709548146714065,2.0889531388939107,2.070361720274193,0.017031854077930952
5.469999999999928,-0.2765131633732812,-0.2789510073618231,-0.04980662147365464,-0.05186900564913738,-0.11566983800590616,-0.13228439667298741,0.3760035346897629,0.36914595499715724,4.909130842611177,4.91102471908439,-0.2764341769687242,-0.2919873333578331,-0.2671911043078294,-0.26928975846563846,4.91102471908439,4.913468352595604,-0.0786825945292856,-0.08154819811804892,15.371746829443035,2.918041082386628,0.3661407950515108,0.3774113847682097,2.1057297473373087,2.114037231686094,0.013036325996010012
5.479999999999928,-0.28510139953177055,-0.28782877978276017,-0.023190862781455008,-0.019058128833041733,-0.12102859583965941,-0.1458302291829363,0.3766733424827967,0.3696837068126594,4.907798235571723,4.909130842611177,-0.2815812557039022,-0.29559091818629785,-0.2765131633732812,-0.2789510073618231,4.909130842611177,4.91102471908439,-0.0421911840953586,-0.05186900564913738,15.039587810476931,3.1180809874053694,0.36501211694042796,0.36914595499715724,2.1206793163623634,2.121974609150095,0.007762138403537677
5.489999999999927,-0.2929373678155891,-0.29585915414247327,0.00013300850876437828,0.0044725664743682225,-0.1257767667411418,-0.12526234124355592,0.3774336052521699,0.38245040304049893,4.907034954907173,4.907798235571723,-0.2866833760208849,-0.29880285479145124,-0.28510139953177055,-0.28782877978276017,4.907798235571723,4.909130842611177,-0.02455510274018214,-0.019058128833041733,14.689875184464931,3.316126018529267,0.38456468684665895,0.3696837068126594,2.136679287257932,2.154511087550149,0.002943700648977976
5.499999999999927,-0.300007105542371,-0.3031386397237447,0.020037453952186673,0.03267202775686556,-0.12988530445286828,-0.1309524295704733,0.37827964032424727,0.3737308239723465,4.9068455563283315,4.907034954907173,-0.29173973223572863,-0.30129087807888294,-0.2929373678155891,-0.29585915414247327,4.907034954907173,4.907798235571723,0.01216457633349315,0.0044725664743682225,14.324827376114012,3.5156915013133077,0.37410093292156954,0.38245040304049893,2.1463892494541086,2.1703068929730502,-0.0018477616448617784
5.509999999999927,-0.30630121148615536,-0.30958007532580617,0.03641669365565288,0.05232583605917139,-0.13332916479813156,-0.1413434387519275,0.37920623662071257,0.3759737625367128,4.907231069930463,4.9068455563283315,-0.29674952589117193,-0.30486578174938855,-0.300007105542371,-0.3031386397237447,4.9068455563283315,4.907034954907173,0.025868615591379457,0.03267202775686556,13.946759102396467,3.71041057960746,0.378078113842608,0.3737308239723465,2.1644831554052235,2.1421958924232807,-0.004714293576417616
5.519999999999927,-0.3118148970725282,-0.31527081335764606,0.04918734353594093,0.056304414931536095,-0.13608745266980632,-0.132110179337059,0.3802076976810335,0.3823239251907709,4.908188997234336,4.907231069930463,-0.30171196588272126,-0.309718837272834,-0.30630121148615536,-0.30958007532580617,4.907231069930463,4.9068455563283315,0.03227132214311911,0.05232583605917139,13.558067227120695,3.8968143368164996,0.3863905346613272,0.3759737625367128,2.174662293070481,2.1751740971164897,-0.00555197608481206
5.5299999999999265,-0.3165480092843332,-0.320326597984376,0.05828891551304534,0.06298714135193503,-0.13814354217063013,-0.13842206082183586,0.38127786242747363,0.3780699243936904,4.909713329556482,4.908188997234336,-0.3066262685835755,-0.31400360443415326,-0.3118148970725282,-0.31527081335764606,4.908188997234336,4.907231069930463,0.042193488552708575,0.056304414931536095,13.161216424355116,4.07835750331821,0.37872856147981293,0.3823239251907709,2.1868493845531933,2.1847105999005914,-0.006322993550222755
5.539999999999926,-0.3205050251266034,-0.32460364678882586,0.06368417891347888,0.07591679194468239,-0.13948516934084657,-0.1457780367125225,0.3824101480263048,0.37817435357996687,4.911794587576519,4.909713329556482,-0.31149165796836975,-0.3164277126518882,-0.3165480092843332,-0.320326597984376,4.909713329556482,4.908188997234336,0.05976803242271974,0.06298714135193503,12.7587237285063,4.2499525961359295,0.3801918431794523,0.3780699243936904,2.1935021626251996,2.1780887484002274,-0.00817593413693768
5.549999999999926,-0.3236950176611249,-0.3279865065311811,0.0653593812467506,0.0841187233356083,-0.14010449721312368,-0.13822079630250797,0.38359759445225705,0.383881429459204,4.9144198817605265,4.911794587576519,-0.3163073657357188,-0.3180638865148371,-0.3205050251266034,-0.32460364678882586,4.911794587576519,4.909713329556482,0.06813794722533538,0.07591679194468239,12.35314327830368,4.404512598055899,0.38781023778268275,0.37817435357996687,2.2009435194093037,2.1937902611982394,-0.00992262001634403
5.559999999999926,-0.32613159379241247,-0.3305504597419071,0.06332432733820864,0.08097104063528998,-0.13999815307617772,-0.15051529459282706,0.38483290037604323,0.3766036731547356,4.917572993230429,4.9144198817605265,-0.32107263142954073,-0.32187025439060607,-0.3236950176611249,-0.3279865065311811,4.9144198817605265,4.911794587576519,0.06655932487319206,0.0841187233356083,11.947050756353613,4.542547757743976,0.37565406569097426,0.383881429459204,2.204471013915883,2.203189308429645,-0.00868020535130104
5.569999999999926,-0.3278328041575951,-0.3324205387439278,0.05761231637835782,0.08097850512843237,-0.13916723798283664,-0.14966249669678294,0.3861084688074748,0.38199347993004723,4.921234474571742,4.917572993230429,-0.32578670255914177,-0.3238908797519042,-0.32613159379241247,-0.3305504597419071,4.917572993230429,4.9144198817605265,0.06915559233307675,0.08097104063528998,11.543027300332351,4.66813629809359,0.38453525963672697,0.3766036731547356,2.210001114920408,2.194691215393409,-0.00852965899202357
5.5799999999999255,-0.3288210256442196,-0.3335180089229859,0.04827993666403731,0.07976708860990912,-0.13761730875925024,-0.15195331463892278,0.3874164594792184,0.38020403492132476,4.925381769899248,4.921234474571742,-0.3304488347180433,-0.32627782804345373,-0.3278328041575951,-0.3324205387439278,4.921234474571742,4.917572993230429,0.07038439070956588,0.08097850512843237,11.143643475542927,4.78341349462716,0.3804828368028614,0.38199347993004723,2.211292594839529,2.21658034726761,-0.007240180879532154
5.589999999999925,-0.32912281723486353,-0.33386782988601865,0.0354067184171971,0.04874060008786629,-0.1353583329304131,-0.14063411798898928,0.3887488266695328,0.38559366895538466,4.929989353450042,4.925381769899248,-0.3350582917015323,-0.3330884454706553,-0.3288210256442196,-0.3335180089229859,4.925381769899248,4.921234474571742,0.047267728164536345,0.07976708860990912,10.751443311403476,4.888091887147357,0.389478587551903,0.38020403492132476,2.206440497708478,2.2116388233091997,-0.0007793844153633489
5.599999999999925,-0.3287687500506975,-0.333791989838606,0.019094645953669453,0.03719428320453176,-0.13240461706922174,-0.13362496034012325,0.39009737696793867,0.3859691690709993,4.935028885884364,4.929989353450042,-0.33961434562291654,-0.3348426012205815,-0.32912281723486353,-0.33386782988601865,4.929989353450042,4.925381769899248,0.038057403201158295,0.04874060008786629,10.36892789726674,4.983665515349781,0.39066512390811503,0.38559366895538466,2.206407930778174,2.2105620372117176,0.0010506113819755414
5.609999999999925,-0.3277932126338883,-0.33293320288641004,-0.0005324693979379888,0.01038652168752495,-0.1287747093182597,-0.1281435981237787,0.3914538132287367,0.38816421736332685,4.9404693873213645,4.935028885884364,-0.34411627702846637,-0.3390296857690606,-0.3287687500506975,-0.333791989838606,4.935028885884364,4.929989353450042,0.013771928191156899,0.03719428320453176,9.99853959908677,5.070534907783763,0.3927865880449246,0.3859691690709993,2.2099193997934403,2.1953194695921106,0.006096482882650578
5.619999999999925,-0.32623419267747117,-0.3315098792225648,-0.023329752902523176,-0.007052817414485071,-0.12449127686753118,-0.13912568159166136,0.39280979022657153,0.38207606574734315,4.946277426106475,4.9404693873213645,-0.3485633750110248,-0.3411125856898129,-0.3277932126338883,-0.33293320288641004,4.9404693873213645,4.935028885884364,-0.0016078316382494191,0.01038652168752495,9.642646073641817,5.149270904903697,0.3808652533055014,0.38816421736332685,2.2064983362271122,2.1916161002796657,0.00960270646724809
5.629999999999924,-0.3241330365679431,-0.329397040255491,-0.04913216342605722,-0.042219219063536706,-0.11958095936989382,-0.10779174696470221,0.39415696237430076,0.39926947454844436,4.952417322195996,4.946277426106475,-0.352954937322268,-0.34436826485423544,-0.32623419267747117,-0.3315098792225648,4.946277426106475,4.9404693873213645,-0.033750752205484846,-0.007052817414485071,9.303524907387988,5.220039729098531,0.4018263813197793,0.38207606574734315,2.1985553890765255,2.1846834322826627,0.014971224598744448
5.639999999999924,-0.3215341882584599,-0.32685334031330165,-0.07775551942945227,-0.05926850185436813,-0.11407419932703984,-0.10029064429834599,0.3954870382199363,0.39378951407054386,4.958851363983549,4.952417322195996,-0.35729027048359846,-0.3440803235052722,-0.3241330365679431,-0.329397040255491,4.952417322195996,4.946277426106475,-0.04881873546784769,-0.042219219063536706,8.983348468719885,5.2831145935759904,0.4017872097082302,0.39926947454844436,2.191785468281211,2.194637681149152,0.017226983191970524
5.649999999999924,-0.3184849091291091,-0.32365298994110936,-0.10899764879524916,-0.07697057014515292,-0.10800505062878304,-0.10789873129451538,0.396791820903916,0.3928374893388612,4.965540037281572,4.958851363983549,-0.3615686898956532,-0.344115433374946,-0.3215341882584599,-0.32685334031330165,4.958851363983549,4.952417322195996,-0.06772672349483694,-0.05926850185436813,8.684169517197414,5.338603871849004,0.3979321667500768,0.39378951407054386,2.186308908552758,2.1508665149958737,0.02046244343383663
5.659999999999924,-0.3150349806196715,-0.3199370078878632,-0.14263965588262156,-0.1207685089521834,-0.10141096644896332,-0.11327777136395709,0.39806327606260633,0.38910300102235307,4.972442265168416,4.965540037281572,-0.36578951994641007,-0.34916140050258904,-0.3184849091291091,-0.32365298994110936,4.965540037281572,4.958851363983549,-0.10817384988639017,-0.07697057014515292,8.407907136820684,5.38652388719509,0.3886109370124195,0.3928374893388612,2.175786990958028,2.1600534244284124,0.029224392614725814
5.6699999999999235,-0.31123639153134336,-0.31606559649344146,-0.17844729886750987,-0.15498430209207203,-0.09433256793684631,-0.09185071134582362,0.3992935678883206,0.3989499390586522,4.979515657281567,4.972442265168416,-0.3699520941178746,-0.3504929692567033,-0.3150349806196715,-0.3199370078878632,4.972442265168416,4.965540037281572,-0.14136474805841523,-0.1207685089521834,8.156334284254342,5.42693151963398,0.40282206090186445,0.38910300102235307,2.160304912739578,2.151566953518416,0.034427372763261854
5.679999999999923,-0.3071430119970986,-0.31185055207560025,-0.2161724681292902,-0.18876164286629274,-0.08681339500554018,-0.06844509476214736,0.4004751115883186,0.4039468586340337,4.986716767144691,4.979515657281567,-0.37405575509133104,-0.35120304743684017,-0.31123639153134336,-0.31606559649344146,4.979515657281567,4.972442265168416,-0.17379974523872854,-0.15498430209207203,7.931065464894861,5.459862884798007,0.4114763085717836,0.3989499390586522,2.1536115456624145,2.1484631536131347,0.039352495361239914
5.689999999999923,-0.3028102561950943,-0.307330569805427,-0.255554756411782,-0.23709548120586582,-0.07889964076426785,-0.07263128923644786,0.4016006152373041,0.3972325640442217,4.994001356010181,4.986716767144691,-0.3780998548511405,-0.35584573667423774,-0.3071430119970986,-0.31185055207560025,4.986716767144691,4.979515657281567,-0.2183421137881894,-0.18876164286629274,7.733545991076095,5.485334947213444,0.39995923434949454,0.4039468586340337,2.140354028043553,2.118891064267908,0.048515166868810744
5.699999999999923,-0.2982947359473509,-0.30271156236587976,-0.2963231098407668,-0.27664574404848324,-0.07063987110450001,-0.08723044584348796,0.40266313262210207,0.39268870136803546,5.001324661726953,4.994001356010181,-0.3820837547870703,-0.35882383941014934,-0.3028102561950943,-0.307330569805427,4.994001356010181,4.986716767144691,-0.25761121844194695,-0.23709548120586582,7.565042215875133,5.503361972661705,0.3915328999947594,0.3972325640442217,2.124150574044229,2.094109391184342,0.056112277044269576
5.709999999999923,-0.2936539073897622,-0.29787776715055514,-0.3381975484326454,-0.3107943256085506,-0.06208473109538672,-0.06991318614835113,0.40365610624496834,0.4017535147836508,5.008641671039718,5.001324661726953,-0.3860068257951377,-0.359050334647911,-0.2982947359473509,-0.30271156236587976,5.001324661726953,4.994001356010181,-0.2914476941998826,-0.27664574404848324,7.426633448180037,5.513952498909185,0.40518855358979056,0.39268870136803546,2.113537154857648,2.1012794031341993,0.061172567497355834
5.7199999999999225,-0.28894571293034277,-0.2928472420983481,-0.38089094344840246,-0.35979443547427636,-0.05328663981218328,-0.059381366403604856,0.4045734021667694,0.3990429795307756,5.015907393731158,5.008641671039718,-0.3898684483769527,-0.36259481409549493,-0.2936539073897622,-0.29787776715055514,5.008641671039718,5.001324661726953,-0.3379877855865599,-0.3107943256085506,7.3192050800916695,5.5171099176030225,0.40305537812201186,0.4017535147836508,2.089804378532825,2.1032698631267186,0.06974757199714682
5.729999999999922,-0.28422822072128906,-0.28787566599892633,-0.42411083841971026,-0.3919712202220503,-0.04429947526956321,-0.06261128516875306,0.40540934640619264,0.3952706872575498,5.023077137012939,5.015907393731158,-0.3936680127375445,-0.36306797867592927,-0.28894571293034277,-0.2928472420983481,5.015907393731158,5.008641671039718,-0.3701916219387111,-0.35979443547427636,7.24344304284197,5.512837190163597,0.3941810463430288,0.3990429795307756,2.0780335919489668,2.0657973844015807,0.07519231267700294
5.739999999999922,-0.27955926386360525,-0.2827959240838936,-0.46756130046805744,-0.44990599615044174,-0.03517825121432516,-0.032165425257201084,0.40615876998926886,0.4088504451260402,5.030106778551501,5.023077137012939,-0.39740491888165447,-0.36751816773990154,-0.28422822072128906,-0.28787566599892633,5.023077137012939,5.015907393731158,-0.424834652413343,-0.3919712202220503,7.199829910838043,5.5011351084699145,0.41222853009979654,0.3952706872575498,2.0609761008508722,2.052535872194829,0.08472224365600795
5.749999999999922,-0.2749960815431753,-0.2779907593629772,-0.5109447884123491,-0.4859211848973323,-0.025978787604488754,-0.0445721476818751,0.4068170350977817,0.393391030481465,5.036953036483351,5.030106778551501,-0.4010785767084829,-0.36926969896117423,-0.27955926386360525,-0.2827959240838936,5.030106778551501,5.023077137012939,-0.4619384662516856,-0.44990599615044174,7.188642886131433,5.482004717831631,0.3949318842725367,0.4088504451260402,2.0403568553252245,2.0477101488546623,0.09127893959819705
5.759999999999922,-0.27059496426434915,-0.2731978988391141,-0.5539640234691839,-0.546562530792721,-0.016757376503279298,0.0040910129437608175,0.40738005938320865,0.4198585107471735,5.04357373482443,5.036953036483351,-0.40468840610487256,-0.37361950588031445,-0.2749960815431753,-0.2779907593629772,5.036953036483351,5.030106778551501,-0.5191461066702345,-0.4859211848973323,7.209952918252014,5.455446336267168,0.4197453983813087,0.393391030481465,2.0228083101846908,2.0005681330443577,0.10042160704120034
5.769999999999921,-0.26641090529506567,-0.2687764081844214,-0.5963238490653617,-0.5819894586257709,-0.0075704452155209365,-0.013231663710587746,0.40784435796588137,0.3952550828701177,5.049928062687688,5.04357373482443,-0.4082338370369153,-0.37572928332043204,-0.27059496426434915,-0.2731978988391141,5.04357373482443,5.036953036483351,-0.5556457712472055,-0.546562530792721,7.263625394406261,5.421460351851388,0.40169064908128815,0.4198585107471735,2.0021135438355655,2.016512190069809,0.10695287513601065
5.779999999999921,-0.2624972603797689,-0.2644431318608554,-0.637733067088575,-0.6189100119885855,0.0015257813879673982,-0.0059050191264459,0.4082070390634174,0.4074768425355007,5.055976825688888,5.049928062687688,-0.41171430963996697,-0.3773895321728772,-0.26641090529506567,-0.2687764081844214,5.049928062687688,5.04357373482443,-0.5947881129485041,-0.5819894586257709,7.349322900298416,5.380046924294264,0.409342102669042,0.3952550828701177,1.9781053061788854,1.9383332362004742,0.1129464003120218
5.789999999999921,-0.25890541771332387,-0.2603332304812403,-0.6779062368621359,-0.678613343014322,0.010475617721584648,0.005835393519862054,0.4084658576563631,0.4036597902804479,5.06168268801536,5.055976825688888,-0.41512927430705665,-0.3840148752451954,-0.2624972603797689,-0.2644431318608554,5.055976825688888,5.049928062687688,-0.6507563078085464,-0.6189100119885855,7.466508241001108,5.33120608825174,0.4057069637636119,0.4074768425355007,1.959798733259344,1.9763704768167818,0.1236816447639551
5.799999999999921,-0.2556844800819452,-0.25676559136480537,-0.7165654267023007,-0.7077159038203635,0.019224251345116405,0.013356463822810766,0.4086191934414719,0.40423347714756797,5.067010403657696,5.06168268801536,-0.4184781917756759,-0.3845221635057364,-0.25890541771332387,-0.2603332304812403,5.06168268801536,5.055976825688888,-0.6755137652375413,-0.678613343014322,7.614450471027088,5.274937950634667,0.4075262316611305,0.4036597902804479,1.9434299457455302,1.932285066153877,0.12775657214093106
5.809999999999921,-0.25288096101163643,-0.25341882958536355,-0.7534419050629583,-0.7418655514301683,0.027718072351197734,0.015449200418668691,0.4086660858609481,0.401114598263891,5.071927035376853,5.067010403657696,-0.42176053321293455,-0.38703525175378756,-0.2556844800819452,-0.25676559136480537,5.067010403657696,5.06168268801536,-0.7186569040959908,-0.7077159038203635,7.792230218207648,5.211242516104557,0.39975286217182315,0.40423347714756797,1.9204101549319426,1.9171502393996014,0.133616422168424
5.81999999999992,-0.25053849665631367,-0.25044824331087717,-0.788277763177463,-0.7744789344445843,0.03590499612542303,0.033574069284618424,0.4086062299867459,0.4073001202777166,5.076402159976595,5.071927035376853,-0.4249757802990695,-0.38893018255574957,-0.25288096101163643,-0.25341882958536355,5.071927035376853,5.067010403657696,-0.7515513292490684,-0.7418655514301683,7.998747763728746,5.14011980954619,0.4105543277377684,0.401114598263891,1.8999932301217037,1.8966999209928304,0.1384819392448724
5.82999999999992,-0.24869757508411006,-0.2478839865983895,-0.8208274591474705,-0.8141516569330012,0.04373477784205067,0.055953527592720306,0.4084399824560682,0.41179766684300034,5.08040805856343,5.076402159976595,-0.4281234253092936,-0.39260539023753854,-0.25053849665631367,-0.25044824331087717,5.076402159976595,5.071927035376853,-0.7916674366539888,-0.7744789344445843,8.232731188147726,5.061569831278123,0.4172807827822523,0.4073001202777166,1.8844092609092382,1.885345015080775,0.14472140363914904
5.83999999999992,-0.24739528451263126,-0.24595023486290937,-0.8508592761349059,-0.8474675395207741,0.05115931682776259,0.058428438685854546,0.40816835515731387,0.40614288440018176,5.083919890604142,5.08040805856343,-0.43120297119397094,-0.3963484895383129,-0.24869757508411006,-0.2478839865983895,5.08040805856343,5.076402159976595,-0.8241624599762305,-0.8141516569330012,8.492745768547998,4.975592593973859,0.40668688575952416,0.41179766684300034,1.8669485582069447,1.8576836106242647,0.15039825467540355
5.84999999999992,-0.24666508194886502,-0.2447249951187184,-0.8781566876390058,-0.8774101335417783,0.05813294907917632,0.08166884086937176,0.4077930141597132,0.41667070805404294,5.086915850579841,5.083919890604142,-0.4342139316571072,-0.39917588643172963,-0.24739528451263126,-0.24595023486290937,5.083919890604142,5.08040805856343,-0.8542003540230756,-0.8474675395207741,8.777203912573457,4.882188107070124,0.4208673763921761,0.40614288440018176,1.8479266823464346,1.825481682421821,0.15445089131301123
5.8599999999999195,-0.24653658358336852,-0.24424273351097667,-0.9025196243678495,-0.9017886277191477,0.06461272616923172,0.0797479711558974,0.4073162709636916,0.40706635371785865,5.089377306190264,5.086915850579841,-0.4371558312331411,-0.4027426781193708,-0.24666508194886502,-0.2447249951187184,5.086915850579841,5.083919890604142,-0.8752746591008829,-0.8774101335417783,9.084375985714221,4.781356390635154,0.40819066969500095,0.41667070805404294,1.8305853853482816,1.8238604280099273,0.15849994460839414
5.869999999999919,-0.2470353781835028,-0.24447027198309618,-0.9237656377024203,-0.9259442354273876,0.07055867890092177,0.07314436399894289,0.4067410590792902,0.4065549327221175,5.091288917201806,5.089377306190264,-0.44002820536202597,-0.40740329443483153,-0.24653658358336852,-0.24424273351097667,5.089377306190264,5.086915850579841,-0.9052966307193253,-0.9017886277191477,9.412401580607831,4.673097440606663,0.40586538565959285,0.40706635371785865,1.8125174373839688,1.7832316084886923,0.16293302245173535
5.879999999999919,-0.24818286461677377,-0.24542426503329895,-0.9417309554627368,-0.9438105649068632,0.07593406416773295,0.08140362731987244,0.40607092980692494,0.4082212154008175,5.092638734063253,5.091288917201806,-0.44283060046258926,-0.41104941076804213,-0.2470353781835028,-0.24447027198309618,5.091288917201806,5.089377306190264,-0.9192987353886534,-0.9259442354273876,9.759300931172085,4.557411297475581,0.4102468081999857,0.4065549327221175,1.7984911815310765,1.7937878703654437,0.16562514573474318
5.889999999999919,-0.2499961145153967,-0.24704543298097567,-0.9562714273176506,-0.9704084484336369,0.08070559336482822,0.0894397893181919,0.4053100175690024,0.4086241667824065,5.093418275616745,5.092638734063253,-0.44556257400415816,-0.41727505443015717,-0.24818286461677377,-0.24542426503329895,5.092638734063253,5.091288917201806,-0.9546439848687295,-0.9438105649068632,10.122987311495024,4.4342979284272035,0.4103647616852394,0.4082212154008175,1.7845520667064738,1.7835989297178927,0.1702296214491815
5.899999999999919,-0.25248776097670317,-0.24945197152656032,-0.9672633562328626,-0.971576869229479,0.08484364105084584,0.09397530601723413,0.4044630192032042,0.40750833586020846,5.09362258530746,5.093418275616745,-0.44822369457644046,-0.4193460107650335,-0.2499961145153967,-0.24704543298097567,5.093418275616745,5.092638734063253,-0.9487762291570984,-0.9704084484336369,10.501279007827588,4.3037575020173975,0.4065235512171649,0.4086241667824065,1.7711570357515571,1.7683297179040987,0.16989403923847315
5.909999999999918,-0.25566591405572503,-0.2523603204461454,-0.9746042142351546,-0.9872954710007695,0.08832243240415713,0.09612390209905604,0.40353516589275534,0.40649233425280723,5.093250265442163,5.09362258530746,-0.45081354195764906,-0.4247149013386535,-0.25248776097670317,-0.24945197152656032,5.09362258530746,5.093418275616745,-0.9707351706479856,-0.971576869229479,10.891911996215565,4.165790003166634,0.40494242251736284,0.40750833586020846,1.7593189468049664,1.753603616509229,0.1723545808925081
5.919999999999918,-0.2595341036751467,-0.2560353589711078,-0.9782132402855866,-1.0001619326854168,0.09112020823697209,0.11838831869603782,0.40253219022870046,0.4153093143920571,5.092303489202102,5.093250265442163,-0.45333170718086,-0.4296133364874679,-0.25566591405572503,-0.2523603204461454,5.093250265442163,5.09362258530746,-0.9838260508722667,-0.9872954710007695,11.29255272078337,4.020395557340035,0.4187599150128326,0.40649233425280723,1.7493596381561256,1.7444628579699408,0.17357797751636012
5.929999999999918,-0.2640912504308376,-0.2604480769366942,-0.9780319183955637,-0.9989575957837297,0.09321936642642185,0.10543527030584116,0.40146028986363524,0.4028376148894933,5.090787990278877,5.092303489202102,-0.45577779259859313,-0.4342793969335683,-0.2595341036751467,-0.2560353589711078,5.092303489202102,5.093250265442163,-0.9825018928443859,-1.0001619326854168,11.700811001343823,3.8675746459124842,0.4021958677776823,0.4153093143920571,1.7385006586292535,1.738553462868699,0.17383131999687412
5.939999999999918,-0.269331664617392,-0.2654596509223555,-0.97402433429434,-0.9952134670498111,0.0946065787326217,0.1041488713600353,0.4003260863702717,0.40562009359279294,5.088713030082928,5.090787990278877,-0.458151411945605,-0.438572872540624,-0.2640912504308376,-0.2604480769366942,5.090787990278877,5.092303489202102,-0.9817280926875809,-0.9989575957837297,12.114253085727368,3.7073280704817546,0.40441894702584746,0.4028376148894933,1.7256018425602835,1.7089300684725148,0.17311322161826848
5.949999999999918,-0.2752450736366785,-0.2711193839587429,-0.9661774089821752,-0.9858108893489386,0.09527288210973633,0.10969268929880135,0.39913659451125383,0.40755314545530347,5.086091342662534,5.088713030082928,-0.46045219039988483,-0.4421508177483206,-0.269331664617392,-0.2654596509223555,5.088713030082928,5.090787990278877,-0.9752756554221589,-0.9952134670498111,12.530414792404695,3.539657864293867,0.4082800426104082,0.40562009359279294,1.7248500048022912,1.7247669228053746,0.1710314337895777
5.959999999999917,-0.28181667778274455,-0.27742375097304756,-0.9545010079056884,-0.9896447219871413,0.09521374367395247,0.106776900706456,0.39789916384556334,0.4035676578915576,5.082939057672908,5.086091342662534,-0.46267976464184324,-0.4491948969398175,-0.2752450736366785,-0.2711193839587429,5.086091342662534,5.088713030082928,-0.9838210273267045,-0.9858108893489386,12.9468151520488,3.3645651678604116,0.40037396016863963,0.40755314545530347,1.7150247447161788,1.7227419690628225,0.17177114596676996
5.969999999999917,-0.28902723422323606,-0.2845555879358444,-0.9390279235024783,-0.9396065247882314,0.09442909884053119,0.11489783752940731,0.39662144169920666,0.40753410457968714,5.079275601769793,5.082939057672908,-0.4648337829116846,-0.44625074151609767,-0.28181667778274455,-0.27742375097304756,5.082939057672908,5.086091342662534,-0.9428311528668594,-0.9896447219871413,13.360969492271831,3.1820740007183557,0.40869830493764386,0.4035676578915576,1.710476612011575,1.7114537019218494,0.16169515358025327
5.979999999999917,-0.29685316880785206,-0.29189658891181147,-0.9198137304152141,-0.9396781069378505,0.09292336203569887,0.10725695929654755,0.3953113261031021,0.4015722793635192,5.075123579056979,5.079275601769793,-0.4669139050649539,-0.4542565940122435,-0.28902723422323606,-0.2845555879358444,5.079275601769793,5.082939057672908,-0.9438560439188121,-0.9396065247882314,13.770403279247716,2.9921927892360025,0.3983177960013198,0.40753410457968714,1.7085930718961633,1.7136987699873398,0.16236000510043203
5.989999999999917,-0.3052667151547192,-0.3002304395453774,-0.8969365117665201,-0.9207680019321619,0.09070540972138638,0.09797972293059795,0.3939769115224036,0.3987120569314612,5.070508631291266,5.075123579056979,-0.46891980262624955,-0.45964720039334445,-0.29685316880785206,-0.29189658891181147,5.075123579056979,5.079275601769793,-0.9186775590691779,-0.9396781069378505,14.172665855209779,2.7950076177350565,0.39357620258829745,0.4015722793635192,1.7048917948233395,1.7035069164336574,0.15941676084796702
5.9999999999999165,-0.3142360802723778,-0.30917216032704387,-0.8704964553822717,-0.8938148805578107,0.08778853562195617,0.08409442363929359,0.3926264453429412,0.3946885367308419,5.065459278730667,5.070508631291266,-0.4708511588410936,-0.4642887036823143,-0.3052667151547192,-0.3002304395453774,5.070508631291266,5.075123579056979,-0.8950374290727593,-0.9207680019321619,14.565344101520946,2.590709373047952,0.38882136649164467,0.3987120569314612,1.7060612586466655,1.7110468079213483,0.15511654335527042
6.009999999999916,-0.32372563578347235,-0.3186179939766748,-0.8406153196966636,-0.8673786579761341,0.08419037812877782,0.067622576090054,0.3912682707249762,0.3887700871733475,5.060006742652855,5.065459278730667,-0.47270766872595066,-0.46972952942405943,-0.3142360802723778,-0.30917216032704387,5.065459278730667,5.070508631291266,-0.870638421853229,-0.8938148805578107,14.94607647819651,2.3797383983941223,0.38187987705242066,0.3946885367308419,1.7047318060191938,1.723028493816261,0.15111153544738465
6.019999999999916,-0.3336961336308348,-0.32858828421131936,-0.8074357689401235,-0.8298797907144732,0.07993282016210902,0.07093646619318979,0.38991077719771744,0.3948293224189262,5.05418475064615,5.060006742652855,-0.4744890391163886,-0.4726578795136301,-0.32372563578347235,-0.3186179939766748,5.060006742652855,5.065459278730667,-0.8373764021545245,-0.8673786579761341,15.312566714442381,2.1634235891483424,0.39190528274547826,0.3887700871733475,1.7149755886418963,1.7318851270373667,0.14406959530231073
6.029999999999916,-0.3441049449587886,-0.33894920861657263,-0.7711205785445141,-0.7843756437487309,0.07504186184917892,0.10203991781286963,0.3885623485894734,0.40334600892586897,5.0480293259272075,5.05418475064615,-0.4761949887133725,-0.47326199864929275,-0.3336961336308348,-0.32858828421131936,5.05418475064615,5.060006742652855,-0.7961628588911108,-0.8298797907144732,15.662597655464722,1.945344711191661,0.405253055135396,0.3948293224189262,1.715962081290301,1.754560720220419,0.13431279003272012
6.039999999999916,-0.35490632068797695,-0.34965344325425524,-0.7318517122193671,-0.7560178044808593,0.06954746661905145,0.08740687435142697,0.38723130688879764,0.3926779347426402,5.041578562077711,5.0480293259272075,-0.477825248127685,-0.47963488586106034,-0.3441049449587886,-0.33894920861657263,5.0480293259272075,5.05418475064615,-0.7666628010577249,-0.7843756437487309,15.994044896181798,1.7281184697516419,0.39071011379268733,0.40334600892586897,1.7196280121063736,1.7305556739942713,0.1299814426068051
6.0499999999999154,-0.36605167213381534,-0.3609137553089273,-0.6898292731911215,-0.7255227449720164,0.06348338150923329,0.06983443940962784,0.3859258655365508,0.38998414768216716,5.034872384644197,5.041578562077711,-0.479379559922466,-0.4851000923862514,-0.35490632068797695,-0.34965344325425524,5.041578562077711,5.0480293259272075,-0.7375175453236641,-0.7560178044808593,16.304890051817807,1.5138863963712166,0.38406891559792056,0.3926779347426402,1.7273573759094685,1.7141068415116614,0.12418633707732413
6.059999999999915,-0.37748986986311606,-0.372577110493551,-0.64527033354144,-0.6635468130065502,0.056886932610191905,0.06686807170427732,0.38465408403693485,0.3928179186432482,5.027952301165809,5.034872384644197,-0.4808576786538649,-0.4843332125775216,-0.36605167213381534,-0.3609137553089273,5.034872384644197,5.041578562077711,-0.6860865198591575,-0.7255227449720164,16.59323392165701,1.3109026281274527,0.3899739460894057,0.38998414768216716,1.7338978977767052,1.7406299752229613,0.11175610208397058
6.069999999999915,-0.38916755884568427,-0.3842375553751137,-0.5984076465606116,-0.6172287395445313,0.04979879680407001,0.07292137458070876,0.38342380660747355,0.39573391753954856,5.020861141291678,5.027952301165809,-0.4822593709097992,-0.487129382466443,-0.37748986986311606,-0.372577110493551,5.027952301165809,5.034872384644197,-0.639869497390109,-0.6635468130065502,16.857309198864723,1.1174540903214463,0.39661570203342855,0.3928179186432482,1.7451577363264363,1.7621329922041737,0.10289182709132927
6.079999999999915,-0.4010294878342097,-0.3961827773244721,-0.5494882480913916,-0.577356515890558,0.042262751207102926,0.06132151404281025,0.38224261727419795,0.3908433925007275,5.013642788629391,5.020861141291678,-0.4835844153468127,-0.492521978175954,-0.38916755884568427,-0.3842375553751137,5.020861141291678,5.027952301165809,-0.6007442578349201,-0.6172287395445313,17.095492097735242,0.9290535540784406,0.3875258083844345,0.39573391753954856,1.7606094849004286,1.7651599221504055,0.0963392008514819
6.089999999999915,-0.4130188507984204,-0.4084121192572456,-0.49877195496172044,-0.5310379184827326,0.03432540176758015,0.05728747298592806,0.3811177954099159,0.39272345855429247,5.006341906129611,5.013642788629391,-0.48483260272502837,-0.49651056759172013,-0.4010294878342097,-0.3961827773244721,5.013642788629391,5.020861141291678,-0.5556826414103492,-0.577356515890558,17.306313651634806,0.7573779559859056,0.39164756915072074,0.3908433925007275,1.7726539038702847,1.769347973653998,0.08809844833447456
6.099999999999914,-0.4250776381598983,-0.4207452734441828,-0.4465297694613978,-0.4778127471314641,0.026035892716023697,0.04223245452738324,0.38005627255878166,0.38789800173329425,4.999003656797138,5.006341906129611,-0.4860037359411898,-0.49974721857184434,-0.4130188507984204,-0.4084121192572456,5.006341906129611,5.013642788629391,-0.5048636004589746,-0.5310379184827326,17.488470108664607,0.6042432258596631,0.38386047699901227,0.39272345855429247,1.7856894990672891,1.788965847716657,0.07900194512766157
6.109999999999914,-0.4371469955105082,-0.4330582730638187,-0.39304220017323477,-0.4205838324939649,0.01744559872294792,0.028223273245002116,0.3790645841541273,0.38598694504111897,4.991673421508249,4.999003656797138,-0.4870976300597859,-0.5022440641317769,-0.4250776381598983,-0.4207452734441828,4.999003656797138,5.006341906129611,-0.4499876477360332,-0.4778127471314641,17.640832306904922,0.46554238792142916,0.3808199151166003,0.38789800173329425,1.7971453087235547,1.8008892290578498,0.06918579106795819
6.119999999999914,-0.449167587455986,-0.44529354567309315,-0.33859751059075016,-0.36272083784887843,0.00860780179175767,-0.0009290846663737098,0.37814883496633717,0.3775514031011738,4.984396515812441,4.991673421508249,-0.4881141123422546,-0.5053432793508978,-0.4371469955105082,-0.4330582730638187,4.991673421508249,4.999003656797138,-0.39360217360573235,-0.4205838324939649,17.762453717504606,0.338252914458122,0.37171964062101115,0.38598694504111897,1.8176268543230767,1.824178906857979,0.060049733677804695
6.129999999999914,-0.4610799642054309,-0.4574295376132691,-0.28348990836571364,-0.3158702173295979,-0.0004226450175464757,-0.0015272055182699428,0.37731465750279514,0.38497744463677785,4.977217907523494,4.984396515812441,-0.48905302227426,-0.5094787229785119,-0.449167587455986,-0.44529354567309315,4.984396515812441,4.991673421508249,-0.3459538862440598,-0.36272083784887843,17.85257756686712,0.22014200072377213,0.3825620270514293,0.3775514031011738,1.8350234170985373,1.8493610859830139,0.052049185365242834
6.1399999999999135,-0.47282492853096864,-0.46954159201442314,-0.22801768846441745,-0.2479890522636397,-0.009589664741298402,0.0002700894623140304,0.3765671812146955,0.38371227053154494,4.970181936931764,4.977217907523494,-0.48991421159103965,-0.5089703756002044,-0.4610799642054309,-0.4574295376132691,4.977217907523494,4.984396515812441,-0.28203524636197724,-0.3158702173295979,17.910642362365643,0.11117050989193103,0.37986557776818275,0.38497744463677785,1.8546645589236646,1.8877050026384592,0.03942878358578128
6.149999999999913,-0.48434390074072303,-0.48130522136536313,-0.17248134454189937,-0.19717360885321322,-0.018836312209778674,-0.007421164387905294,0.3759109937443409,0.383753694364956,4.9633320414171305,4.970181936931764,-0.49069754430081725,-0.5122882831751474,-0.47282492853096864,-0.46954159201442314,4.970181936931764,4.977217907523494,-0.22942250603854536,-0.2479890522636397,17.936286238486936,0.010497276789617302,0.38075371441948286,0.38371227053154494,1.8709763621176532,1.880585873578242,0.030983061809784274
6.159999999999913,-0.49557927934909146,-0.4929132796916825,-0.11718166292592594,-0.13644292382137885,-0.028105135812498332,-0.01883936388303262,0.37535012317612537,0.38178284354260406,4.956710486191563,4.9633320414171305,-0.4914028967062772,-0.5134284593676116,-0.48434390074072303,-0.48130522136536313,4.9633320414171305,4.970181936931764,-0.17023668088429916,-0.19717360885321322,17.92934954205137,-0.08205979024452095,0.3783720451279133,0.383753694364956,1.8908267622333816,1.8996756515393733,0.020515179675929085
6.169999999999913,-0.5064747951823259,-0.5041646790047621,-0.06241781426607625,-0.06704140686361448,-0.03733854288398752,-0.08223854210524563,0.37488800811245643,0.35686272598790236,4.950358102913668,4.956710486191563,-0.49203015742409795,-0.5148170191329463,-0.49557927934909146,-0.4929132796916825,4.956710486191563,4.9633320414171305,-0.10399330163365177,-0.13644292382137885,17.889876436352434,-0.16656137867850046,0.35444805574250665,0.38178284354260406,1.9093065639149698,1.9173260580307983,0.010652340128184168
6.179999999999913,-0.5169758567309369,-0.5149354744563416,-0.0084854572409278,-0.028577262983116927,-0.04647916611916661,-0.06397000816485338,0.37452747839669814,0.3828515716090002,4.944314037757933,4.950358102913668,-0.4925792274025408,-0.5190713339049502,-0.5064747951823259,-0.5041646790047621,4.950358102913668,4.956710486191563,-0.06664306692187046,-0.06704140686361448,17.818114586803276,-0.2436161663281947,0.374684510966687,0.35686272598790236,1.930886741180285,1.9388948978246678,0.004135859448608614
6.1899999999999125,-0.5270298846406769,-0.5255333412214422,0.04432513114471642,0.014886131570034496,-0.05547022848453962,-0.04302729864516669,0.3742707437533047,0.3756132008111977,4.938615510525098,4.944314037757933,-0.4930500199370911,-0.5212042737570656,-0.5169758567309369,-0.5149354744563416,4.944314037757933,4.950358102913668,-0.015215534426184027,-0.028577262983116927,17.714513575463165,-0.3131742479234193,0.37300428453170265,0.3828515716090002,1.9498625957311673,2.0235234456438516,-0.004329067464376668
6.199999999999912,-0.5365866333292297,-0.535749725047015,0.09573088479136022,0.0773565050731676,-0.06425590408830517,-0.03487231150583564,0.3741193561916081,0.38940286124528267,4.933297586262962,4.938615510525098,-0.49344246068415,-0.5193382130425689,-0.5270298846406769,-0.5255333412214422,4.938615510525098,4.944314037757933,0.044480463143227074,0.014886131570034496,17.57972200891684,-0.37511047736910613,0.3911685340577252,0.3756132008111977,1.969534726839303,1.9472733481687545,-0.016411512004446127
6.209999999999912,-0.545598497818648,-0.5452985430822986,0.14545772451904743,0.12951331133263247,-0.07278167241656588,-0.08631537705842612,0.37407423535017903,0.3635322297512935,4.928392960775297,4.933297586262962,-0.49375648767277425,-0.5218836493525801,-0.5365866333292297,-0.535749725047015,4.933297586262962,4.938615510525098,0.09687049998572456,0.0773565050731676,17.414582403323188,-0.42950622274479466,0.3652130715877543,0.38940286124528267,1.9894735683693674,1.9962908136153354,-0.0234148937297185
6.219999999999912,-0.55402080397941,-0.5542757076265279,0.1932422678006101,0.19044046249023178,-0.08099466363650379,-0.10692345273262414,0.3741356385561059,0.37096675199937873,4.9239317612871885,4.928392960775297,-0.49399205131446206,-0.5206784589011578,-0.545598497818648,-0.5452985430822986,4.928392960775297,4.933297586262962,0.155883445273866,0.12951331133263247,17.22012643527708,-0.47633839926150773,0.3629490942745365,0.3635322297512935,2.00944577226127,1.9877847431012068,-0.033597248725370066
6.229999999999912,-0.5618120805053823,-0.5625590418558715,0.23883346192791144,0.24272795518228268,-0.08884399243104438,-0.10183339027965171,0.3743031818477386,0.37466249216185005,4.919941363469815,4.9239317612871885,-0.49414911441098364,-0.5195945244456287,-0.55402080397941,-0.5542757076265279,4.9239317612871885,4.928392960775297,0.2087766821131084,0.19044046249023178,16.997567316895292,-0.5156687611397002,0.37251546377211525,0.37096675199937873,2.0344941898746485,2.068838183203231,-0.042964517410242764
6.239999999999911,-0.5689343110490569,-0.5701257349866367,0.28199412977744304,0.2740593544217489,-0.09628107821341785,-0.08749093162754226,0.3745758142223718,0.3803939092413595,4.916446225834638,4.919941363469815,-0.49422765216025527,-0.5216425360078651,-0.5618120805053823,-0.5625590418558715,4.919941363469815,4.9239317612871885,0.23367845566623818,0.24272795518228268,16.748292365527877,-0.5477753368459659,0.38232356400874223,0.37466249216185005,2.04581483129414,2.076940995859688,-0.04848319897877151
6.249999999999911,-0.575353165076398,-0.5770968693498836,0.32250241989292483,0.3214746072565913,-0.10325994944377676,-0.10949190613098857,0.37495184363611156,0.3708245426992272,4.913467742497427,4.916446225834638,-0.494227652160256,-0.5209961760116366,-0.5689343110490569,-0.5701257349866367,4.916446225834638,4.919941363469815,0.29229330871958353,0.2740593544217489,16.47385311699926,-0.5724262725632767,0.3680921815060299,0.3803939092413595,2.066248667420156,2.0744543026112603,-0.056100693338246965
6.259999999999911,-0.5810382061193556,-0.5831739058996334,0.36015315235449125,0.3573147090622737,-0.10973753015806105,-0.12828454616254034,0.3754289436123404,0.3691152639951933,4.911024115093083,4.913467742497427,-0.49414911441098575,-0.5219198013486818,-0.575353165076398,-0.5770968693498836,4.913467742497427,4.916446225834638,0.32670849562490517,0.3214746072565913,16.175955851015413,-0.5897724837699126,0.36318243294176095,0.3708245426992272,2.081369896615723,2.078478674652393,-0.061254104550951594
6.269999999999911,-0.5859630762393553,-0.5884428463382474,0.39475905410313245,0.3992231580956852,-0.11567390679902251,-0.12961425276097072,0.3760041726174729,0.3748299558181031,4.909130244544464,4.911024115093083,-0.4939920513144656,-0.5197036662871768,-0.5810382061193556,-0.5831739058996334,4.911024115093083,4.913467742497427,0.37171220756823764,0.3573147090622737,15.856450633079376,-0.5997622129645148,0.37496676738408574,0.3691152639951933,2.1030535164492763,2.112201504654824,-0.0687391800510706
6.2799999999999105,-0.5901056556420776,-0.5927969275698137,0.42615187790660125,0.41571104426010497,-0.12103257369224824,-0.1400598980181741,0.3766739828975884,0.3692233621648878,4.9077976432544625,4.909130244544464,-0.49375648767277924,-0.5220951184150057,-0.5859630762393553,-0.5884428463382474,4.909130244544464,4.911024115093083,0.38105726852733746,0.3992231580956852,15.517319862117212,-0.6028965107984463,0.36565445083988407,0.3748299558181031,2.118706112107733,2.1427963313468092,-0.07070180915480806
6.28999999999991,-0.5934481965190165,-0.5965019258063169,0.45418340040994953,0.45379483135201804,-0.12578065563837879,-0.12848663695330179,0.3774342451258617,0.38043769412222006,4.9070343681686115,4.9077976432544625,-0.49344246068415637,-0.5182968188698156,-0.5901056556420776,-0.5927969275698137,4.9077976432544625,4.909130244544464,0.43078927750637436,0.41571104426010497,15.16066575400223,-0.5987048066614453,0.38209749609594834,0.3692233621648878,2.1357829387042844,2.1399005187116193,-0.07820510693650129
6.29999999999991,-0.5959774303267875,-0.5992225907697328,0.4787262952167788,0.47873499774811673,-0.12988910634744394,-0.13918882312041234,0.3782802801327663,0.37181635837607924,4.906844975008723,4.9070343681686115,-0.49305001993709885,-0.5174002880940972,-0.5934481965190165,-0.5965019258063169,4.9070343681686115,4.9077976432544625,0.44901656298460263,0.45379483135201804,14.788697581589922,-0.5876423041999596,0.3709237886632644,0.38043769412222006,2.1487598394028593,2.1678751310189477,-0.08182230267563562
6.30999999999991,-0.597684647857927,-0.6011267428132568,0.49967487786011244,0.505896375220408,-0.1333328816185357,-0.14434143423071374,0.37920687700338424,0.3753698179570508,4.907230493886068,4.906844975008723,-0.49257922740255,-0.5148042343642787,-0.5959774303267875,-0.5992225907697328,4.906844975008723,4.9070343681686115,0.48388419360376034,0.47873499774811673,14.403718502864967,-0.5695264247546236,0.37684806561864065,0.37181635837607924,2.1635529270840554,2.1510209526508883,-0.08632250844897815
6.31999999999991,-0.5985657516022563,-0.6021578412699329,0.5169457203737713,0.529086330916496,-0.13609108632060898,-0.12451523073185128,0.38020833887828087,0.3861788217683968,4.908188426327211,4.907230493886068,-0.49203015742410855,-0.5111080622359292,-0.597684647857927,-0.6011267428132568,4.907230493886068,4.906844975008723,0.5047212884561679,0.505896375220408,14.00811145567439,-0.5447333338670511,0.39014169849054137,0.3753698179570508,2.173008871485346,2.178823399631762,-0.09104977903400369
6.3299999999999095,-0.5986212800456842,-0.6023518079045137,0.530478133175234,0.5304234790562566,-0.13814709453125185,-0.12637411146110739,0.3812785041702666,0.3809213737903301,4.9097127636457865,4.908188426327211,-0.49140289670628917,-0.5113850959804321,-0.5985657516022563,-0.6021578412699329,4.908188426327211,4.907230493886068,0.5064031828648069,0.529086330916496,13.604325340557018,-0.514611648023596,0.383922239954896,0.3861788217683968,2.1821023514400286,2.1862923799662743,-0.09096671192408157
6.339999999999909,-0.5978564037113336,-0.6019103243049934,0.540234513110934,0.5414386638674467,-0.13948864226387145,-0.14066021208200968,0.38241078894117786,0.3784494781852387,4.911794026529305,4.9097127636457865,-0.4906975443008306,-0.5096442798449861,-0.5986212800456842,-0.6023518079045137,4.9097127636457865,4.908188426327211,0.5203698891383338,0.5304234790562566,13.194860079342545,-0.47931367764188837,0.3787882246119606,0.3809213737903301,2.1912936008253343,2.1654139852699643,-0.0922660444600073
6.349999999999909,-0.5962808929038819,-0.6005998049187792,0.5462005562354388,0.558284154291679,-0.14010789252099184,-0.15482624671367326,0.38359823425224726,0.376243867897669,4.914419325453207,4.911794026529305,-0.4899142115910544,-0.5059735717379571,-0.5978564037113336,-0.6019103243049934,4.911794026529305,4.9097127636457865,0.5449251107256614,0.5414386638674467,12.782251880983479,-0.4379440320265561,0.374786857102414,0.3784494781852387,2.202682864792424,2.1840420200317774,-0.09462623318082208
6.359999999999909,-0.5939090572852838,-0.5983449848035974,0.5483853345195355,0.5578647310413519,-0.14000147256344814,-0.1629774354544362,0.38483353967289763,0.37511589588396244,4.9175724415470485,4.914419325453207,-0.48905302227427616,-0.504311687971223,-0.5962808929038819,-0.6005998049187792,4.914419325453207,4.911794026529305,0.5397732636308232,0.558284154291679,12.369058320178084,-0.393828861625532,0.3731807661706259,0.376243867897669,2.2016069380417638,2.203416630289668,-0.09403329683237438
6.369999999999909,-0.5907596575786545,-0.595371427852998,0.5468212362192486,0.568452864821614,-0.13917048341811378,-0.14500914278493474,0.386109110100011,0.38598876097253626,4.921233927402539,4.9175724415470485,-0.48811411234227214,-0.4987451903029334,-0.5939090572852838,-0.5983449848035974,4.9175724415470485,4.914419325453207,0.5553674753142973,0.5578647310413519,11.957842753141229,-0.3452538593517904,0.3892957300642075,0.37511589588396244,2.208259850000497,2.214610857442024,-0.09662623755006461
6.379999999999908,-0.5868557898668714,-0.5915121531696188,0.5415637695666043,0.55929053069313,-0.13762048189015483,-0.1385287847317456,0.3874171020715125,0.3824682801767052,4.925381227147224,4.921233927402539,-0.48709763005980483,-0.4963895242704214,-0.5907596575786545,-0.595371427852998,4.921233927402539,4.9175724415470485,0.546334962782795,0.568452864821614,11.551158887732814,-0.29660575058372707,0.38699022157746715,0.38598876097253626,2.2057347058376666,2.2251133216461763,-0.09512262889919743
6.389999999999908,-0.582224743128491,-0.587023822495514,0.5326912300544611,0.5598166716012941,-0.1353614354742137,-0.1269547977818694,0.3887494687210912,0.38916522288658795,4.929988815025479,4.925381227147224,-0.48600373594121005,-0.4912491035827516,-0.5868557898668714,-0.5915121531696188,4.925381227147224,4.921233927402539,0.5491842359365194,0.55929053069313,11.151535193218574,-0.24654430379725617,0.39445034399084633,0.3824682801767052,2.210041620931323,2.193297518685152,-0.0957747189127624
6.399999999999908,-0.5768978308279537,-0.5817374521305012,0.5203042320233257,0.5377767167637324,-0.1324076507086613,-0.12770586730708056,0.39009801820314927,0.3859901735930592,4.935028351696799,4.929988815025479,-0.48483260272504997,-0.4901965593998986,-0.582224743128491,-0.587023822495514,4.929988815025479,4.925381227147224,0.5313640331780204,0.5598166716012941,10.761459200755928,-0.20061582105883968,0.3907234140824726,0.38916522288658795,2.210259103466952,2.19775494890355,-0.09154089273060262
6.409999999999908,-0.5709101975504492,-0.5759250338198438,0.5045251055640304,0.5281608999054386,-0.12877767570544701,-0.13796105344098095,0.39145445316523475,0.38484560140957474,4.940468857287018,4.935028351696799,-0.4835844153468356,-0.4865060084560118,-0.5768978308279537,-0.5817374521305012,4.935028351696799,4.929988815025479,0.5227455606685498,0.5377767167637324,10.383362196101043,-0.15723623446568188,0.3874165728832147,0.3859901735930592,2.2116148813474976,2.182725398366703,-0.08941902536383206
6.419999999999908,-0.5643006018444138,-0.569365110259347,0.4854971608843674,0.5019899193040535,-0.12449417762265345,-0.13729782136263602,0.3928104296714808,0.384824316021901,4.946276900148171,4.940468857287018,-0.48225937090982346,-0.4848210185125149,-0.5709101975504492,-0.5759250338198438,4.940468857287018,4.935028351696799,0.5007869826930451,0.5281608999054386,10.01960350104633,-0.11947273628906424,0.3868051163929706,0.38484560140957474,2.202999942497655,2.1972914011144575,-0.08454409174683208
6.429999999999907,-0.5571111765970181,-0.5622814743350669,0.463383822362997,0.48946687535826133,-0.1195837960849316,-0.1395701700624509,0.39415760261335914,0.38339948682530445,4.952416800241131,4.946276900148171,-0.48085767865389056,-0.48001635678958604,-0.5643006018444138,-0.569365110259347,4.946276900148171,4.940468857287018,0.4891867569979149,0.5019899193040535,9.672455517245734,-0.0851687349045073,0.38234358247260497,0.384824316021901,2.1972862444984775,2.1934863014245543,-0.08226511754548088
6.439999999999907,-0.5493871684296456,-0.5544915720811683,0.4383676359450729,0.46163957494572117,-0.1140769735671611,-0.11887278359875829,0.3954876780742397,0.3940965798502979,4.958850845963368,4.952416800241131,-0.479379559922493,-0.47757790106468956,-0.5571111765970181,-0.5622814743350669,4.952416800241131,4.946276900148171,0.46441860457611306,0.48946687535826133,9.344088743423944,-0.05437172232431329,0.3977441980791829,0.38339948682530445,2.196659378440502,2.1893261932005452,-0.07691367101647872
6.449999999999907,-0.5411766577465508,-0.5462502962562219,0.4106491540759582,0.43637743366290316,-0.10800776392330051,-0.10867218926648975,0.396792465157149,0.39268479449738447,4.965539523133942,4.958850845963368,-0.4778252481277134,-0.474084484520661,-0.5493871684296456,-0.5544915720811683,4.958850845963368,4.952416800241131,0.4431833099214021,0.46163957494572117,9.036557458737825,-0.035471937793454165,0.39926238059067143,0.3940965798502979,2.186509176061849,2.191901211891089,-0.07216581173556091
6.459999999999907,-0.5325302612084022,-0.5375176755940638,0.3804457035543263,0.40145692312062087,-0.10141362031292424,-0.10879579364536753,0.39806392213322245,0.39081071700909475,4.972441754830723,4.965539523133942,-0.4761949887134022,-0.47220648981788443,-0.5411766577465508,-0.5462502962562219,4.965539523133942,4.958850845963368,0.41244880189726835,0.43637743366290316,8.751786006098616,-0.03264387775323149,0.39427120987461706,0.39268479449738447,2.1779745462043105,2.160998068631609,-0.06531118577617939
6.4699999999999065,-0.5235008185257057,-0.5284325439004058,0.34799004285065094,0.3606996947783313,-0.09433516384348488,-0.09220172692618905,0.3992942148313467,0.3969663599359844,4.979515150699085,4.972441754830723,-0.47448903911641965,-0.4701226716884089,-0.5325302612084022,-0.5375176755940638,4.972441754830723,4.965539523133942,0.3755118885809725,0.40145692312062087,8.491555673810785,-0.04439311833645372,0.4016563586179287,0.39081071700909475,2.160665243718343,2.1498903704510464,-0.05830987221199696
6.479999999999906,-0.5141430655742805,-0.5190451825318101,0.31352891621710466,0.33097485140675265,-0.08681593439174784,-0.09883015764905821,0.40047575848441413,0.3899414248693471,4.986716264267934,4.979515150699085,-0.472707668725983,-0.4661720027361583,-0.5235008185257057,-0.5284325439004058,4.979515150699085,4.972441754830723,0.3467518611516812,0.3606996947783313,8.257492813949614,-0.06654652786368541,0.38993945678111896,0.3969663599359844,2.15359847184838,2.1401054235303683,-0.052873179795651815
6.489999999999906,-0.5045132959288132,-0.5092358824898701,0.27732151362441526,0.2940194287551975,-0.07890212503013751,-0.07143066210449664,0.4016012627504575,0.40479504312315334,4.9940008567942105,4.986716264267934,-0.47085115884112727,-0.46183945922459124,-0.5141430655742805,-0.5190451825318101,4.986716264267934,4.979515150699085,0.31076185872836415,0.33097485140675265,8.051057547786744,-0.09820789449779693,0.4081425446741404,0.3899414248693471,2.1395695170793214,2.119041681884524,-0.04739642326527882
6.499999999999906,-0.49466901298070887,-0.4991815121425643,0.23963784618670603,0.2512359259299103,-0.07064230161953455,-0.054916249570608665,0.4026637844361264,0.40306594783997507,5.001324166129463,4.9940008567942105,-0.4689198026262846,-0.45886284168332203,-0.5045132959288132,-0.5092358824898701,4.9940008567942105,4.986716264267934,0.270332945287707,0.2940194287551975,7.873533727690052,-0.13902621181301975,0.41205997998443133,0.40479504312315334,2.12467303963402,2.1262022660324766,-0.040318670459242256
6.509999999999906,-0.4846685748628463,-0.48898545105651364,0.20075704770473157,0.22458828985108967,-0.06208710921162952,-0.07592036146196324,0.4036567577920918,0.391354960219938,5.008641179018703,5.001324166129463,-0.4669139050649902,-0.4538116481226923,-0.49466901298070887,-0.4991815121425643,5.001324166129463,4.9940008567942105,0.24486867779371446,0.2512359259299103,7.726020409783767,-0.18693657640589384,0.3914978277375405,0.40306594783997507,2.109138860297187,2.080500449661837,-0.03517380293382133
6.519999999999905,-0.4745708344420539,-0.47850607070506385,0.16096561451284114,0.19660668920932609,-0.05328896682810479,-0.04810704995654942,0.4045740507428777,0.4083987891188351,5.015906905250712,5.008641179018703,-0.4648337829117222,-0.44684962784185084,-0.4846685748628463,-0.48898545105651364,5.008641179018703,5.001324166129463,0.2147797456228036,0.22458828985108967,7.609424119361753,-0.2417314841866627,0.41035173256186835,0.391354960219938,2.092512150608656,2.0683555195627368,-0.03165644286321301
6.529999999999905,-0.46443477665338845,-0.4679001235813832,0.12055559547045237,0.15255247726168764,-0.044301752437380035,-0.03614322186479974,0.40540999676723066,0.40351139333266717,5.023076652040483,5.015906905250712,-0.4626797646418822,-0.4439472956231471,-0.4745708344420539,-0.47850607070506385,5.015906905250712,5.008641179018703,0.17200726219390983,0.19660668920932609,7.524453322059799,-0.30455272331075267,0.4106955836705145,0.4083987891188351,2.076613083870076,2.0847553720931216,-0.02395282795823611
6.539999999999905,-0.4543191554568036,-0.4574292351362599,0.07982274578072857,0.10374338327852037,-0.035180479774368986,-0.036382839664169817,0.4061594185286376,0.4015475840616931,5.030106297053304,5.023076652040483,-0.4604521903999251,-0.44249069669882396,-0.46443477665338845,-0.4679001235813832,5.023076652040483,5.015906905250712,0.12597287735879473,0.15255247726168764,7.471613807087225,-0.3756698350688408,0.4052209011910289,0.40351139333266717,2.0584411412859844,2.03447651135118,-0.014938538437435922
6.549999999999905,-0.44428213267388633,-0.44713270776143793,0.03906465819983375,0.056025519659695974,-0.025980968746166018,-0.034064666851629885,0.40681768062450935,0.4014173235679423,5.036952558428503,5.030106297053304,-0.4581514119456465,-0.44070462322347287,-0.4543191554568036,-0.4574292351362599,5.030106297053304,5.023076652040483,0.07974606011756918,0.10374338327852037,7.451205452953968,-0.4548868189338366,0.40411483218938093,0.4015475840616931,2.0423566303477236,2.0232810607957497,-0.006428084537965062
6.559999999999905,-0.43438092092893876,-0.43699205898285576,-0.0014211154176051316,0.0110667387711708,-0.01675951137625823,-0.0087075847360229,0.4073807058016026,0.4092690681737587,5.043573260192099,5.036952558428503,-0.45577779259863593,-0.43739555153623366,-0.44428213267388633,-0.44713270776143793,5.036952558428503,5.030106297053304,0.03549846576996325,0.056025519659695974,7.463321430290039,-0.5418480589935166,0.4136384844022209,0.4014173235679423,2.0164700972279213,2.0151531681980277,0.00040349255337790435
6.569999999999904,-0.4246714328791398,-0.42700319733794045,-0.041338937603479786,-0.035039778698998394,-0.007572534955181946,-0.003428199197618921,0.40784500256747824,0.40389522136585637,5.0499275914555755,5.043573260192099,-0.4533317071809041,-0.4353658069556301,-0.43438092092893876,-0.43699205898285576,5.043573260192099,5.036952558428503,-0.00979530043910211,0.0110667387711708,7.50784806037822,-0.6363866447932808,0.4051100460255727,0.4092690681737587,1.9984832706273479,1.9951950729876606,0.008362609617689643
6.579999999999904,-0.41520793884922436,-0.4172298013349359,-0.0803969407706735,-0.06387169912865989,0.0015237356932353285,-0.0011074592124822825,0.4082076859877777,0.4062294748208354,5.055976357825227,5.0499275914555755,-0.4508135419576944,-0.4296020779021028,-0.4246714328791398,-0.42700319733794045,5.0499275914555755,5.043573260192099,-0.03502729900745097,-0.035039778698998394,7.584466589723528,-0.7372218597633832,0.4099070530005481,0.40389522136585637,1.9858229665420266,1.9572312625268384,0.012372276567166884
6.589999999999904,-0.4060427349196004,-0.40754986515961716,-0.11830885153930085,-0.09975276286973188,0.01047361499529976,0.016480944400617446,0.4084665031877043,0.4092860032874536,5.061682223488062,5.055976357825227,-0.4482236945764871,-0.4256241788993825,-0.41520793884922436,-0.4172298013349359,5.055976357825227,5.0499275914555755,-0.0781721273941464,-0.06387169912865989,7.692656350432149,-0.8449942596227653,0.4137721954618723,0.4062294748208354,1.9626921527053007,1.9606773534986892,0.018074313739765313
6.599999999999904,-0.3972258234349934,-0.3981646665593505,-0.15479577162344693,-0.13405981234582645,0.019222290562946068,0.02461567342197128,0.40861983882526576,0.4068771533926569,5.067009942434266,5.061682223488062,-0.44556257400420607,-0.42195722278306935,-0.4060427349196004,-0.40754986515961716,5.061682223488062,5.055976357825227,-0.11190705154195327,-0.09975276286973188,7.83169955219502,-0.9592140318982707,0.4079614117026834,0.4092860032874536,1.940540734189619,1.9356548122370592,0.02379255622371884
6.6099999999999035,-0.38880460781389603,-0.3891304122235159,-0.18958790310954723,-0.1721377619020105,0.02771615251472679,0.03694305607279594,0.4086667296705305,0.4098160382772949,5.0719265774241284,5.067009942434266,-0.4428306004626384,-0.41925456352913704,-0.3972258234349934,-0.3981646665593505,5.067009942434266,5.061682223488062,-0.1499140970187532,-0.13405981234582645,8.000686947379537,-1.0799655821387395,0.41351197155241093,0.4068771533926569,1.9198511318149711,1.9056976224217934,0.030124151305621127
6.619999999999903,-0.3808236034390389,-0.3805424921735016,-0.22242620769522375,-0.2178243481392785,0.035903116275916004,0.029849221201965176,0.4086068724686625,0.40232962093987795,5.076401705260029,5.0719265774241284,-0.4400282053620764,-0.4194216194641786,-0.38880460781389603,-0.3891304122235159,5.0719265774241284,5.067009942434266,-0.19402364989055457,-0.1721377619020105,8.198525053886428,-1.207699339819188,0.4003187897776109,0.4098160382772949,1.903617025812069,1.891491070142922,0.038879127290676996
6.629999999999903,-0.3733241663120126,-0.3725065744143891,-0.2530639898825715,-0.25482160236881646,0.04373293705101442,0.04343240728320043,0.4084406219965243,0.40970924578007994,5.080407607047148,5.076401705260029,-0.43715583123319274,-0.4172234154997325,-0.3808236034390389,-0.3805424921735016,5.076401705260029,5.0719265774241284,-0.23046216919504728,-0.2178243481392785,8.423944408537723,-1.3418600361076691,0.411670923451642,0.40232962093987795,1.8858928378363595,1.87050015508921,0.044716841085343406
6.639999999999903,-0.36634424104788443,-0.3650565859564757,-0.2812683951051576,-0.28250921879901747,0.05115751420649774,0.05462065837862539,0.40816899495117154,0.4086247056914945,5.083919442249975,5.080407607047148,-0.4342139316571601,-0.41357330305001055,-0.3733241663120126,-0.3725065744143891,5.080407607047148,5.076401705260029,-0.2542520187056097,-0.25482160236881646,8.675508645335624,-1.480792225582827,0.4107196350884263,0.40970924578007994,1.8654564298368506,1.874219839754577,0.048516717093534834
6.649999999999903,-0.3599181296738202,-0.35819074226345293,-0.3068218152309175,-0.29346836181671815,0.05813118375190707,0.05008341173658437,0.4077936547257589,0.4023012155461915,5.086915405349336,5.083919442249975,-0.43120297119402506,-0.4085211299088636,-0.36634424104788443,-0.3650565859564757,5.083919442249975,5.080407607047148,-0.26513450149064544,-0.28250921879901747,8.951624706318139,-1.6212505132571735,0.39948625385040165,0.4086247056914945,1.8478302626600664,1.844669308648852,0.050330387645410646
6.659999999999902,-0.35407628258424223,-0.35182148599252494,-0.3295231941557143,-0.3340154757999469,0.06461099728724973,0.05548610700911379,0.40731691122237773,0.4043717672999994,5.089376864043474,5.086915405349336,-0.42812342530934894,-0.4096995579482336,-0.3599181296738202,-0.35819074226345293,5.086915405349336,5.083919442249975,-0.31570450755855123,-0.29346836181671815,9.250553394731218,-1.7688954092510618,0.40343555777606466,0.4023012155461915,1.8282676301462135,1.8241564129154737,0.057878071955708654
6.669999999999902,-0.34884511288225445,-0.34637218263291614,-0.3491892281625501,-0.3513771507333625,0.07055698565076621,0.05935374512728379,0.4067417033492594,0.40337168280822283,5.0912884780961605,5.089376864043474,-0.4249757802991261,-0.40679307837536793,-0.35407628258424223,-0.35182148599252494,5.089376864043474,5.086915405349336,-0.3244613979247108,-0.3340154757999469,9.570421083613608,-1.917520511407422,0.4006650161473486,0.4043717672999994,1.8138669556018368,1.8213343391899386,0.0604208957424518
6.679999999999902,-0.34424683522012595,-0.3415468600509995,-0.3656554555515417,-0.371169747851432,0.07593240574077618,0.07109532765512333,0.40607157658696474,0.4059370091193356,5.092638297966413,5.0912884780961605,-0.42176053321299234,-0.4046007932752969,-0.34884511288225445,-0.34637218263291614,5.0912884780961605,5.089376864043474,-0.3499630718683652,-0.3513771507333625,9.909231611202081,-2.0683985179089657,0.40734980699350903,0.40337168280822283,1.798240895438907,1.807930659499866,0.06305393322429742
6.689999999999902,-0.34029933011963603,-0.3374109107649406,-0.37877723131379604,-0.38574412280688364,0.08070396898896255,0.09117760760771244,0.4053106663664855,0.41008095697120356,5.093417842492415,5.092638297966413,-0.4184781917757349,-0.4020048239796411,-0.34424683522012595,-0.3415468600509995,5.092638297966413,5.0912884780961605,-0.3646220985699292,-0.371169747851432,10.26487859233991,-2.218837727214763,0.4133714750946016,0.4059370091193356,1.7821996000439302,1.7945923275093707,0.06459391321470048
6.699999999999902,-0.337016034620903,-0.33392850769790816,-0.38843058353061,-0.4038681669052963,0.08484204998408486,0.09425181566375962,0.40446366955417046,0.40563027509615746,5.0936221551067,5.093417842492415,-0.4151292743071168,-0.40155631605009084,-0.34029933011963603,-0.3374109107649406,5.093417842492415,5.092638297966413,-0.3900714674171058,-0.38574412280688364,10.635158364066225,-2.3711480905794886,0.4043801791031343,0.41008095697120356,1.769426687469159,1.771347942219614,0.06762780835218268
6.709999999999901,-0.3344058599729014,-0.3311718942016987,-0.3945129481734064,-0.39771758527515805,0.08832087393373445,0.10996836476390137,0.40353581654062953,0.41125572744059247,5.093249838113379,5.0936221551067,-0.4117143096400283,-0.39667745229102264,-0.337016034620903,-0.33392850769790816,5.0936221551067,5.093417842492415,-0.37996767897087436,-0.4038681669052963,11.017783020201529,-2.5147486597414463,0.4143150776648488,0.40563027509615746,1.755492562258282,1.7444867711993353,0.06550555808932396
6.719999999999901,-0.33247313693170444,-0.3289003978739733,-0.39694377985055485,-0.4077876136662506,0.09111868168274827,0.12094314852438319,0.40253284158851554,0.41116429936705623,5.092303064690269,5.093249838113379,-0.4082338370369778,-0.39559820107322474,-0.3344058599729014,-0.3311718942016987,5.093249838113379,5.0936221551067,-0.3942966757837848,-0.39771758527515805,11.410393810579556,-2.654238879194822,0.41478432101105855,0.41125572744059247,1.743980228673333,1.7374452019974023,0.06669780319925145
6.729999999999901,-0.33121758908304383,-0.3274133616623337,-0.3956650362744137,-0.4120256678235372,0.09321787113080657,0.05419753202643304,0.40146094022468165,0.379958298605748,5.090787568527036,5.092303064690269,-0.4046884061049362,-0.39782694176933947,-0.33247313693170444,-0.3289003978739733,5.092303064690269,5.093249838113379,-0.3984052122383748,-0.4077876136662506,11.810574799830814,-2.7899694439201586,0.3807723054247681,0.41116429936705623,1.7380541203828002,1.7144201537685078,0.07041358010700577
6.739999999999901,-0.3306343344483855,-0.32664439128304457,-0.3906415342290931,-0.409503044759716,0.09460511407108045,0.11399186563682359,0.400326737535801,0.4212458805039821,5.088712611030204,5.090787568527036,-0.4010785767085477,-0.39387511613688375,-0.33121758908304383,-0.3274133616623337,5.090787568527036,5.092303064690269,-0.3975075246040116,-0.4120256678235372,12.21586643626485,-2.9178263785551115,0.4092967449632207,0.379958298605748,1.7214586514939225,1.7107966213223056,0.06723072485383919
6.7499999999999005,-0.3307139154670183,-0.32653521612498737,-0.3818611757358693,-0.39348157743023426,0.09527144747097863,0.12897610644339202,0.3991372525391772,0.4039149132434549,5.0860909262475875,5.088712611030204,-0.39740491888172036,-0.39003264666984894,-0.3306343344483855,-0.32664439128304457,5.088712611030204,5.090787568527036,-0.38486528755058047,-0.409503044759716,12.623779647442593,-3.026675965900687,0.4073200644343316,0.4212458805039821,1.7225456691140753,1.7753817648713763,0.06349743054486157
6.7599999999999,-0.33144235728062005,-0.3269826210081969,-0.3693350427694856,-0.3887894666480851,0.09521233843753589,0.09776155667760053,0.39789982036442256,0.40061265939094004,5.0829386438379425,5.0860909262475875,-0.3936680127376115,-0.3909196498959282,-0.3307139154670183,-0.32653521612498737,5.0860909262475875,5.088712611030204,-0.3824721995822668,-0.39348157743023426,13.031810041365244,-3.12015232198585,0.3965994098832084,0.4039149132434549,1.7155472949193928,1.666131932538202,0.06393702888773128
6.7699999999999,-0.3328012540697482,-0.3281899397644277,-0.35309735829909056,-0.3703255092182433,0.09442772245144586,0.09160671024827126,0.3966220986543567,0.39844471624437394,5.079275190446309,5.0829386438379425,-0.38986844837702084,-0.38895854543787783,-0.33144235728062005,-0.3269826210081969,5.0829386438379425,5.0860909262475875,-0.3665295488755647,-0.3887894666480851,13.437451110727547,-3.200573254828222,0.3937310311420559,0.40061265939094004,1.7107108269838254,1.7166862340094582,0.06076860567345016
6.7799999999999,-0.334767883002329,-0.32998026463633895,-0.3332053150140721,-0.3690850088004451,0.09292201394886872,0.09764188997301616,0.39531198411181023,0.40121458607964355,5.075123170176538,5.079275190446309,-0.3860068257952069,-0.3900325937000844,-0.3328012540697482,-0.3281899397644277,5.079275190446309,5.0829386438379425,-0.37141883392041336,-0.3703255092182433,13.83820988071503,-3.2723571530871833,0.40062599414940125,0.39844471624437394,1.7064516014032178,1.7205831144197679,0.06005232906374547
6.7899999999999,-0.3373153451951834,-0.332566268052396,-0.3097387683453905,-0.3312563663383514,0.09070408940790535,0.10161819230335163,0.39397757257717547,0.4007040787180686,5.0705082247841435,5.075123170176538,-0.38208375478714063,-0.3839616563588936,-0.334767883002329,-0.32998026463633895,5.075123170176538,5.079275190446309,-0.3345449045485607,-0.3690850088004451,14.231620227342379,-3.333180306979069,0.39841208626486924,0.40121458607964355,1.706310493088732,1.721869347989381,0.05139538830649765
6.7999999999998995,-0.3404127328786294,-0.33546588634546454,-0.2827997951072522,-0.3051277838932488,0.08778724256170035,0.10492612691454621,0.39262710780162846,0.4010006554571718,5.065458874527159,5.0705082247841435,-0.37809985485121195,-0.3814913035628405,-0.3373153451951834,-0.332566268052396,5.0705082247841435,5.075123170176538,-0.31108614660926476,-0.3312563663383514,14.615257405265563,-3.384545218435453,0.3999141295759816,0.4007040787180686,1.7031549543779463,1.7125907083324106,0.046025417217375963
6.809999999999899,-0.3440253217869725,-0.33894872688388045,-0.2525121176579236,-0.27620156593892325,0.0841891118273432,0.10568427256787442,0.3912689332307012,0.4005753610052283,5.060006340679905,5.065458874527159,-0.37405575509140354,-0.3794213320621729,-0.3404127328786294,-0.33546588634546454,5.065458874527159,5.0705082247841435,-0.28515902653450004,-0.3051277838932488,14.986752271526704,-3.4272152573279215,0.3991878163149956,0.4010006554571718,1.7045933197169785,1.7085339457512214,0.04047260517829243
6.819999999999899,-0.3481147876139462,-0.34297189618867185,-0.2190203946399865,-0.22029614521014806,0.07993158014781405,0.08474180589982386,0.3899114379541828,0.39098844738815325,5.054184350828084,5.060006340679905,-0.36995209411794816,-0.3734560238772462,-0.3440253217869725,-0.33894872688388045,5.060006340679905,5.065458874527159,-0.23774879825545728,-0.27620156593892325,15.343805515100447,-3.4613112041286844,0.3870940629937814,0.4005753610052283,1.709039256857835,1.7066159212209673,0.030484127688574336
6.829999999999899,-0.3526394451988974,-0.34724223625700673,-0.18248937993082798,-0.19724851307230332,0.07504064767343305,0.08531645406888658,0.388563005284691,0.39656019518976154,5.048028928185878,5.054184350828084,-0.3657895199464847,-0.37419181438010496,-0.3481147876139462,-0.34297189618867185,5.054184350828084,5.060006340679905,-0.2136482531041368,-0.22029614521014806,15.684201564679991,-3.487459723330541,0.39493403474502864,0.39098844738815325,1.710434172375224,1.7080588039448277,0.026949578123098228
6.839999999999899,-0.35755450894194757,-0.35222906066822296,-0.14310295261455905,-0.17341547427458504,0.06954627785678812,0.05313308065698508,0.38723196298222784,0.38249358688835516,5.0415781663327435,5.048028928185878,-0.3615686898957289,-0.37665557419888385,-0.3526394451988974,-0.34724223625700673,5.048028928185878,5.054184350828084,-0.18781637000441756,-0.19724851307230332,16.0058223068672,-3.5059063757668163,0.37808468756348934,0.39656019518976154,1.7245935423444299,1.7343520485709414,0.024426513530660887
6.849999999999898,-0.3628123727917366,-0.35773629768805537,-0.10106302177096145,-0.14547485274857122,0.06348221773227887,0.08057560475955762,0.38592652330776295,0.4019354180664727,5.034871990817807,5.0415781663327435,-0.3572902704836752,-0.37599880283371606,-0.35755450894194757,-0.35222906066822296,5.0415781663327435,5.048028928185878,-0.15936844743206657,-0.17341547427458504,16.306660482244567,-3.516749098189814,0.39898795555120237,0.38249358688835516,1.724098571326956,1.7390136747792644,0.01826250514566069
6.859999999999898,-0.3683629080068346,-0.36359029402585696,-0.05658831080095063,-0.06898533424445412,0.056885793392673446,0.09138386345292143,0.3846547453994759,0.3970357458574789,5.0279519091814375,5.034871990817807,-0.35295493732234573,-0.36634918297485514,-0.3628123727917366,-0.35773629768805537,5.034871990817807,5.0415781663327435,-0.095640246408151,-0.14547485274857122,16.584832307959566,-3.5199113780568156,0.39687394675974036,0.4019354180664727,1.7387418827409122,1.7731109195358812,0.0027588889489981727
6.869999999999898,-0.37415377676199674,-0.3692353391198115,-0.009913027951149372,-0.04032543057773032,0.04979768172390821,0.06355800064775133,0.38342446609071207,0.3863494349545395,5.020860751073443,5.0279519091814375,-0.3485633750111035,-0.36884706306880566,-0.3683629080068346,-0.36359029402585696,5.0279519091814375,5.034871990817807,-0.06175739524634301,-0.06898533424445412,16.838590102374294,-3.515525896329533,0.3829190702426936,0.3970357458574789,1.7440307859706548,1.7301139322827184,-0.0003882760510058314
6.879999999999898,-0.38013075956442643,-0.375406947610367,0.03871457025944316,0.02179968417736676,0.04226165987457023,0.04210211129414512,0.38224327477364295,0.38539693394555274,5.0136424000981625,5.020860751073443,-0.344116277028546,-0.36423713350222736,-0.37415377676199674,-0.3692353391198115,5.020860751073443,5.0279519091814375,-0.0032556374873060753,-0.04032543057773032,17.066333286703646,-3.503619282493267,0.3783345424014269,0.3863494349545395,1.7577281605521091,1.741506640308238,-0.011169814108139664
6.8899999999998975,-0.3862380943451277,-0.38156418213002086,0.08903371302541807,0.06983308882677038,0.03432433380165277,0.026680508578268508,0.38111845473175343,0.38392143240603216,5.006341519207093,5.0136424000981625,-0.33961434562299714,-0.3626138486050947,-0.38013075956442643,-0.375406947610367,5.0136424000981625,5.020860751073443,0.04578436105466252,0.02179968417736676,17.266619725021343,-3.4842327648783225,0.3775624740898181,0.38539693394555274,1.7749503775017121,1.7846605508341622,-0.018950333524926144
6.899999999999897,-0.39241882502673325,-0.38791604934044577,0.1407727375861546,0.10598696079065428,0.026034847729168052,0.005557307145648338,0.38005693417800307,0.37604097560883276,4.999003271407507,5.006341519207093,-0.3350582917016139,-0.36396860201983605,-0.3862380943451277,-0.38156418213002086,5.006341519207093,5.0136424000981625,0.08246713351619221,0.06983308882677038,17.43817513295866,-3.4573949865737443,0.3695433096118764,0.38392143240603216,1.7859759740190286,1.8128256114403651,-0.023947447320609716
6.909999999999897,-0.39861515730686675,-0.39449453908353943,0.19365078848838574,0.17687275890214382,0.017444576333597542,0.0021873051923588295,0.3790652492172761,0.3807688478504335,4.991673037576449,4.999003271407507,-0.33044883471812586,-0.35730604592097487,-0.39241882502673325,-0.38791604934044577,4.999003271407507,5.006341519207093,0.14662142205873108,0.10598696079065428,17.579901608968765,-3.4231088692255036,0.3745511940250526,0.37604097560883276,1.8003946911877229,1.8234735079690614,-0.03718849316256456
6.919999999999897,-0.4047688193657276,-0.40079399802781485,0.24737958148331532,0.21749348228930154,0.008606801621318926,0.008754819760739965,0.37814950481612913,0.38249893707316723,4.984396133264447,4.991673037576449,-0.32578670255922526,-0.35661429936051336,-0.39861515730686675,-0.39449453908353943,4.991673037576449,4.999003271407507,0.1910486256384995,0.17687275890214382,17.690885255743822,-3.3813850647968366,0.37924530421641245,0.3807688478504335,1.818266863012515,1.8551108149527207,-0.04417969866730148
6.929999999999897,-0.41082142519443116,-0.40721367982680584,0.30166521922229217,0.2757655909635569,-0.0004236233457527265,0.026758754872502774,0.377315330817936,0.39375477522034785,4.977217526295599,4.984396133264447,-0.32107263142962517,-0.3515524220437699,-0.4047688193657276,-0.40079399802781485,4.984396133264447,4.991673037576449,0.24715742613917174,0.21749348228930154,17.770402411325357,-3.332226851892107,0.39642331404940245,0.38249893707316723,1.8386909162419722,1.8518000842285556,-0.05566125778303593
6.9399999999998965,-0.4167148382440882,-0.413422257994568,0.3562100452137704,0.3252851254553937,-0.009590621594006237,0.002126061387513794,0.37656785456069414,0.378510694584918,4.970181556960467,4.977217526295599,-0.31630736573580415,-0.35014465613806156,-0.41082142519443116,-0.40721367982680584,4.977217526295599,4.984396133264447,0.2969475557686078,0.2757655909635569,17.81792432091978,-3.2756373643123466,0.378332862977419,0.39375477522034785,1.854345742476676,1.8684013151518486,-0.06327760185650644
6.949999999999896,-0.42239153311706024,-0.4194906486752367,0.4107145216930318,0.39077499663594933,-0.018837247938699855,-0.027272458821732744,0.37591166459646624,0.37360425873462183,4.963331662630787,4.970181556960467,-0.311491657968456,-0.34545830413239337,-0.4167148382440882,-0.413422257994568,4.970181556960467,4.977217526295599,0.35830302122184865,0.3252851254553937,17.833120797902726,-3.2116175388301214,0.36685696813510427,0.378510694584918,1.8661329889451397,1.8524314883149753,-0.07403234454284335
6.959999999999896,-0.4277949530630789,-0.425175821705928,0.4648791173387492,0.44441231416735677,-0.028106050759035918,-0.048891065533150174,0.3753507944355358,0.3728269240303891,4.956710108521557,4.963331662630787,-0.30662626858366265,-0.3427176696377644,-0.42239153311706024,-0.4194906486752367,4.963331662630787,4.970181556960467,0.41300318277577514,0.39077499663594933,17.81586212806038,-3.1401686601175536,0.36537361326455664,0.37360425873462183,1.8922362329288613,1.8947010043524137,-0.08245815206816359
6.969999999999896,-0.43286986109366626,-0.43060646348297527,0.5184061902861843,0.5044598471660572,-0.037339437396344516,-0.042294133416772205,0.3748886823929198,0.3783758365974471,4.95035772629381,4.956710108521557,-0.3017119658828093,-0.337090627646992,-0.4277949530630789,-0.425175821705928,4.956710108521557,4.963331662630787,0.4715850116991612,0.44441231416735677,17.76622001381752,-3.061291334825432,0.37731054506866174,0.3728269240303891,1.9078183944256497,1.93972117608745,-0.09351583583598327
6.979999999999896,-0.4375626825967545,-0.4356443483022958,0.5710018528561472,0.5366690477369987,-0.046480040551169485,-0.04204770606611524,0.37452815645236376,0.37830128239984806,4.944313662123964,4.95035772629381,-0.2967495258912608,-0.3372566874617392,-0.43286986109366626,-0.43060646348297527,4.95035772629381,4.956710108521557,0.498619243647627,0.5044598471660572,17.684466333369496,-2.9749868643997823,0.37608341394158395,0.3783758365974471,1.9271568572163138,1.9539644164914485,-0.09838766084055661
6.989999999999895,-0.44182183740552367,-0.44052959227465216,0.6223778040407839,0.5953487700014645,-0.05547108319042924,-0.07032840285016079,0.3742714172688389,0.36843162772839666,4.938615135815093,4.944313662123964,-0.29173973223581834,-0.33251539288867454,-0.4375626825967545,-0.4356443483022958,4.944313662123964,4.95035772629381,0.5652622122531104,0.5366690477369987,17.571071113328543,-2.881254578200146,0.36423800706772497,0.37830128239984806,1.9457464564633855,1.9554677363339659,-0.10801419938597762
6.999999999999895,-0.4455980593651158,-0.44483406688628896,0.6722531170201387,0.6474736396603269,-0.06425673939944153,-0.06865688714574543,0.37412002907031777,0.3786988928967293,4.933297212422416,4.938615135815093,-0.2866833760209754,-0.3274431259912885,-0.44182183740552367,-0.44052959227465216,4.938615135815093,4.944313662123964,0.6170879358383344,0.5953487700014645,17.42669902016774,-2.780094732652244,0.3780475267948869,0.36843162772839666,1.9716398329904798,1.9722040353775445,-0.11739094089500046
7.009999999999895,-0.44884470153224637,-0.4486052187387129,0.7203559696386763,0.7069017355697259,-0.0727824886752706,-0.06756764942622127,0.3740749099692269,0.3772801507855317,4.928392587751423,4.933297212422416,-0.28158125570399345,-0.32034554146398286,-0.4455980593651158,-0.44483406688628896,4.933297212422416,4.938615135815093,0.6745865122694321,0.6474736396603269,17.25220470652244,-2.6715073712546675,0.37618673756339177,0.3786988928967293,1.991909507753397,2.0187681114071827,-0.12825967727473003
7.019999999999895,-0.4515180252418123,-0.4517309589181626,0.7664253068645114,0.7560945869669522,-0.08099546119163147,-0.07694273409792783,0.3741363169070392,0.37609520384187656,4.923931389029241,4.928392587751423,-0.2764341769688162,-0.3152980081012517,-0.44884470153224637,-0.4486052187387129,4.928392587751423,4.933297212422416,0.7243697605037551,0.7069017355697259,17.048626850791976,-2.555492667737038,0.3743797122997866,0.3772801507855317,2.0079799935705895,2.011868325864104,-0.13643295081691093
7.0299999999998946,-0.4535774713771459,-0.4542987644767371,0.8102124253200071,0.7910717270146497,-0.08884477163688004,-0.07970168102382345,0.37430385783745407,0.37890490887583167,4.919940991929045,4.923931389029241,-0.27124295259884285,-0.3125925629535285,-0.4515180252418123,-0.4517309589181626,4.923931389029241,4.928392587751423,0.7565350790620483,0.7560945869669522,16.81718083716374,-2.4320510120936008,0.3811266139764552,0.37609520384187656,2.030057375419181,2.0283673256205503,-0.14170620152320862
7.039999999999894,-0.45498591228689994,-0.4563272856218186,0.851482470685715,0.853257672543548,-0.09628183941026033,-0.0867860473074276,0.3745764877452613,0.3779953103591786,4.916445854971254,4.919940991929045,-0.2660084023485799,-0.30312094861199895,-0.4535774713771459,-0.4542987644767371,4.919940991929045,4.923931389029241,0.8220302257916067,0.7910717270146497,16.559251091833143,-2.3011819971089023,0.37794281233441435,0.37890490887583167,2.0497460151683846,2.0491736357677146,-0.15320633700981967
7.049999999999894,-0.45570988290515885,-0.45738398750552284,0.8900158405242076,0.890115288818947,-0.10326069297335985,-0.09634357025026778,0.37495251490005765,0.3770765447262754,4.9134673722759805,4.916445854971254,-0.2607313528141928,-0.29852349814300355,-0.45498591228689994,-0.4563272856218186,4.916445854971254,4.919940991929045,0.8584739160621355,0.853257672543548,16.27638194906788,-2.162885979890814,0.3761402014569979,0.3779953103591786,2.0678674572615203,2.0617357610147846,-0.15886048936251929
7.059999999999894,-0.4557197897418042,-0.4577241888221248,0.9256094857160928,0.9152610715521341,-0.10973825636438116,-0.10466949911348616,0.375429614585936,0.3774357674582512,4.911023745482169,4.9134673722759805,-0.2554126373029764,-0.29519296793600347,-0.45570988290515885,-0.45738398750552284,4.9134673722759805,4.916445854971254,0.8797190638406654,0.890115288818947,15.970267876060916,-2.01716367393839,0.37819575472279376,0.3770765447262754,2.086167973923791,2.0794045673513097,-0.16253122088612132
7.069999999999894,-0.45499009652818856,-0.4574061377322343,0.9580781048170938,0.9545127344618384,-0.11567461603245155,-0.10488921074831249,0.37600484167493303,0.38049246055691394,4.9091298755147434,4.911023745482169,-0.25005309570176654,-0.28772873841796076,-0.4557197897418042,-0.4577241888221248,4.911023745482169,4.9134673722759805,0.9300262945688333,0.9152610715521341,15.64274307165092,-1.864014623045591,0.38327543020237587,0.3774357674582512,2.0985271326713235,2.10021323696347,-0.16967739931427356
7.0799999999998935,-0.45349948542377205,-0.45618819837284064,0.9872552266856529,0.9829949437254626,-0.12103326630096252,-0.11100589164689678,0.37667464877544726,0.3794438190591218,4.907797274782589,4.9091298755147434,-0.24465357434431173,-0.28221276776044424,-0.45499009652818856,-0.4574061377322343,4.9091298755147434,4.911023745482169,0.953941370927505,0.9545127344618384,15.295770276585017,-1.7034399699593408,0.3801138748897189,0.38049246055691394,2.119476776924323,2.115955438882477,-0.1739754306123964
7.089999999999893,-0.4512309928129213,-0.45417897436428206,1.012994177451986,1.009249747362945,-0.12578133196921445,-0.11663189907940269,0.37743490805070395,0.37958821776598844,4.9070340002369015,4.907797274782589,-0.2392149258776276,-0.2760498145663264,-0.45349948542377205,-0.45618819837284064,4.907797274782589,4.9091298755147434,0.9840389602197274,0.9829949437254626,14.931429056988991,-1.5354405737262797,0.3810274171742305,0.3794438190591218,2.130791906283733,2.125012055247896,-0.17812915979795568
7.099999999999893,-0.44817211885027286,-0.45136197547473234,1.035168928639861,1.0407664881264185,-0.12988976674927738,-0.12071422625343615,0.3782809389104339,0.38077022180310816,4.906844607612583,4.9070340002369015,-0.23373800912735387,-0.2675292182104625,-0.4512309928129213,-0.45417897436428206,4.9070340002369015,4.907797274782589,1.0203119590748337,1.009249747362945,14.551903573142186,-1.3600169139004834,0.3828888458927773,0.37958821776598844,2.145939097716884,2.1383600143843617,-0.18383275726426984
7.109999999999893,-0.4443149100471825,-0.44765107790434083,1.053674823809124,1.061231732979108,-0.13333352643871105,-0.1498347964398185,0.3792075342729885,0.3696546101005737,4.907230127025678,4.906844607612583,-0.22822368896213582,-0.26162812288461973,-0.44817211885027286,-0.45136197547473234,4.906844607612583,4.9070340002369015,1.033544447976373,1.0407664881264185,14.159469952001636,-1.1771750862954828,0.36643668027138704,0.38077022180310816,2.159157119512601,2.1529912239831672,-0.1860229550197211
7.119999999999893,-0.4396560143320228,-0.44317265870048145,1.0684291816361597,1.0635854157925861,-0.13609171591393046,-0.15522782071448551,0.38020899296800104,0.37700324525336004,4.908188059993037,4.907230127025678,-0.22267283615705155,-0.257296521889491,-0.4443149100471825,-0.44765107790434083,4.907230127025678,4.906844607612583,1.0389100352567835,1.061231732979108,13.756483105707366,-0.9869309457574053,0.3760225218366028,0.3696546101005737,2.1763527392999156,2.1639757174758176,-0.18587613681099047
7.129999999999892,-0.4341967081628279,-0.438064265834162,1.079371773598295,1.0835501417704945,-0.13814770924903097,-0.15221866923196892,0.38127915853925304,0.37776716951450945,4.909712397834383,4.908188059993037,-0.21708632725610652,-0.24851611857597533,-0.4396560143320228,-0.44317265870048145,4.908188059993037,4.907230127025678,1.0680782505801278,1.0635854157925861,13.345363249874698,-0.7892882055309781,0.37781015633582143,0.37700324525336004,2.185801106980261,2.2097622639390844,-0.1895481472581867
7.139999999999892,-0.427942895424248,-0.43201664764132297,1.0864651747094711,1.0946270863995622,-0.13948924246647698,-0.15188485958864678,0.3824114460169471,0.37763190963317217,4.911793661236006,4.909712397834383,-0.21146504443381708,-0.2405648082400129,-0.4341967081628279,-0.438064265834162,4.909712397834383,4.908188059993037,1.07383425669637,1.0835501417704945,12.928582167894366,-0.5843023212450634,0.37667793686680134,0.37776716951450945,2.1883388892031523,2.2064245362329533,-0.19145183940131008
7.149999999999892,-0.42090507800081206,-0.4251502099060127,1.0896949861807643,1.1058621025963042,-0.1401084785752011,-0.1504623656828303,0.38359889334506486,0.37983432933536276,4.914418960673555,4.911793661236006,-0.20580987535590484,-0.23169873692560433,-0.427942895424248,-0.43201664764132297,4.911793661236006,4.909712397834383,1.0878863334285254,1.0946270863995622,12.508648737355042,-0.37204223270100517,0.3819683707687681,0.37763190963317217,2.1975165665655974,2.204426696076825,-0.19345147298040838
7.159999999999892,-0.413098298082762,-0.41745225050746443,1.0890699285592218,1.1108315320292772,-0.1400020448340873,-0.14666862371367542,0.3848341998361053,0.38150080661497693,4.9175720772811955,4.914418960673555,-0.20012171303912396,-0.2230163718485085,-0.42090507800081206,-0.4251502099060127,4.914418960673555,4.911793661236006,1.0940226741308534,1.1058621025963042,12.088094783423466,-0.15270948607424276,0.3843146992859274,0.37983432933536276,2.202931184383946,2.2107285473144747,-0.19443587865895592
7.169999999999892,-0.4045420524357371,-0.40899847760559327,1.084621804613022,1.0988410811694977,-0.13917104226688123,-0.1515083656211131,0.38610976969345134,0.37876417406000246,4.92123356365538,4.9175720772811955,-0.19440145571024356,-0.21719475015808656,-0.413098298082762,-0.41745225050746443,4.9175720772811955,4.914418960673555,1.08597833989484,1.1108315320292772,11.6694602484044,0.07297008925104742,0.3773791878735095,0.38150080661497693,2.206603332516942,2.209192753856701,-0.1918037274475067
7.179999999999891,-0.39526017904001765,-0.3999456551955079,1.076405331118614,1.100750407305981,-0.1376210276730603,-0.1422440374740231,0.38741775962227365,0.38465543130815766,4.925380863929068,4.92123356365538,-0.1886500066642072,-0.20738861560773633,-0.4045420524357371,-0.40899847760559327,4.92123356365538,4.9175720772811955,1.0902918542370692,1.0988410811694977,11.255278223028245,0.30417942721600644,0.3878893032291925,0.37876417406000246,2.2095452725233606,2.2055471782582066,-0.19255703958777157
7.189999999999891,-0.3852807166861185,-0.3900554795942212,1.0644978389871547,1.0702550030282367,-0.13536196854128096,-0.14297232830326065,0.3887501274714177,0.382645636607911,4.929988452351372,4.925380863929068,-0.18286827412149217,-0.2034414098796345,-0.39526017904001765,-0.3999456551955079,4.925380863929068,4.92123356365538,1.0660498356650854,1.100750407305981,10.848059868846477,0.5360959104398937,0.3841425629407712,0.38465543130815766,2.214756598187645,2.2114299415316414,-0.18661406971458672
7.199999999999891,-0.37463573829625557,-0.37970861179469406,1.0489988415466864,1.0662191694903944,-0.13240817141750108,-0.13862711943599634,0.3900986768447344,0.38564576528367794,4.935027989588965,4.929988452351372,-0.1770571710846909,-0.19350870296029882,-0.3852807166861185,-0.3900554795942212,4.929988452351372,4.925380863929068,1.0618619770067295,1.0702550030282367,10.45027921256186,0.766648308999408,0.3893915499190833,0.382645636607911,2.2133730280020787,2.2019159687428096,-0.18619990883439524
7.209999999999891,-0.36336115892351883,-0.3684852369263847,1.0300294712937859,1.0536816323456153,-0.12877818440721203,-0.1329544773827996,0.39145511362060476,0.38646235834566783,4.940468495771179,4.935027989588965,-0.1712176151943374,-0.18426907066184958,-0.37463573829625557,-0.37970861179469406,4.935027989588965,4.929988452351372,1.0500230773385073,1.0662191694903944,10.064357748004781,0.9917999507772098,0.3903554652253907,0.38564576528367794,2.206889443384253,2.20454813948424,-0.1842161662645351
7.2199999999998905,-0.3514965195601872,-0.3565919316972609,1.0077317857398091,1.0395580696819071,-0.12449467467177677,-0.12254976351652931,0.3928110909976227,0.3909168215210582,4.946276539239621,4.940468495771179,-0.16535052858400098,-0.17443257079353547,-0.36336115892351883,-0.3684852369263847,4.940468495771179,4.935027989588965,1.0377705823761831,1.0536816323456153,9.692649381790336,1.2098914595616657,0.3955946795831583,0.38646235834566783,2.206808870873449,2.194047484325268,-0.18215936090372542
7.22999999999989,-0.33908474806423844,-0.3440915481956067,0.982267944056968,1.007789923282965,-0.11958428182933105,-0.12073074336558909,0.39415826386395447,0.3888556216935366,4.952416439958541,4.946276539239621,-0.15945683773467087,-0.16778514877863068,-0.3514965195601872,-0.3565919316972609,4.946276539239621,4.940468495771179,1.0106331953438548,1.0395580696819071,9.337425180247422,1.4179738501259616,0.3921829755182071,0.3909168215210582,2.2004064169040896,2.1900875988710418,-0.17630639941697604
7.23999999999989,-0.3261718986799275,-0.3312055924961892,0.9538192566718544,0.9646321953017879,-0.11407744834746907,-0.12070436749368985,0.395488337589952,0.39035990327085807,4.958850486328297,4.952416439958541,-0.153537473328454,-0.16294586646736603,-0.33908474806423844,-0.3440915481956067,4.952416439958541,4.946276539239621,0.9729616034302013,1.007789923282965,9.000858610715706,1.6168747463715747,0.3939520407331595,0.3888556216935366,2.1966360068763815,2.1742624978487646,-0.16825972602882316
7.24999999999989,-0.3128068717895661,-0.31798253367500917,0.9225851111874172,0.9418348290253333,-0.10800822806950469,-0.10129110028564725,0.39679312242831444,0.3970954278454957,4.965539164171133,4.958850486328297,-0.14759337010160956,-0.15279175302376538,-0.3261718986799275,-0.3312055924961892,4.958850486328297,4.952416439958541,0.9488467410272222,0.9646321953017879,8.685010998838695,1.7944409647982278,0.40192385865084174,0.39035990327085807,2.1844134134694944,2.178596672883013,-0.1651907806512438
7.25999999999989,-0.2990411156803042,-0.30413587229086925,0.888781778859215,0.9157902869218307,-0.1014140741476974,-0.08834398703969384,0.3980645795532862,0.3981151428348656,4.972441396566146,4.965539164171133,-0.1416254666969433,-0.14294675271353938,-0.3128068717895661,-0.31798253367500917,4.965539164171133,4.958850486328297,0.9240447033397613,0.9418348290253333,8.391817651221134,1.9549386091540855,0.40460666312574084,0.3970954278454957,2.175706134375337,2.165575601099476,-0.16118911957732987
7.269999999999889,-0.28492831224456,-0.28982949697622906,0.8526411072682818,0.8751242038212343,-0.09433560769276857,-0.10832738355222368,0.3992948710948264,0.3876299917427399,4.979514793156564,4.972441396566146,-0.13563470551558493,-0.136961215410201,-0.2990411156803042,-0.30413587229086925,4.972441396566146,4.965539164171133,0.8871824101279865,0.9157902869218307,8.123074407185543,2.1021969491039276,0.3868013591775772,0.3981151428348656,2.1658665582719245,2.1399905152764798,-0.15286828156602805
7.279999999999889,-0.2705240486489595,-0.2752976283001881,0.8144091057866851,0.8442415731457683,-0.08681636857015909,-0.09781528311998652,0.40047641222949304,0.39645466202405893,4.9867159074730125,4.979514793156564,-0.12962203256817212,-0.12742294281183614,-0.28492831224456,-0.28982949697622906,4.979514793156564,4.972441396566146,0.8564702683453375,0.8751242038212343,7.880425110495599,2.2391354289651675,0.39844771878009894,0.3876299917427399,2.1516643631134595,2.131440051210179,-0.14787468548835198
7.289999999999889,-0.25588547710779747,-0.2604255341395272,0.7743444317368917,0.7884928531089903,-0.07890254983990061,-0.06798437347634922,0.4016019181229602,0.40494907230056765,4.994000500773542,4.9867159074730125,-0.12358839732546438,-0.12301801952948241,-0.2705240486489595,-0.2752976283001881,4.9867159074730125,4.979514793156564,0.8075719846699946,0.8442415731457683,7.665350103751714,2.3663349570177776,0.4105321613536898,0.39645466202405893,2.137847187751227,2.1467944398463867,-0.13740751461004477
7.299999999999889,-0.24107096497856928,-0.24554970004069712,0.7327167865179429,0.7537310406839917,-0.07064271737299106,-0.08268168508849968,0.40266443868126256,0.3899829853477122,5.001323810905793,4.994000500773542,-0.11753475256841066,-0.11532070268674573,-0.25588547710779747,-0.2604255341395272,4.994000500773542,4.9867159074730125,0.7735873673583571,0.7884928531089903,7.479155695560913,2.484970584814923,0.39101198866452697,0.40494907230056765,2.1261511428394844,2.119619740689121,-0.13022899735395138
7.309999999999889,-0.2261397374573952,-0.23038095801210523,0.6898052322501916,0.7089121419587893,-0.06208751620184711,-0.07687895022904677,0.4036574115626933,0.3994415600240666,5.008640824616692,5.001323810905793,-0.11146205423769415,-0.10834388046393575,-0.24107096497856928,-0.24554970004069712,5.001323810905793,4.994000500773542,0.7310514888163552,0.7537310406839917,7.322964541206324,2.595394984250631,0.4011461851112891,0.3899829853477122,2.1109809045878656,2.0792343547627925,-0.12203707754816948
7.319999999999888,-0.211151515191149,-0.21514204900118902,0.6458964399159703,0.6719248944481885,-0.053289365342990794,-0.0598491348664637,0.4045747080622451,0.4008981408717971,5.015906551693726,5.008640824616692,-0.10537126128277824,-0.09890672134006502,-0.2261397374573952,-0.23038095801210523,5.008640824616692,5.001323810905793,0.6952872792930996,0.7089121419587893,7.19770789959237,2.6979578027595674,0.4056366096111029,0.3994415600240666,2.09530189636645,2.1074064408353315,-0.116235327661124
7.329999999999888,-0.19616614914845298,-0.19979520766473538,0.6012828815718478,0.630913677659382,-0.04430214277490639,-0.04754781162249485,0.40541065332242077,0.4005511909830267,5.023076299348735,5.015906551693726,-0.09926333551047722,-0.09041626737973532,-0.211151515191149,-0.21514204900118902,5.015906551693726,5.008640824616692,0.6546480799570283,0.6719248944481885,7.104119191346372,2.792780894237276,0.40422238228003043,0.4008981408717971,2.0710714370866445,2.0752617519785965,-0.10937894028500006
7.339999999999888,-0.18124325509085484,-0.1844814903965486,0.5562609803097698,0.549410486676866,-0.035180862204002475,-0.01832718731606938,0.4061600769331264,0.41097818771300065,5.03010594524848,5.023076299348735,-0.09313924143307585,-0.08951965798490354,-0.19616614914845298,-0.19979520766473538,5.023076299348735,5.015906551693726,0.5842595657167162,0.630913677659382,7.042728427235206,2.879813632261757,0.41570377550538035,0.4005511909830267,2.059240194156597,2.0449534452179914,-0.09496183241164506
7.349999999999888,-0.16644184996264766,-0.16966881752857454,0.5111292308870008,0.5174907678550567,-0.025981343540794368,-0.02017348037502215,0.40681834068578154,0.40082920214485807,5.036952207529791,5.03010594524848,-0.08699994611602171,-0.07946950634614694,-0.18124325509085484,-0.1844814903965486,5.03010594524848,5.023076299348735,0.5521583743419735,0.549410486676866,7.013859102634127,2.9592741195943657,0.40235446254006507,0.41097818771300065,2.0377081813226017,2.028357905299967,-0.0901993111824276
7.3599999999998875,-0.15181999249082884,-0.15469626554516874,0.4661863057381463,0.48157153955049437,-0.016759878798660054,-0.016070058284747873,0.40738136393143926,0.4072668275533601,5.043572910217443,5.036952207529791,-0.08084641902521433,-0.07037761374791072,-0.16644184996264766,-0.16966881752857454,5.036952207529791,5.03010594524848,0.5067068419239161,0.5174907678550567,7.017626162590159,3.0312115232337757,0.4110527109623076,0.40082920214485807,2.021349838867513,1.98331362654018,-0.08431865179725802
7.369999999999887,-0.1374344302294727,-0.13979675503947644,0.4217291605788758,0.4438751404746744,-0.00757289524074645,-0.005814882262078698,0.4078456601031802,0.4052785442154168,5.049927242421949,5.043572910217443,-0.0746796318739153,-0.06164567141455544,-0.15181999249082884,-0.15469626554516874,5.043572910217443,5.036952207529791,0.46819410341669476,0.48157153955049437,7.053935593731316,3.095670323138553,0.4086363115598633,0.4072668275533601,2.003274253869926,2.001499892581967,-0.07815108362492101
7.379999999999887,-0.12334025521773394,-0.1251170161021196,0.3780511534460782,0.39136324468252287,0.0015233823123487322,0.0034916653382573524,0.40820834388871335,0.4054219700414315,5.055976009747072,5.049927242421949,-0.06850055846930347,-0.056327175464347595,-0.1374344302294727,-0.13979675503947644,5.049927242421949,5.043572910217443,0.41764348994270634,0.4438751404746744,7.122486009356469,3.152654508315573,0.40817163503610704,0.4052785442154168,1.9782406389340366,1.968526118961792,-0.06878984063777199
7.389999999999887,-0.10959057034594258,-0.11089546498255529,0.3354401917526208,0.3274420540215279,0.010473268292109861,0.010132788800085477,0.4084671608970656,0.4057981923416582,5.061681876377483,5.055976009747072,-0.06231017455869953,-0.05373967356518397,-0.12334025521773394,-0.1251170161021196,5.055976009747072,5.049927242421949,0.35823482182318095,0.39136324468252287,7.222771088602474,3.20216986280767,0.4080709961066605,0.4054219700414315,1.9622627238341759,1.9473936396783489,-0.057155791417371316
7.399999999999887,-0.09623616842841637,-0.09725615793094881,0.29417691997350354,0.2937139252257737,0.019221950323634697,0.023506747433849423,0.40862049672991463,0.40890990867614474,5.067009596300947,5.061681876377483,-0.05610945767548415,-0.04467335755538558,-0.10959057034594258,-0.11089546498255529,5.061681876377483,5.055976009747072,0.3250815258417128,0.3274420540215279,7.354084211390042,3.244242650128733,0.4123420270310903,0.4057981923416582,1.9446232000679469,1.933043843493659,-0.05258280037556323
7.4099999999998865,-0.08332522589134936,-0.08387393856371629,0.2545329611684527,0.26983684293277105,0.027715818533849194,0.026890998220427106,0.40866738869145375,0.4053776301409604,5.071926232275235,5.067009596300947,-0.0498993869847342,-0.03486152755820831,-0.09623616842841637,-0.09725615793094881,5.067009596300947,5.061681876377483,0.3028932514127372,0.2937139252257737,7.515524053869444,3.278890519581184,0.40437040154550014,0.40890990867614474,1.924614328307973,1.917248575235173,-0.04901241100550798
7.419999999999886,-0.07090301287371205,-0.07074679044453615,0.21676922394614312,0.2201042229465193,0.03590278835362942,0.024812456905440837,0.4086075314268866,0.40359606657925995,5.076401361100316,5.071926232275235,-0.043680943128601164,-0.03118269551525151,-0.08332522589134936,-0.08387393856371629,5.071926232275235,5.067009596300947,0.2441900263629938,0.26983684293277105,7.706001665869261,3.3060979571032534,0.4014142665119576,0.4053776301409604,1.9087458029046551,1.892250940126419,-0.039564094929284636
7.429999999999886,-0.059011621430271756,-0.058214431178377095,0.1811342858041267,0.1998755960144042,0.0437326150044468,0.04009895720979665,0.408441282229879,0.4081604854930869,5.0804072638782785,5.076401361100316,-0.03745510807145642,-0.02100902679253269,-0.07090301287371205,-0.07074679044453615,5.076401361100316,5.071926232275235,0.2317695641334353,0.2201042229465193,7.924248690542242,3.325884510938632,0.4107079700268607,0.40359606657925995,1.883335442431626,1.8867476113228223,-0.03720540438584441
7.439999999999886,-0.04768971340927617,-0.04610671034093227,0.14786286256974834,0.16222436235124799,0.05115719785615529,0.05124061551950298,0.40816965540325123,0.4075409269494893,5.083919100071292,5.0804072638782785,-0.03122286494482765,-0.015266407774661398,-0.059011621430271756,-0.058214431178377095,5.0804072638782785,5.076401361100316,0.18300479557529012,0.1998755960144042,8.168826763323377,3.3382385908770917,0.40950142620560426,0.4081604854930869,1.8661448512599041,1.8741181541958425,-0.03084030256627087
7.449999999999886,-0.03697228945846236,-0.03481528146546288,0.1171743728792974,0.1353646935265238,0.05813087293477007,0.053604722602136154,0.40779431575032277,0.4043808112294383,5.086915064156792,5.083919100071292,-0.024985197892151007,-0.008265860201434251,-0.04768971340927617,-0.04610671034093227,5.083919100071292,5.0804072638782785,0.15850213549738235,0.16222436235124799,8.438137678683994,3.3431678936288667,0.4023170287896414,0.4075409269494893,1.8491599593713508,1.8467679059163427,-0.02654942126402863
7.459999999999885,-0.026890480487781615,-0.024301880537019996,0.08927160522434524,0.08167747234714226,0.06461069184899032,0.05550258537487881,0.4073175728338161,0.4039764886498457,5.089376523830225,5.086915064156792,-0.018743091913363444,-0.008008119807243056,-0.03697228945846236,-0.03481528146546288,5.086915064156792,5.083919100071292,0.10489111536255516,0.1353646935265238,8.730434470377013,3.340663466038383,0.40193082143626485,0.4043808112294383,1.8353016445376904,1.826298271564611,-0.016293760729776938
7.469999999999885,-0.01747136279199252,-0.014871107283330985,0.06433949405683244,0.05256518540409384,0.0705566854475692,0.04824815204236235,0.4067423646558668,0.39800264019630033,5.091288138852357,5.089376523830225,-0.012497532709359795,-0.003652150912146426,-0.026890480487781615,-0.024301880537019996,5.089376523830225,5.086915064156792,0.07704424965908017,0.08167747234714226,9.043833335913684,3.330731659214467,0.39404674108204757,0.4039764886498457,1.8134338251607371,1.819503728775633,-0.01121895637118456
7.479999999999885,-0.008737797907669393,-0.006125857626934517,0.042544010782431016,0.037330324865181654,0.07593211064421804,0.06189924810250605,0.40607223791442104,0.4050910599774422,5.092637959678545,5.091288138852357,-0.006249506526339192,0.0033898936486293618,-0.01747136279199252,-0.014871107283330985,5.091288138852357,5.089376523830225,0.06603921830405626,0.05256518540409384,9.376325983272224,3.3133823850113706,0.40587206918012847,0.39800264019630033,1.8027249922933244,1.8065648380730006,-0.009515751275563878
7.489999999999885,-0.0007082981438388657,0.002070870014022907,0.024031174301525852,0.024285501653653414,0.08070367887908336,0.07230985976077195,0.40531132925768687,0.4034045554001503,5.093417505144167,5.092637959678545,-6.535310487221224e-14,0.010008286209280872,-0.008737797907669393,-0.006125857626934517,5.092637959678545,5.091288138852357,0.04936679961710653,0.037330324865181654,9.725792482363332,3.2886193880788097,0.40224814315125046,0.4050910599774422,1.7902455911524808,1.8098202219124726,-0.007937416195257965
7.4999999999998845,0.0066030814110483215,0.009655303971772403,0.008926184866279684,0.00573918107761635,0.08484176474259292,0.08224155472749396,0.40446433337205184,0.4044576161926716,5.093621818679991,5.093417505144167,0.006249999999934647,0.015039781925668981,-0.0007082981438388657,0.002070870014022907,5.093417505144167,5.092637959678545,0.02320367154574534,0.024285501653653414,10.09001465099757,3.256438856593706,0.40588952687971996,0.4034045554001503,1.7718479704449719,1.7801129572152414,-0.005384477953896578
7.509999999999884,0.013186823743019865,0.016486085488767104,-0.0026673152747500126,-0.010164035021226672,0.088320593455928,0.10533740802027886,0.4035364826673967,0.410881300666571,5.093249502586631,5.093621818679991,0.012499506526208508,0.020246916153062164,0.0066030814110483215,0.009655303971772403,5.093621818679991,5.093417505144167,0.0077545329829494395,0.00573918107761635,10.466689506004531,3.2168484494139107,0.41458602712980763,0.4044576161926716,1.756630274577132,1.7640506077868134,-0.0037608306642950597
7.519999999999884,0.01903800311320447,0.02255880174559028,-0.010667852287352413,-0.021722350682759226,0.0911184058662472,0.11744281532210703,0.40253350904197854,0.40965917388769424,5.092302730040226,5.093249502586631,0.018747532709229155,0.024871423940106028,0.013186823743019865,0.016486085488767104,5.093249502586631,5.093621818679991,-0.003771421336811855,-0.010164035021226672,10.853443380193209,3.1698592384502735,0.41365955347051164,0.410881300666571,1.747124492210018,1.74533377653374,-0.0023126221945157475
7.529999999999884,0.024156310237498237,0.027891099555434708,-0.01501659964181227,-0.025603480497392694,0.0932175998882777,0.11798316709801562,0.40146160836503847,0.4082702427694982,5.090787234726674,5.092302730040226,0.024993091913232873,0.029653113861790873,0.01903800311320447,0.02255880174559028,5.092302730040226,5.093249502586631,-0.008722209484699522,-0.021722350682759226,11.247845846910037,3.1154945330451995,0.4090868127975626,0.40965917388769424,1.7372766588236908,1.71482032927516,-0.0017620143063561654
7.539999999999884,0.02854604923848376,0.032528063605054315,-0.015677724040819407,-0.037100265584267204,0.09460484732788133,0.08017234317035933,0.40032740641216097,0.3910653979940715,5.088712278049162,5.090787234726674,0.03123519789202053,0.030636871709966016,0.024156310237498237,0.027891099555434708,5.090787234726674,5.092302730040226,-0.027673316478280342,-0.025603480497392694,11.647423948637108,3.0537441367780036,0.38846356126554626,0.4082702427694982,1.730522701942933,1.707676687104071,0.001891191895088299
7.5499999999998835,0.03221610632173491,0.036338036600413993,-0.012638597160117226,-0.006453732554278304,0.0952711851610231,0.09248009898108876,0.39913791372403273,0.4048448711773971,5.086090594052954,5.088712278049162,0.03747286494469729,0.04243177886799553,0.02854604923848376,0.032528063605054315,5.088712278049162,5.090787234726674,0.0008766332918138837,-0.037100265584267204,12.049676660045643,2.9848125002567563,0.4019258118399209,0.3910653979940715,1.7226171413621894,1.7081027329285394,-0.0060937422675815395
7.559999999999883,0.03517989029389194,0.03976982365357939,-0.005909871964753328,-0.019736239082188613,0.09521208054676236,0.10456057126715697,0.39790048689060425,0.40125970380565107,5.082938312386321,5.086090594052954,0.043705108071326194,0.04295547414493633,0.03221610632173491,0.036338036600413993,5.086090594052954,5.088712278049162,-0.021367253808674234,-0.006453732554278304,12.452089200259262,2.9085634667276454,0.39816298891527474,0.4048448711773971,1.7126488523706311,1.7461116107911394,-0.0031856504913569395
7.569999999999883,0.037455245212812405,0.042149488962860464,0.00447457679094744,-0.006471149172963734,0.09442746890526746,0.109318463466652,0.3966227671678143,0.40375523591344603,5.079274859705218,5.082938312386321,0.0499309431284711,0.04898069400996946,0.03517989029389194,0.03976982365357939,5.082938312386321,5.086090594052954,0.00197346785851729,-0.019736239082188613,12.852147628654198,2.8254185348517926,0.404246795433462,0.40125970380565107,1.7119040006611783,1.705517511553857,-0.006831205047108997
7.579999999999883,0.03906433563113331,0.04390497261571247,0.018457848714274975,-0.0059822517909594395,0.09292176469827618,0.10918850501475864,0.3953126532845951,0.4023321560429994,5.075122840107681,5.079274859705218,0.05614938698460432,0.050784717071676345,0.037455245212812405,0.042149488962860464,5.079274859705218,5.082938312386321,-0.0036095947899285555,-0.006471149172963734,13.247352885220565,2.7353098361842583,0.4001000958765941,0.40375523591344603,1.7109728788557421,1.7080351882742635,-0.006879744455963878
7.589999999999883,0.04003350507556375,0.044864141152213065,0.03596034949253317,0.009781997345108975,0.0907038444178527,0.1035274325232228,0.39397824052849323,0.39932370133570827,5.070507895345888,5.075122840107681,0.062359457675354474,0.054890005208716536,0.03906433563113331,0.04390497261571247,5.075122840107681,5.079274859705218,0.01322351651054103,-0.0059822517909594395,13.63523578912736,2.638929983692604,0.3959358066266787,0.4023321560429994,1.7061656122006408,1.7029655429863408,-0.010025864056503471
7.599999999999882,0.040393108570498305,0.0452621262651846,0.056880258630023287,0.057636133695788426,0.0877870018127645,0.09535392533433228,0.3926277749284318,0.3973893560806143,5.065458545674437,5.070507895345888,0.06856017455857008,0.06467854877657078,0.04003350507556375,0.044864141152213065,5.070507895345888,5.075122840107681,0.05040301884463903,0.009781997345108975,14.013371098454144,2.5387188097434272,0.39332445392330984,0.39932370133570827,1.7086170732882324,1.7022961981087672,-0.01941642251138618
7.609999999999882,0.04017732019952932,0.04538886641069348,0.08109413153991961,0.06051781777825451,0.08418887530369207,0.08554191424891323,0.39126960040308073,0.3935442468937921,5.060006012366758,5.065458545674437,0.07475055846917428,0.06418055932122868,0.040393108570498305,0.0452621262651846,5.065458545674437,5.070507895345888,0.04763045238719185,0.057636133695788426,14.379391884092895,2.4329378269708086,0.38869525880696504,0.3973893560806143,1.7008483846264175,1.7119337273027737,-0.0187916929105352
7.619999999999882,0.03942391686453538,0.044581383817897585,0.1084576344090022,0.0748378728052766,0.07993134783462068,0.08150120934937853,0.38991210616576,0.3955165037784812,5.054184023008224,5.060006012366758,0.08092963187378638,0.06562797582707569,0.04017732019952932,0.04538886641069348,5.060006012366758,5.065458545674437,0.07218228567916538,0.06051781777825451,14.731003555047032,2.324372270300962,0.39220225752160187,0.3935442468937921,1.7142941106524041,1.7163831952677229,-0.021046592009178106
7.629999999999882,0.0381740395700754,0.043173310173282485,0.1388064092287293,0.12343160893116886,0.07504041955611018,0.07426645851860983,0.38856367591719826,0.39065046625949557,5.048028600812848,5.054184023008224,0.0870964190250857,0.07349486332446896,0.03942391686453538,0.044581383817897585,5.054184023008224,5.060006012366758,0.11330367958694344,0.0748378728052766,15.065997647668416,2.218999654130423,0.38614015690717474,0.3955165037784812,1.7133533915578534,1.7356404287082334,-0.030321553151186474
7.6399999999998816,0.03647193371862211,0.041586288409708475,0.17195706549836814,0.1528842479354936,0.06954605391913346,0.0684909480680272,0.3872326333377537,0.3914367970160153,5.04157783936023,5.048028600812848,0.0932499461158934,0.07681410098598845,0.0381740395700754,0.043173310173282485,5.048028600812848,5.054184023008224,0.14356333026788773,0.12343160893116886,15.382265331652722,2.1168544043316007,0.38693330021988137,0.39065046625949557,1.7209228750797811,1.730297821896491,-0.03522781257627998
7.649999999999881,0.0343646700499635,0.039466051907129485,0.20770829425681955,0.1808868162581202,0.06348199797385072,0.054110142985906315,0.38592719520952573,0.3860990421220027,5.034871664196725,5.04157783936023,0.09938924143294789,0.0789034073465428,0.03647193371862211,0.041586288409708475,5.04157783936023,5.048028600812848,0.170565185043241,0.1528842479354936,15.677810378712914,2.01664064862607,0.38109183368058414,0.3914367970160153,1.7322398543877073,1.7480234692037573,-0.03943735543941332
7.659999999999881,0.03190184799514455,0.03686823652532542,0.2458420987778761,0.20570269012586456,0.0568855778082732,0.042565929260910074,0.38465541540192355,0.38401378348757487,5.027951582863733,5.034871664196725,0.10551333551034962,0.07997172851272646,0.0343646700499635,0.039466051907129485,5.034871664196725,5.04157783936023,0.19462335503259262,0.1808868162581202,15.950761797305313,1.9169762005718594,0.37772695412605,0.3860990421220027,1.7380599594284645,1.755719124283776,-0.043103491987401044
7.669999999999881,0.02913528333577181,0.03384592477587854,0.28612513554451824,0.2587086557151569,0.04979747032490801,0.038253657828733224,0.38342513976546416,0.384872550177118,5.020860425008881,5.027951582863733,0.11162126128265103,0.0869037207881366,0.03190184799514455,0.03686823652532542,5.027951582863733,5.034871664196725,0.24166994941177683,0.20570269012586456,16.199385553433434,1.8238945451951667,0.37968304176921325,0.38401378348757487,1.751572602663778,1.7725847738396694,-0.05305779601225806
7.679999999999881,0.026118682168299868,0.03078077424823813,0.3283101574839293,0.31304746861923666,0.04226145265168288,0.02751162513015555,0.382243953654608,0.37971812211348394,5.0136420742400185,5.020860425008881,0.11771205423756734,0.09342037659427029,0.02913528333577181,0.03384592477587854,5.020860425008881,5.027951582863733,0.29271355889409256,0.2587086557151569,16.422095810090752,1.7359500422642191,0.3743747106803372,0.384872550177118,1.760191953327683,1.7879510075401823,-0.06263960234603216
7.6899999999998805,0.022907303259844497,0.027585088296701067,0.3721375507635472,0.3526010671480087,0.03432413074201454,0.022998819666145143,0.38111913618815146,0.38238696445818654,5.006341193509144,5.0136420742400185,0.12378475256828428,0.09681316820280085,0.026118682168299868,0.03078077424823813,5.0136420742400185,5.020860425008881,0.3333001859925885,0.31304746861923666,16.61746506298421,1.6597148789261786,0.3782181413567591,0.37971812211348394,1.7728877690303424,1.7891480065027945,-0.06922807990609978
7.69999999999988,0.019557610955621134,0.02407575247520205,0.4173369550041218,0.38757177758775785,0.02603464883152121,0.026409997321003274,0.38005761829609175,0.3836824990130693,4.9990029458224425,5.006341193509144,0.12983839732533847,0.09935884314125355,0.022907303259844497,0.027585088296701067,5.006341193509144,5.0136420742400185,0.36836745346755306,0.3526010671480087,16.78423344413828,1.5975783529503849,0.38198360998669806,0.38238696445818654,1.7863264886861216,1.8134963355263476,-0.0752830906660515
7.70999999999988,0.016126920849668165,0.020319917590389276,0.463628955891371,0.4338741854300398,0.017444381596910905,0.022358660242629207,0.3790659348570496,0.3835232588690383,4.991672712057634,4.9990029458224425,0.1358720325680467,0.10385760001681714,0.019557610955621134,0.02407575247520205,4.9990029458224425,5.006341193509144,0.4129426863755738,0.38757177758775785,16.92131700911917,1.548328049187832,0.381704874942285,0.3836824990130693,1.8017255653300484,1.8147994915968313,-0.08353768242642787
7.71999999999988,0.01267304046483796,0.016559217573282284,0.5107268384447896,0.47716749243608153,0.008606611048347047,0.040559348964409436,0.3781501888983805,0.39443883925924234,4.984395807765952,4.991672712057634,0.14188470551545998,0.10861659531939392,0.016126920849668165,0.020319917590389276,4.991672712057634,4.9990029458224425,0.4553032984972322,0.4338741854300398,17.02781463705633,1.509324613982738,0.3977562772009308,0.3835232588690383,1.8191129849235175,1.8251670361911523,-0.09205737774611164
7.72999999999988,0.009253907205749892,0.012794878669299264,0.5583383881141177,0.5399454600104683,-0.00042380974322441325,0.025996084946337785,0.3773160134364932,0.383675827976893,4.977217200772637,4.984395807765952,0.14787546669681886,0.11596506054314308,0.01267304046483796,0.016559217573282284,4.984395807765952,4.991672712057634,0.5125615351430687,0.47716749243608153,17.103013961405594,1.4814361781375396,0.383967898169924,0.39443883925924234,1.8316813404725274,1.839782284797633,-0.10317018187384382
7.739999999999879,0.005927225845011712,0.0092849860026588,0.6061677266589786,0.5937805697717473,-0.009590803807065807,-0.02064451795144739,0.37656853315149164,0.3727582436008933,4.970181231370524,4.977217200772637,0.15384337010148566,0.12002918335463664,0.009253907205749892,0.012794878669299264,4.977217200772637,4.984395807765952,0.5663073199307685,0.5399454600104683,17.14639586741704,1.4632992606553654,0.36831395168296976,0.383675827976893,1.8574875577884076,1.8232285473004735,-0.11074419735197784
7.749999999999879,0.002750107786492257,0.005890594368520689,0.6539171693195587,0.6282249638448048,-0.018837425953670345,-0.0016338801790046695,0.3759123443219579,0.3910740842465619,4.963331336934052,4.970181231370524,0.15978747332833065,0.12290066165525355,0.005927225845011712,0.0092849860026588,4.970181231370524,4.977217200772637,0.6010388415200436,0.5937805697717473,17.157637564902288,1.4518666773523596,0.3897385148675028,0.3727582436008933,1.874248745149718,1.8740970730622208,-0.11701006728673287
7.759999999999879,-0.00022128568326075385,0.0024625341138160696,0.7012890893931375,0.6922407496454608,-0.028106224581772823,-0.015159398311685732,0.3753514762296771,0.3769916363762799,4.9567097826803845,4.963331336934052,0.1657068377345481,0.13086497348878448,0.002750107786492257,0.005890594368520689,4.963331336934052,4.970181231370524,0.6628788094334902,0.6282249638448048,17.136614730826846,1.4493130888413164,0.3766098113137039,0.3910740842465619,1.88910244280199,1.9213656964654207,-0.12840243937496842
7.769999999999879,-0.002932093993303917,-0.0005431863249453881,0.7479877770380591,0.7255348850220796,-0.0373396070387228,-0.039653717524402686,0.3748893600679649,0.37614042658691244,4.950357400272625,4.9567097826803845,0.17160052858387884,0.13196067226271121,-0.00022128568326075385,0.0024625341138160696,4.9567097826803845,4.963331336934052,0.6965765171474164,0.6922407496454608,17.083401682265276,1.4530998129670998,0.37050475404322963,0.3769916363762799,1.9093181334056673,1.887142032328662,-0.1325038585876566
7.779999999999879,-0.0053290996288732064,-0.0034629114858469832,0.7937212788620366,0.7868137714902623,-0.04648020601153492,-0.04040842027732948,0.37452883118691227,0.38170606116353667,4.94431333589188,4.950357400272625,0.1774676151942159,0.14050152072820257,-0.002932093993303917,-0.0005431863249453881,4.950357400272625,4.9567097826803845,0.757853203001357,0.7255348850220796,16.998270312676464,1.465222343315117,0.38230232534790864,0.37614042658691244,1.929115150964219,1.937900834926528,-0.14396443221404956
7.789999999999878,-0.007361060177583366,-0.005869092125920752,0.8382032051300885,0.8286116727298795,-0.0554712444757873,-0.04589065693666497,0.37427209136832085,0.3797698099483222,4.938614809344273,4.94431333589188,0.18330717108457006,0.14499069966922556,-0.0053290996288732064,-0.0034629114858469832,4.94431333589188,4.950357400272625,0.8009649866193536,0.7868137714902623,16.88168856604365,1.4844459196831457,0.3777439759037733,0.38170606116353667,1.9506527116941916,1.9678352160098989,-0.1508597917951463
7.799999999999878,-0.008979028126282481,-0.007966150535471651,0.8811544931872242,0.8592346355729712,-0.06425689652833808,-0.06351959479793057,0.37412070190143654,0.3750228690626821,4.933296885687235,4.938614809344273,0.189118274121372,0.14673770571858755,-0.007361060177583366,-0.005869092125920752,4.938614809344273,4.94431333589188,0.8283138346149075,0.8286116727298795,16.734316431400565,1.5086431808857856,0.3712799416998908,0.3797698099483222,1.9669330509972953,1.9728166395600168,-0.1547038562540592
7.809999999999878,-0.010136656531742273,-0.009781955702901995,0.9223051152712518,0.9204066603535178,-0.07278264166996898,-0.056147391026891924,0.3740755790207528,0.38507432224326704,4.928392260729904,4.933296885687235,0.19490000666408772,0.15698906467142495,-0.008979028126282481,-0.007966150535471651,4.933296885687235,4.938614809344273,0.8923501370815714,0.8592346355729712,16.55700149725096,1.5410936507620294,0.3868362489772776,0.3750228690626821,1.9937876722813828,1.9905928306106349,-0.16677102037432695
7.819999999999878,-0.010790488784982637,-0.010911474307115065,0.9613957204112303,0.9494354160462791,-0.08099561007386377,-0.06510454281203273,0.3741369853813951,0.37887782195765973,4.923931061704661,4.928392260729904,0.20065145571012477,0.15997779373609614,-0.010136656531742273,-0.009781955702901995,4.928392260729904,4.933296885687235,0.9166121696154084,0.9204066603535178,16.350773353412507,1.5785769042304074,0.3780289620579175,0.38507432224326704,2.007330646301309,2.0237381403803654,-0.1708892680432112
7.8299999999998775,-0.010900230784849354,-0.011692502577327813,0.9981792011111339,0.9805713174439293,-0.08884491644250618,-0.07742558730829786,0.37430452382577195,0.37926687826291816,4.919940664285876,4.923931061704661,0.2063717130390059,0.16396723436139424,-0.010790488784982637,-0.010911474307115065,4.923931061704661,4.928392260729904,0.956186954861316,0.9494354160462791,16.116836735068787,1.6217294175355166,0.3790602002211268,0.37887782195765973,2.0308288560379424,2.015943505588929,-0.17565973693872206
7.839999999999877,-0.010429003936692546,-0.011938488036163743,1.032422176402361,1.0286930619343526,-0.09628198017651923,-0.09879096967265062,0.374577151869774,0.37339469371322226,4.916445526999114,4.919940664285876,0.21205987535578752,0.17184670892273962,-0.010900230784849354,-0.011692502577327813,4.919940664285876,4.923931061704661,1.0046457125047699,0.9805713174439293,15.856563664443694,1.6719224473171084,0.36979979588129247,0.37926687826291816,2.0484895872109243,2.0459726629088824,-0.18378519695890336
7.849999999999877,-0.009343577497785497,-0.011295139234575936,1.0639063836767693,1.0501033112628433,-0.1032608297452785,-0.07637089326290936,0.37495317810779377,0.3907382363240194,4.913467043967553,4.916445526999114,0.21771504443370054,0.17678790111099263,-0.010429003936692546,-0.011938488036163743,4.916445526999114,4.919940664285876,1.018120910567732,1.0286930619343526,15.571485198461556,1.7243161413454922,0.3919322360923492,0.37339469371322226,2.066647632447666,2.0660602678784223,-0.18808304034556855
7.859999999999877,-0.007614578902905877,-0.010007190588340731,1.092429973195064,1.0870397575774873,-0.10973838919548318,-0.12145480620363336,0.3754302786797514,0.36483351645251194,4.9110234168327525,4.913467043967553,0.22333632725599079,0.18283377739177825,-0.009343577497785497,-0.011295139234575936,4.913467043967553,4.916445526999114,1.066080354965416,1.0501033112628433,15.263281769009621,1.7833450529804893,0.36761184972824584,0.3907382363240194,2.0860930310121173,2.100167202858079,-0.192840967980119
7.869999999999877,-0.005216680814501233,-0.00783701180326695,1.117808699519888,1.116618886505114,-0.11567474498666319,-0.12605341417506732,0.376005502236779,0.37966443677878686,4.90912954652117,4.9110234168327525,0.22892283615693662,0.18986313337133284,-0.007614578902905877,-0.010007190588340731,4.9110234168327525,4.913467043967553,1.0941881484489522,1.0870397575774873,14.933773262837004,1.8467152517053418,0.3769178236364753,0.36483351645251194,2.1051628262176605,2.077394556015265,-0.1977001451745998
7.879999999999876,-0.002128763763057554,-0.004892625995145959,1.139877005383659,1.1471896656924352,-0.121033391437916,-0.09570920690872019,0.37667531139950877,0.3883431550615381,4.907796945450202,4.90912954652117,0.23447368896202173,0.19955077163625942,-0.005216680814501233,-0.00783701180326695,4.90912954652117,4.9110234168327525,1.1262713707395604,1.116618886505114,14.584908024337896,1.9144586402133756,0.3924516160830833,0.37966443677878686,2.1195707371995245,2.1576827461523775,-0.20444339763140537
7.889999999999876,0.001665946634772382,-0.0011722378913137338,1.1584889936193625,1.1645715203794729,-0.1257814533678801,-0.10634408249315717,0.37743557174144166,0.38112229371364337,4.907033670567773,4.907796945450202,0.23998800912724064,0.20562611538897405,-0.002128763763057554,-0.004892625995145959,4.907796945450202,4.90912954652117,1.136850250873548,1.1471896656924352,14.21875219725397,1.9812885913952658,0.38173012365676795,0.3883431550615381,2.135508433268702,2.1335687714824223,-0.20679835328028778
7.899999999999876,0.00617976875909365,0.003177065087112119,1.173519284473719,1.1814552384208215,-0.12988988449213218,-0.13228277427601698,0.37828160049940623,0.3756681566338661,4.906844277613357,4.907033670567773,0.24546492587751526,0.21163239380055587,0.001665946634772382,-0.0011722378913137338,4.907033670567773,4.907796945450202,1.1571995209911246,1.1645715203794729,13.837476950013293,2.0482634529313595,0.3727027504934724,0.38112229371364337,2.1479690667301976,2.123348367063824,-0.20845532871344374
7.909999999999876,0.01142048112052158,0.008212110051839468,1.1848637546163006,1.199359917005806,-0.13333364060640474,-0.14318821426069742,0.379208194525285,0.37722119103487606,4.90722979671039,4.906844277613357,0.2509035743442003,0.21912399356365947,0.00617976875909365,0.003177065087112119,4.906844277613357,4.907033670567773,1.1794615832544837,1.1814552384208215,13.44334678449057,2.1164772486708827,0.37565576572295967,0.3756681566338661,2.163326372550634,2.154121382245261,-0.21091188351182
7.919999999999876,0.01739126614375193,0.013993183728827832,1.1924401557080946,1.2035761610318108,-0.136091826594536,-0.1444682899486004,0.3802096540850436,0.3796772556359967,4.908187729377826,4.90722979671039,0.256303095701656,0.22542308852416734,0.01142048112052158,0.008212110051839468,4.90722979671039,4.906844277613357,1.1832401885646915,1.199359917005806,13.038706716027363,2.1805443768077186,0.3811434943887523,0.37722119103487606,2.174027794538841,2.1849743340887557,-0.21142990479533952
7.929999999999875,0.02409068205366501,0.020407639517821652,1.196188610320127,1.1993769822511695,-0.1381478165413809,-0.15030578214730114,0.38127981785494225,0.37712331893357215,4.909712066935391,4.908187729377826,0.2616626373028668,0.23058121411869384,0.01739126614375193,0.013993183728827832,4.908187729377826,4.90722979671039,1.182751840173133,1.2035761610318108,12.625968813380712,2.238387080075373,0.374921509663347,0.3796772556359967,2.1829564895743667,2.1990197595805103,-0.2101735746008722
7.939999999999875,0.03151266315946203,0.027459346702408887,1.1960719830068476,1.2094126040167017,-0.1394893464676904,-0.14696831976830194,0.3824121038059533,0.38086861274921835,4.9117933300760175,4.909712066935391,0.26698135281408414,0.2393725869114286,0.02409068205366501,0.020407639517821652,4.909712066935391,4.908187729377826,1.1986101202337487,1.1993769822511695,12.207598561658017,2.2935245976957908,0.38306335369481487,0.37712331893357215,2.188518756935928,2.19929988808677,-0.21191324020901972
7.949999999999875,0.03964654866587054,0.035391575268374595,1.1920761246046456,1.1971716284736142,-0.14010857938771118,-0.14886710428835187,0.38359955066537577,0.3798981341198676,4.914418629277602,4.9117933300760175,0.27225840234847226,0.2448518974969422,0.03151266315946203,0.027459346702408887,4.9117933300760175,4.909712066935391,1.185780682357913,1.2094126040167017,11.786100933360476,2.3427554090404414,0.3800158971982103,0.38086861274921835,2.199129462003906,2.2088997125049055,-0.20946032222856759
7.959999999999875,0.04847713996815816,0.04393660199411759,1.1842099880286727,1.2004677763225198,-0.14000214256738752,-0.13794197120547544,0.38483485603358514,0.3862766432431939,4.917571745675279,4.914418629277602,0.2774929525987362,0.2544946784111647,0.03964654866587054,0.035391575268374595,4.914418629277602,4.9117933300760175,1.1922286521559846,1.1971716284736142,11.36400605096998,2.378233350062404,0.39009850769022764,0.3798981341198676,2.205436339419087,2.207589537037685,-0.2105580764170471
7.9699999999998745,0.057984786209876224,0.05333701380884742,1.1725056140185226,1.1998441334239984,-0.13917113703254835,-0.13570581643154464,0.3861104253962384,0.38453141712023897,4.921233231868769,4.917571745675279,0.28268417696871057,0.263914608436229,0.04847713996815816,0.04393660199411759,4.917571745675279,4.914418629277602,1.1916930626665805,1.2004677763225198,10.943854366846821,2.3998582771895167,0.3882064140450566,0.3862766432431939,2.207062766983226,2.212599762594575,-0.21057759462738157
7.979999999999874,0.06814549769964935,0.06348227658058839,1.1570179852765565,1.1768515900011847,-0.13762111958786188,-0.13110934002020033,0.3874184137613868,0.38695011953105224,4.9253805319922215,4.921233231868769,0.2878312557038888,0.2698821799238194,0.057984786209876224,0.05333701380884742,4.921233231868769,4.917571745675279,1.1721743945386789,1.1998441334239984,10.528181804854038,2.406878219238799,0.3909983083395805,0.38453141712023897,2.209253718381023,2.1983545367836137,-0.20639990334323102
7.989999999999874,0.07893108659512656,0.07410448282797728,1.137824747981656,1.1655750711222226,-0.13536205772183327,-0.11511482345442664,0.3887507793231932,0.39470646317518965,4.929988120298139,4.9253805319922215,0.29293337602087177,0.2792309503655195,0.06814549769964935,0.06348227658058839,4.9253805319922215,4.921233231868769,1.161985853334763,1.1768515900011847,10.119504410850833,2.4028970726687526,0.3999764353043956,0.38695011953105224,2.21391598292966,2.1981556021386224,-0.2051264675375422
7.999999999999874,0.09030933407493322,0.08542161165267088,1.115025799725816,1.148950506758712,-0.1324082579806045,-0.13399051311702131,0.3900993270936522,0.3822666107733695,4.935027657455711,4.929988120298139,0.2979897322357158,0.286691070914967,0.07893108659512656,0.07410448282797728,4.929988120298139,4.9253805319922215,1.1473735088622639,1.1655750711222226,9.720303121273545,2.3892329668472687,0.38273635499512887,0.39470646317518965,2.2127705606096426,2.198009471295351,-0.2012694592622961
8.009999999999874,0.10224418302945992,0.09733695806148696,1.0887427437536688,1.098083004220164,-0.12877826847361978,-0.13280403903817953,0.39145575978970293,0.3913577341983156,4.940468163594535,4.935027657455711,0.30299952589115936,0.2889417583747871,0.09030933407493322,0.08542161165267088,4.935027657455711,4.929988120298139,1.1066455292182398,1.148950506758712,9.333008119739532,2.3648655454025245,0.39368209231603174,0.3822666107733695,2.211378665892809,2.178942375836642,-0.19160480031330013
8.019999999999873,0.11469595511738909,0.1094893400356941,1.0591182097124308,1.0869589839980092,-0.12449475635549961,-0.13722870748917035,0.39281173642901024,0.38561015110933383,4.946276207060433,4.940468163594535,0.30796196588270897,0.2990879708187515,0.10224418302945992,0.09733695806148696,4.940468163594535,4.935027657455711,1.093316251454437,1.098083004220164,8.959983358579173,2.332040257402988,0.3850063566361282,0.3913577341983156,2.2091145660559737,2.2163486452172396,-0.1895986307830574
8.029999999999873,0.12762159085306274,0.1224701228001303,1.0263150419134943,1.0457924571368233,-0.11958436125616727,-0.125728450865312,0.3941589076129666,0.3914500981039041,4.952416107813823,4.946276207060433,0.31287626858356343,0.30497070450312197,0.11469595511738909,0.1094893400356941,4.946276207060433,4.940468163594535,1.0548026405498145,1.0869589839980092,8.60351137567018,2.2904665712566263,0.39473222383447204,0.38561015110933383,2.1995328026857295,2.196971968778256,-0.18250058170299166
8.039999999999873,0.1409749112159376,0.13578157456733167,0.9905153575162146,1.0013239603126718,-0.11407752564034246,-0.12802931392674705,0.39548898215439987,0.3866876452230032,4.958850154256859,4.952416107813823,0.31774165796835796,0.3100289965774516,0.12762159085306274,0.1224701228001303,4.952416107813823,4.946276207060433,1.013612543092315,1.0457924571368233,8.265777671508019,2.2404339248334484,0.38593350259945725,0.3914500981039041,2.190114979819664,2.196908247313366,-0.17424742201011992
8.049999999999873,0.15470689911474142,0.14944917908423888,0.9519194771251329,0.9877896473305885,-0.10800830336016352,-0.10911994971261485,0.3967937666164977,0.39646766959412866,4.965538832209157,4.958850154256859,0.32255736573570726,0.32237738581786335,0.1409749112159376,0.13578157456733167,4.958850154256859,4.952416107813823,1.0043457672715883,1.0013239603126718,7.948856300035194,2.182945646771276,0.4000960387507375,0.3866876452230032,2.186995259945514,2.177292468568818,-0.17292820673362447
8.059999999999873,0.1687659988833793,0.16380420450829694,0.9107447325737453,0.9262723192037847,-0.1014141475630674,-0.09878088473781309,0.3980652246450819,0.39516660365425216,4.972441064751549,4.965538832209157,0.32732263142952944,0.3257133338811279,0.15470689911474142,0.14944917908423888,4.965538832209157,4.958850154256859,0.9447427957749659,0.9877896473305885,7.65469521670483,2.117364504903435,0.40115868853946834,0.39646766959412866,2.1737639756080873,2.179353862409207,-0.16190912937283095
8.069999999999872,0.18309843185626767,0.17812939155236907,0.8672241569875131,0.8954076010257125,-0.0943356793636731,-0.09232654368208011,0.39929551676565755,0.395360785126236,4.97951446152591,4.972441064751549,0.33203670255913076,0.3347470005119977,0.1687659988833793,0.16380420450829694,4.972441064751549,4.965538832209157,0.9093207661962092,0.9262723192037847,7.385102830346094,2.044030438337267,0.39988395048381326,0.39516660365425216,2.1612458720400785,2.1486253627362646,-0.15661760895962862
8.079999999999872,0.19764852594905938,0.19289449669329753,0.8216050643470972,0.8488848468878829,-0.0868164386247633,-0.09421208501059301,0.4004770590030946,0.39317448557117973,4.98671557606312,4.97951446152591,0.3366988347180326,0.33981375976183137,0.18309843185626767,0.17812939155236907,4.97951446152591,4.972441064751549,0.8666962460548068,0.8954076010257125,7.141734843731741,1.9630422587256038,0.39353775994927165,0.395360785126236,2.150333171587309,2.1329965107246522,-0.14691926306853384
8.089999999999872,0.2123590570758245,0.20779471380786424,0.7741475263190596,0.7952210386915848,-0.07890261840661228,-0.09274944808514086,0.4016025631962903,0.39383779321859563,4.994000169620395,4.98671557606312,0.3413082917015218,0.34431094434842785,0.19764852594905938,0.19289449669329753,4.98671557606312,4.97951446152591,0.8184829060850141,0.8488848468878829,6.926082598010351,1.8744465203267981,0.39601013441066885,0.39317448557117973,2.1391270263160127,2.1240992722601524,-0.1365162305405636
8.099999999999872,0.22717160015087345,0.22274552750146018,0.7251227562591194,0.7479208187054758,-0.0706427845660183,-0.08845027989541006,0.4026650840044381,0.394004677307033,5.001323480047061,4.994000169620395,0.34586434562290636,0.35074771261745147,0.2123590570758245,0.20779471380786424,4.994000169620395,4.98671557606312,0.7726849064640137,0.7952210386915848,6.739462064470922,1.778308951541809,0.39560042044647137,0.39383779321859563,2.125939114030391,2.121146398098359,-0.1280021851159913
8.109999999999872,0.2420268873694584,0.23781739752063238,0.674811410964346,0.7085102285725791,-0.06208758214068416,-0.06025586598386282,0.4036580601696351,0.40410381433573495,5.008640494087298,5.001323480047061,0.35036627702845646,0.3602050000500089,0.22717160015087345,0.22274552750146018,5.001323480047061,4.994000169620395,0.7338043471135436,0.7479208187054758,6.583004310972859,1.6746964726984126,0.408074790579176,0.394004677307033,2.103775179022177,2.1098935743281526,-0.1223876025293765
8.119999999999871,0.2568651714228454,0.25301963273619066,0.6235018222164458,0.637366840662226,-0.05328943015730944,-0.06460978972188706,0.4045753569363523,0.3939227192264113,5.0159062215255235,5.008640494087298,0.35481337501101523,0.36166761794760277,0.2420268873694584,0.23781739752063238,5.008640494087298,5.001323480047061,0.669495047848473,0.7085102285725791,6.457647240927249,1.5635700432366946,0.39448298622529615,0.40410381433573495,2.0908819545546953,2.0936335683520793,-0.10864798521141211
8.129999999999871,0.27162659128854544,0.26791398412328554,0.5714881709974844,0.59996717680322,-0.04430220657710497,-0.0335661690477448,0.4054113010234909,0.410589959792264,5.023075969574395,5.0159062215255235,0.3592049373222588,0.371949772701915,0.2568651714228454,0.25301963273619066,5.0159062215255235,5.008640494087298,0.6294283949381624,0.637366840662226,6.364128908023307,1.4449883720107561,0.4133184025473467,0.3939227192264113,2.07639556680929,2.0533925194527307,-0.10403578857862944
8.139999999999871,0.28625153824039934,0.2829297541382703,0.5190686182820623,0.5371602085325085,-0.035180925095461876,-0.022473896515921868,0.40616072615704046,0.4047680224479018,5.030105615899651,5.023075969574395,0.36354027048358956,0.3757965485036935,0.27162659128854544,0.26791398412328554,5.023075969574395,5.0159062215255235,0.5681513680727214,0.59996717680322,6.302982265224147,1.318940181656167,0.4120938899913663,0.410589959792264,2.0584582800430797,2.061332542824361,-0.09286679436542317
8.14999999999987,0.30068101974832895,0.2976418927249967,0.46654340649711834,0.4921590895175346,-0.02598140563101047,-0.053496855238107925,0.4068189877416839,0.39063316209893445,5.036951878635017,5.030105615899651,0.3678186898956446,0.3814290836416167,0.28625153824039934,0.2829297541382703,5.030105615899651,5.023075969574395,0.5216445171695162,0.5371602085325085,6.274531909465455,1.1854501019301817,0.38969405946154784,0.4047680224479018,2.041762676346692,2.0087584625242805,-0.08378719091662001
8.15999999999987,0.3148570189762485,0.3122402983667994,0.41421294710122714,0.42660414970543326,-0.016759940174146143,0.023523841883411174,0.4073820118791276,0.42920404686922053,5.043572581804411,5.036951878635017,0.3720395199464018,0.3873311184832693,0.30068101974832895,0.2976418927249967,5.036951878635017,5.030105615899651,0.45961572380072785,0.4921590895175346,6.278891731081001,1.0445126181585629,0.42478208103630105,0.39063316209893445,2.0169869640843707,2.0067156407874918,-0.07509082011646989
8.16999999999987,0.32872284765123516,0.32640724625556833,0.3623759081921417,0.3809674542813857,-0.007572955997684946,-0.003984847165347943,0.40784631135127286,0.3932168708349735,5.04992691451513,5.043572581804411,0.3762020941178666,0.39253014687065796,0.3148570189762485,0.3122402983667994,5.043572581804411,5.036951878635017,0.4124644858639469,0.42660414970543326,6.3159652533684385,0.8961437338602996,0.40518163439475524,0.42920404686922053,1.9978940228948618,2.0182478158160135,-0.06612290061508963
8.17999999999987,0.34222349013910636,0.34035302303296916,0.3113273177660391,0.3367429303495879,0.0015233220712216593,-0.001148639207607861,0.408208990344284,0.4144475376098765,5.055975682368463,5.04992691451513,0.38030575509132336,0.39907596331447254,0.32872284765123516,0.32640724625556833,5.04992691451513,5.043572581804411,0.3667141360014955,0.3809674542813857,6.3854468280826815,0.7403525082766647,0.41415409680348036,0.3932168708349735,1.9797055408304285,1.9096290690515714,-0.05872294028150338
8.18999999999987,0.3553059366540972,0.35398448075746175,0.2613566970793947,0.2745907696579902,0.010473208511605004,0.024399137266309188,0.408467808804423,0.40822782559061244,5.061681549546898,5.055975682368463,0.38434985485113315,0.4022866509162088,0.34222349013910636,0.34035302303296916,5.055975682368463,5.04992691451513,0.3072843312757756,0.3367429303495879,6.486824209111801,0.5771309572798027,0.41380023515447717,0.4144475376098765,1.9625725770274731,1.9980735554355402,-0.04830217015874705
8.19999999999987,0.3679195036248912,0.3670283654417465,0.21274623631388195,0.23571952835654333,0.019221890922417564,0.012545479573537695,0.4086211427286038,0.40200698045039174,5.067009270035338,5.061681549546898,0.3883337547870633,0.40848033555099394,0.3553059366540972,0.35398448075746175,5.061681549546898,5.055975682368463,0.26801465132990043,0.2745907696579902,6.619384390617842,0.4064966030267329,0.40154199603402313,0.40822782559061244,1.9433648596158581,1.9143257965237561,-0.04145197010924745
8.20999999999987,0.3800161393253621,0.3797100396362422,0.1657690283684482,0.1814026520646716,0.02771575945482815,0.014696044693954202,0.4086680332428905,0.4023815161123189,5.071925906588269,5.067009270035338,0.39225682579513094,0.4112938335396822,0.3679195036248912,0.3670283654417465,5.067009270035338,5.061681549546898,0.21203689004861806,0.23571952835654333,6.782218174949609,0.22844128208032458,0.4028540525799018,0.40200698045039174,1.9213173102995418,1.9087104144478395,-0.03158379390343996
8.21999999999987,0.39155071301499955,0.39178822945655234,0.1206873700288075,0.13775620819537115,0.03590272954396047,0.03438587860405795,0.4086081773664448,0.4088792789571125,5.076401036002576,5.071925906588269,0.3961184483769463,0.41668624326911274,0.3800161393253621,0.3797100396362422,5.071925906588269,5.067009270035338,0.1684190204153451,0.1814026520646716,6.974228559818042,0.042977738862987586,0.41235666483804034,0.4023815161123189,1.9017127089252324,1.904034736499181,-0.024898013812560404
8.229999999999869,0.4024812859192668,0.4033492479033987,0.07775114327974017,0.08504923629851363,0.043732556402837866,-0.0008480871561153749,0.40844192963730797,0.38650867929167454,5.080406939378168,5.076401036002576,0.3999180127375384,0.4170528538777159,0.39155071301499955,0.39178822945655234,5.076401036002576,5.071925906588269,0.1159599701507424,0.13775620819537115,7.194138890508544,-0.14989689784732918,0.38619094013003086,0.4088792789571125,1.8877020064564178,1.8908275203037836,-0.01370360597431719
8.239999999999869,0.4127693625150189,0.4141434552992808,0.03719628600747838,0.03778926216438618,0.05115713940790262,0.03233434715854761,0.4081703019653703,0.40920879105830194,5.083918776174321,5.080406939378168,0.4036549188816487,0.4209544405456597,0.4024812859192668,0.4033492479033987,5.080406939378168,5.076401036002576,0.06874511734209897,0.08504923629851363,7.440502477062833,-0.3501726582235013,0.40509825715725156,0.38650867929167454,1.868465732426786,1.8608036024309216,-0.006810985246378909
8.249999999999869,0.42238012070021047,0.4241321512478625,-0.0007566393219557987,0.006939945117030912,0.05813081460495046,0.059712102876551695,0.40779496812676935,0.40530529001281157,5.086914740864294,5.083918776174321,0.4073285767084775,0.4271887316427947,0.4127693625150189,0.4141434552992808,5.083918776174321,5.080406939378168,0.04464676039167298,0.03778926216438618,7.711713219094795,-0.557778337314291,0.4068885008210591,0.40920879105830194,1.8509513045161574,1.8936018445446987,-0.0030565803949321735
8.259999999999868,0.4312826195488793,0.4334376013523884,-0.03590377174469371,-0.023061152230481812,0.06461063357328495,0.07360090039845456,0.4073182272064742,0.4088541307655988,5.08937620114418,5.086914740864294,0.41093840610486754,0.4322882453571389,0.42238012070021047,0.4241321512478625,5.086914740864294,5.083918776174321,0.008775674179579633,0.006939945117030912,8.006017283930653,-0.7726756136111748,0.4130966241303307,0.40530529001281157,1.83030587021921,1.8178172456999881,0.0011493559952495125
8.269999999999868,0.4394499834749787,0.4419863686949845,-0.06805916533846076,-0.05545112122965151,0.07055662719029308,0.07544715303979477,0.4067430196357118,0.40486787220317266,5.091287816769481,5.08937620114418,0.4144838370369106,0.43519916366242295,0.4312826195488793,0.4334376013523884,5.08937620114418,5.086914740864294,-0.030964192595866434,-0.023061152230481812,8.321524454252055,-0.9948278765748613,0.40455230902881073,0.4088541307655988,1.8139200802669173,1.8041108185175987,0.006787205032561527
8.279999999999868,0.4468595617653497,0.44969241613214,-0.09705588671362168,-0.10966123509111439,0.07593205238471884,0.0850643148357826,0.4060728917985361,0.40751047205809177,5.092637638191498,5.091287816769481,0.4179643096399627,0.4329394416185164,0.4394499834749787,0.4419863686949845,5.091287816769481,5.08937620114418,-0.08364894133199863,-0.05545112122965151,8.65622156213352,-1.2242828371509678,0.41041863059432104,0.40486787220317266,1.7932807248611338,1.7813402828219238,0.01675297451362362
8.289999999999868,0.45349306255422056,0.45631641935291006,-0.12274699064472505,-0.1284872755957797,0.08070362061327883,0.08549301131084794,0.4053119807680237,0.40469411812959716,5.093417184241189,5.092637638191498,0.42137927430705274,0.4367679158941921,0.4468595617653497,0.44969241613214,5.092637638191498,5.091287816769481,-0.09487019053704535,-0.10966123509111439,9.007985102001927,-1.460488444796645,0.4035054611088827,0.40751047205809177,1.783556832636886,1.7727807037588967,0.019548503458717947
8.299999999999867,0.4593366604596462,0.462332556887399,-0.14500637132770994,-0.15016729071994236,0.08484170648030355,0.082341109822138,0.4044649832304514,0.40241391214856154,5.093621498345187,5.093417184241189,0.42472819177567234,0.4391162901955202,0.45349306255422056,0.45631641935291006,5.093417184241189,5.092637638191498,-0.12165747856381658,-0.1284872755957797,9.374594826999957,-1.703045422105296,0.3999114995533835,0.40469411812959716,1.7702890154003657,1.7586399749938828,0.023216266691878817
8.309999999999867,0.464381077229679,0.4676128905823947,-0.16372948624122446,-0.16709663614084685,0.0883205352096089,0.08708291231082313,0.40353713149315373,0.403600359667026,5.093249182801711,5.093621498345187,0.4280105332129313,0.4418193883359231,0.4593366604596462,0.462332556887399,5.093621498345187,5.093417184241189,-0.14109613744721322,-0.15016729071994236,9.753747286161905,-1.9508693635234144,0.40385688865761493,0.40241391214856154,1.7538510644842549,1.75454353293798,0.02579350224647159
8.319999999999867,0.46862163489019987,0.4721406732712944,-0.1788339509376676,-0.19540764411355532,0.09111834765147829,0.06849758395967993,0.4025341580359991,0.39318191732270497,5.09230241078456,5.093249182801711,0.4312257802990666,0.4402468800824615,0.464381077229679,0.4676128905823947,5.093249182801711,5.093621498345187,-0.17925789911915638,-0.16709663614084685,10.143069843258578,-2.2041924492228824,0.3892786626914264,0.403600359667026,1.746397892126127,1.7500444497124341,0.0318937931888329
8.329999999999867,0.4720582810279916,0.4757326734114448,-0.1902600029920133,-0.20324822123953018,0.09321754172056215,0.08468579520397561,0.4014622595107249,0.4045819975855838,5.090786915977963,5.09230241078456,0.434373425309291,0.44344509982769226,0.46862163489019987,0.4721406732712944,5.09230241078456,5.093249182801711,-0.17913547614282552,-0.19540764411355532,10.540134617330718,-2.4575723136831793,0.4040506273850689,0.39318191732270497,1.740083805425049,1.7412459227690738,0.03228757358375256
8.339999999999867,0.47469558599547623,0.4786255510597031,-0.19797083412768715,-0.19954644636632518,0.09460478921856033,0.09686770018524704,0.40032806314242886,0.4004379618624414,5.08871195978427,5.090786915977963,0.43745297119396875,0.44784931133080513,0.4720582810279916,0.4757326734114448,5.090786915977963,5.09230241078456,-0.17996268325527162,-0.20324822123953018,10.942472582817821,-2.7053303210366932,0.39849007050667584,0.4045819975855838,1.7271020874041978,1.7599132806767837,0.03077623972889798
8.349999999999866,0.47654271197785997,0.4808482003724873,-0.20195278987765775,-0.20691873947169284,0.09527112710999208,0.10582359599607369,0.3991385738524422,0.4044614795605809,5.08609027624932,5.08871195978427,0.4404639316571054,0.4492695353657243,0.47469558599547623,0.4786255510597031,5.08871195978427,5.090786915977963,-0.1905130447092972,-0.19954644636632518,11.347587874390022,-2.9475421021539203,0.40665226993161285,0.4004379618624414,1.723029715531391,1.7162439231968516,0.03157866500676304
8.359999999999866,0.4776133540228429,0.48217122769019605,-0.20221543585017335,-0.2179915619125941,0.0952120225723524,0.1117675117966525,0.3979011457994933,0.4037069870753099,5.082937995016471,5.08609027624932,0.44340583123313965,0.44913299439530724,0.47654271197785997,0.4808482003724873,5.08609027624932,5.08871195978427,-0.20735271460698673,-0.20691873947169284,11.75297166332848,-3.1862549062037675,0.40447249696909787,0.4044614795605809,1.7116647440699801,1.7166750633446788,0.03303823329488881
8.369999999999866,0.4779256533029105,0.4825745040682511,-0.19879149114153422,-0.21971841316435475,0.09442741105567345,0.11431167270607889,0.39662342568248493,0.4031814752252997,5.07927454273476,5.082937995016471,0.4462782053620249,0.4493378975680721,0.4776133540228429,0.48217122769019605,5.082937995016471,5.08609027624932,-0.2063342096318318,-0.2179915619125941,12.156116765898238,-3.4175307688427776,0.40296913680864815,0.4037069870753099,1.708942929976716,1.7017273865364857,0.03323660650017901
8.379999999999866,0.4775020830419079,0.48221746796723364,-0.19173662811921388,-0.2199432740452834,0.09292170702235236,0.09837548647944275,0.39531331094641703,0.39659350884183137,5.075122523501128,5.07927454273476,0.4490806004625885,0.44824881298262903,0.4779256533029105,0.4825745040682511,5.07927454273476,5.082937995016471,-0.2085438651263225,-0.21971841316435475,12.554531522687618,-3.6440568902441832,0.39319494363875407,0.4031814752252997,1.7109544711647637,1.6950391758501868,0.03396865498460461
8.389999999999866,0.4763693077180048,0.48111731249556866,-0.1811291394593375,-0.198210199855019,0.09070378697131867,0.09039012198702653,0.39397889799824726,0.39603423788811093,5.070507579065568,5.075122523501128,0.4518125740041578,0.45163299611442315,0.4775020830419079,0.48221746796723364,5.075122523501128,5.07927454273476,-0.1913911195155401,-0.2199432740452834,12.945754075368132,-3.8512227253626428,0.39124347477754406,0.39659350884183137,1.7067677402397987,1.6991993677285602,0.029484316381145514
8.399999999999865,0.47455801632342204,0.4795060222830517,-0.16706947286116494,-0.17382507332317523,0.08778694465220456,0.0927509078465672,0.39262843394230995,0.3985707327125867,5.065458229681793,5.070507579065568,0.4544736945764405,0.45571724646031886,0.4763693077180048,0.48111731249556866,5.070507579065568,5.075122523501128,-0.17164422557008405,-0.198210199855019,13.327366331712657,-4.037152652467285,0.3981960618160347,0.39603423788811093,1.7061872535421845,1.714590358276667,0.023788775822732866
8.409999999999865,0.4721027306375426,0.4772927380503677,-0.14967963473354445,-0.16857598478365102,0.08418881848129485,0.08918203213877797,0.3912702609920835,0.3956945422708314,5.060005696623409,5.065458229681793,0.4570635419576495,0.4540687332060085,0.47455801632342204,0.4795060222830517,5.065458229681793,5.070507579065568,-0.17256532518433818,-0.17382507332317523,13.697007933113824,-4.210087137395782,0.39228145150211735,0.3985707327125867,1.7095042865951595,1.7227732520379653,0.023224004844359214
8.419999999999865,0.4690415896398153,0.47422517957485105,-0.12910246439304268,-0.1352796750366975,0.07993129140628775,0.08185879461693615,0.38991276707383443,0.39394806320331793,5.0541837074744205,5.060005696623409,0.45958170718086083,0.45757204629653936,0.4721027306375426,0.4772927380503677,5.060005696623409,5.065458229681793,-0.13914588469213798,-0.16857598478365102,14.05238986917077,-4.37117338677882,0.38996596975161874,0.3956945422708314,1.7145361539869792,1.718654748317294,0.016653133278311694
8.429999999999865,0.4654161113573361,0.4707172004962461,-0.10550078133066426,-0.12245423872842628,0.07504036358677324,0.08055987200972095,0.38856433634050463,0.39402304349666945,5.048028285446669,5.0541837074744205,0.46202779259859433,0.4560314322371995,0.4690415896398153,0.47422517957485105,5.0541837074744205,5.060005696623409,-0.12886775686861704,-0.1352796750366975,14.39130803969954,-4.5229119182496875,0.39081329088305483,0.39394806320331793,1.7142799376678028,1.7276907410597728,0.014685768259046605
8.439999999999864,0.46127093360029015,0.4664793873166105,-0.07905640863952743,-0.09197305573672544,0.06954599847972252,0.08109736207145048,0.38723329398967954,0.3950858783650879,5.041577524118447,5.048028285446669,0.4644014119456066,0.45772418182746605,0.4654161113573361,0.4707172004962461,5.048028285446669,5.0541837074744205,-0.09882577726957596,-0.12245423872842628,14.71165651707718,-4.66579121043585,0.3946177975787681,0.39402304349666945,1.722462407843429,1.732640327207596,0.008755205489144435
8.449999999999864,0.4566535351902538,0.4618160789003132,-0.04996907648258762,-0.07645863106788758,0.06348194313395258,0.04648895594756671,0.3859278549871062,0.3795460496064018,5.034871349036295,5.041577524118447,0.4667021903998868,0.4539194693443074,0.46127093360029015,0.4664793873166105,5.041577524118447,5.048028285446669,-0.0859510693503053,-0.09197305573672544,15.011440257674536,-4.8005685508550044,0.3759555446637398,0.3950858783650879,1.7301660250156274,1.7384085145365193,0.007896609556005796
8.459999999999864,0.451613939428042,0.45655896359570136,-0.01845521070475154,-0.035215002068283145,0.056885523643419866,0.05942588974680329,0.3846560737624234,0.3946530222612673,5.0279512677407245,5.034871349036295,0.4689297646418456,0.45723662844778123,0.4566535351902538,0.4618160789003132,5.034871349036295,5.041577524118447,-0.04655966565539528,-0.07645863106788758,15.288787423845447,-4.927299037126985,0.39179992044912965,0.3795460496064018,1.7374374638839556,1.7414725809046498,-0.0006776648520798734
8.469999999999864,0.4462044016738442,0.4510888785878752,0.015253387384322012,-0.004884929409819536,0.04979741691328065,0.06381491540762597,0.3834257993682378,0.3891914988530956,5.020860109879339,5.0279512677407245,0.47108378291168734,0.4573238551670941,0.451613939428042,0.45655896359570136,5.0279512677407245,5.034871349036295,-0.0169652708007951,-0.035215002068283145,15.541961131111995,-5.046241227932727,0.3863204323516643,0.3946530222612673,1.749932533594437,1.7862135582467573,-0.006234976579218898
8.479999999999864,0.44047908302477135,0.4452217802333269,0.05091096287063359,0.026729686507459043,0.042261400060871715,0.051929866743670956,0.38224461074157245,0.3869479260530995,5.013641759061961,5.020860109879339,0.47316390506495704,0.4565728932992938,0.4462044016738442,0.4510888785878752,5.020860109879339,5.0279512677407245,0.013299610983821234,-0.004884929409819536,15.769370633545819,-5.157543536845078,0.38248478807899117,0.3891914988530956,1.7570063300156409,1.7541067053813517,-0.011351113065966867
8.489999999999863,0.43449371217018407,0.4390335980132562,0.0882593229317934,0.0558553342335743,0.0343240790538047,0.027717868831038,0.3811197909734795,0.3800740114971305,5.006340878239355,5.013641759061961,0.47516980262625313,0.45437093845714527,0.44047908302477135,0.4452217802333269,5.013641759061961,5.020860109879339,0.04149730605190098,0.026729686507459043,15.969581120011298,-5.261296751309716,0.3746093227780179,0.3869479260530995,1.7713507184557504,1.7711206930833692,-0.01533734044388907
8.499999999999863,0.42830523758764416,0.4325596083681703,0.1270294362793098,0.1195956137258899,0.026034598125198857,0.02468220831731528,0.38005827004280135,0.38546569946275056,4.999002630419171,5.006340878239355,0.4771011588410976,0.4600499770738174,0.43449371217018407,0.4390335980132562,5.006340878239355,5.013641759061961,0.09686430391445668,0.0558553342335743,16.14132364960068,-5.35752578312343,0.3834342106149354,0.3800740114971305,1.7845361864561968,1.7928106964285,-0.027490368705647084
8.509999999999863,0.421971472294444,0.42622702657324946,0.16694310685413527,0.1400384537891296,0.017444331952173514,0.005556440051167549,0.3790665859574051,0.37680400444315754,4.991672396480511,4.999002630419171,0.4789576687259551,0.4555993747792335,0.42830523758764416,0.4325596083681703,4.999002630419171,5.006340878239355,0.11420647594449931,0.1195956137258899,16.28350316601549,-5.446287185638967,0.3718402043497655,0.38546569946275056,1.804106734306227,1.8267138872640492,-0.029372348205984056
8.519999999999863,0.41555073341924215,0.4194603469099515,0.20771471013979645,0.18106430734448306,0.008606562533845237,0.014274877036250433,0.3781508391928585,0.3876697753477118,4.984395491976978,4.991672396480511,0.4807390391163935,0.4567380687224067,0.421971472294444,0.42622702657324946,4.991672396480511,4.999002630419171,0.1638036111972363,0.1400384537891296,16.395205862720246,-5.527590948620117,0.38695116967515747,0.37680400444315754,1.8186194981188697,1.8295664250811992,-0.0372777218124552
8.529999999999863,0.4091014788771048,0.41268333445245986,0.24905298029461698,0.225239374177854,-0.0004238570609990996,0.014859373642436237,0.3773166652643327,0.3836955967664027,4.977216884735467,4.984395491976978,0.4824449887133778,0.45803081045183835,0.41555073341924215,0.4194603469099515,4.984395491976978,4.991672396480511,0.2058143236379555,0.18106430734448306,16.475705121517198,-5.60145019354689,0.38138904379274613,0.3876697753477118,1.8350256985394766,1.8640838445604717,-0.045347475999378495
8.539999999999862,0.4026819434381722,0.40596129454647295,0.29066283522449377,0.27633870243037073,-0.009590849872259296,-0.023777232764072342,0.37656918750455765,0.3700631703912283,4.970180915050724,4.977216884735467,0.4840752481276907,0.45898773931279924,0.4091014788771048,0.41268333445245986,4.977216884735467,4.984395491976978,0.2537945846528742,0.225239374177854,16.52446664589514,-5.667872082024611,0.365846989914998,0.3836955967664027,1.8534916726426343,1.8469654251159784,-0.053026444766326286
8.549999999999862,0.39634977646530845,0.3993912747686756,0.3322472269737881,0.3117657019757997,-0.018837470716506675,-0.03237733086128537,0.37591299969103514,0.3768938692321624,4.963331020298762,4.970180915050724,0.4856295599224721,0.4579454425171279,0.4026819434381722,0.40596129454647295,4.970180915050724,4.977216884735467,0.28971801698700034,0.27633870243037073,16.541151671301336,-5.726861675064709,0.3721186659843777,0.3700631703912283,1.866117722260443,1.8682005262442396,-0.05855416774845229
8.559999999999862,0.39016168357209813,0.39281964347286064,0.37350900365849016,0.359287566199654,-0.028106267991290075,-0.028667707157250994,0.3753521327499945,0.37820238675707923,4.956709465698735,4.963331020298762,0.48710767865387145,0.46015035827199324,0.39634977646530845,0.3993912747686756,4.963331020298762,4.970180915050724,0.33633191281364927,0.3117657019757997,16.525619601876905,-5.778421024148004,0.37426162002500085,0.3768938692321624,1.8881772029118158,1.9209125893154706,-0.06733071479913261
8.569999999999862,0.3841730744047088,0.3864780622909579,0.41415277001914647,0.3947894227757402,-0.03733964904850999,-0.031177263391000715,0.37489002104845276,0.3803780091641193,4.950357082915919,4.956709465698735,0.4885093709098061,0.45970443961630875,0.39016168357209813,0.39281964347286064,4.956709465698735,4.963331020298762,0.3718005778162421,0.359287566199654,16.47792878006119,-5.822551608523997,0.380623053597289,0.37820238675707923,1.9101459863232246,1.9216117672281194,-0.07322637732535087
8.579999999999862,0.3784377186989506,0.380277594710765,0.4538867334073131,0.4358028574115883,-0.04648024658891711,-0.04746238781797872,0.37452949365167576,0.37484617134508624,4.9443130181325605,4.950357082915919,0.48983441534682004,0.4600991846452471,0.3841730744047088,0.3864780622909579,4.950357082915919,4.956709465698735,0.4130402577007682,0.3947894227757402,16.398335809657063,-5.8592540465388865,0.3711075233826212,0.3803780091641193,1.9295766781392922,1.9395508460109387,-0.07982158993448207
8.589999999999861,0.3730074126956933,0.3743699772912145,0.492424522078478,0.47613499198631615,-0.055471283584324474,-0.07635070516382202,0.3742727532146401,0.3675888700897895,4.938614491158181,4.9443130181325605,0.4910826027250362,0.46005151235125413,0.3784377186989506,0.380277594710765,4.9443130181325605,4.950357082915919,0.452781558161118,0.4358028574115883,16.28729417299281,-5.8885287108431354,0.3617798755880202,0.37484617134508624,1.9503601577107124,1.9509256516635793,-0.08568153506003962
8.599999999999861,0.3679316579164781,0.36880439508943874,0.5294869638261218,0.5121299381397285,-0.06425693413142398,-0.07121638407103703,0.37412136539243984,0.3779859658701959,4.933296567054071,4.938614491158181,0.49225373594119803,0.46091387311057064,0.3730074126956933,0.3743699772912145,4.938614491158181,4.9443130181325605,0.48854503082878453,0.47613499198631615,16.145451131071283,-5.910375831986993,0.377086239368283,0.3675888700897895,1.9688980776229752,1.981178069126968,-0.0921094780211319
8.60999999999986,0.3632573542174072,0.36359041152826765,0.5648038132264074,0.559582432548929,-0.07278267774284426,-0.06967018874932518,0.37407624660979866,0.376640124833544,4.928391941631056,4.933296567054071,0.4933476300597946,0.4644896804438865,0.3679316579164781,0.36880439508943874,4.933296567054071,4.938614491158181,0.5352185871502511,0.5121299381397285,15.97364359072969,-5.924795483143928,0.3753415358058784,0.3779859658701959,1.9938102588307025,2.0209295710927155,-0.10089926891561884
8.61999999999986,0.3590285089437182,0.3588995126509416,0.598115416756804,0.5886987317039789,-0.08099564460381359,-0.09867582371127093,0.374137653805111,0.3666942038034512,4.923930742122677,4.928391941631056,0.4943641123422637,0.4630605791393067,0.3632573542174072,0.36359041152826765,4.928391941631056,4.933296567054071,0.5613459036084089,0.559582432548929,15.772892658348411,-5.931787791190151,0.36289302685245794,0.376640124833544,2.0130566654936857,2.0133911309955677,-0.1041610664883651
8.62999999999986,0.3552859639073069,0.35455684280075145,0.629174305835376,0.6207642375178573,-0.0888449494146896,-0.11320107697586021,0.37430519494818415,0.36873087395227416,4.919940344208717,4.923930742122677,0.4953030222742695,0.4636830322469499,0.3590285089437182,0.3588995126509416,4.923930742122677,4.928391941631056,0.5983492918706068,0.5886987317039789,15.544397046854968,-5.931352777459136,0.3628178460328684,0.3666942038034512,2.0293167817304885,2.031103817997941,-0.10912618944619845
8.63999999999986,0.3520671418027057,0.35073530654547314,0.6577467085476776,0.6645007708579872,-0.09628201158715602,-0.11449052379001431,0.37457782753240626,0.3715719664512263,4.916445206416348,4.919940344208717,0.49616421159104956,0.4679433676861368,0.3552859639073069,0.35455684280075145,4.919940344208717,4.923930742122677,0.6419157058455234,0.6207642375178573,15.289525944043113,-5.923490448482895,0.3708369070605162,0.36873087395227416,2.052199039988412,2.07367031022726,-0.11720806114066368
8.64999999999986,0.3494058135630654,0.3476954690504012,0.6836139722152929,0.689999544020507,-0.10326085960148146,-0.11923388437131838,0.3749538586137145,0.3702303913931714,4.913466722870128,4.916445206416348,0.49694754430082755,0.46872468573310494,0.3520671418027057,0.35073530654547314,4.916445206416348,4.919940344208717,0.6609070093441051,0.6645007708579872,15.009810493717346,-5.908200853529479,0.36729294149977354,0.3715719664512263,2.0690079535532977,2.091339838389064,-0.12102921668270372
8.65999999999986,0.34733188804332965,0.3452777714421152,0.7065738895930428,0.714625772248712,-0.10973841751159658,-0.13362450737610207,0.37543096168919393,0.36599722349492536,4.911023095214403,4.913466722870128,0.49765289670628793,0.4696569620653588,0.3494058135630654,0.3476954690504012,4.913466722870128,4.916445206416348,0.6913461039626143,0.689999544020507,14.70693433888494,-5.885483993174678,0.36187098275981755,0.3702303913931714,2.080595850803024,2.096695360652806,-0.1243791906232436
8.66999999999986,0.3458712252957134,0.3435261986910473,0.7264419221977435,0.7368066135997134,-0.11567477177823206,-0.10799064864532044,0.3760061920650137,0.38387924191717804,4.909129224381376,4.911023095214403,0.49828015742410914,0.47262058812288,0.34733188804332965,0.3452777714421152,4.911023095214403,4.913466722870128,0.7143406393515428,0.714625772248712,14.382723734584605,-5.85533987992217,0.3850811003674869,0.36599722349492536,2.102518257674106,2.109119479984648,-0.1290943894318327
8.67999999999986,0.34504547457393486,0.3424503933218146,0.7430523153381297,0.7555814473380084,-0.12103341673753597,-0.12093243361306603,0.37667600371318066,0.37140020225504283,4.907796622786808,4.909129224381376,0.49882922740255237,0.4742344855489289,0.3458712252957134,0.3435261986910473,4.909129224381376,4.911023095214403,0.7335567664078161,0.7368066135997134,14.039136783467349,-5.817768525485853,0.3733656733113084,0.38387924191717804,2.1210946893261506,2.1384300057547345,-0.1317840922271143
8.68999999999986,0.3448719380713086,0.3420446640694915,0.7562591000416418,0.7618271091556734,-0.1257814772047608,-0.12085676750095961,0.37743626386756934,0.37956368230366055,4.907033347387123,4.907796622786808,0.49930001993710305,0.4748475488106821,0.34504547457393486,0.3424503933218146,4.907796622786808,4.909129224381376,0.7395894533773558,0.7555814473380084,13.678251936639711,-5.772769965347502,0.3830706007406157,0.37140020225504283,2.134327024807798,2.1088060942642333,-0.13280288474119056
8.699999999999859,0.3453634612598517,0.3422159860476467,0.7659369777170729,0.7787963503456921,-0.12988990689612825,-0.1334694756259733,0.37828229731554264,0.3729199418371667,4.906843953928525,4.907033347387123,0.49969246068416234,0.47743724390651243,0.3448719380713086,0.3420446640694915,4.907033347387123,4.907796622786808,0.7648566592261152,0.7618271091556734,13.302255708359265,-5.7203441729587965,0.3728170707576782,0.37956368230366055,2.1486261468408197,2.1473529707313674,-0.13522125785886574
8.709999999999859,0.34652835055371206,0.3431601179343105,0.7719820835551342,0.7879904286780304,-0.13333366162597451,-0.1568597014523149,0.379208893713854,0.3672943904056145,4.907229472531429,4.906843953928525,0.500006487672787,0.4789230668779246,0.3453634612598517,0.3422159860476467,4.906843953928525,4.907033347387123,0.7693737146048577,0.7787963503456921,12.913430558483554,-5.6604912001604575,0.3639166572906356,0.3729199418371667,2.1582595169156695,2.1438369745501586,-0.13576294894361407
8.719999999999859,0.3483703188663297,0.34479565427837194,0.774312625933667,0.7900149307031351,-0.13609184627924747,-0.14940138689228788,0.38021035501775674,0.37716224098089557,4.908187404721195,4.907229472531429,0.5002420513144752,0.4811117142495521,0.34652835055371206,0.3431601179343105,4.907229472531429,4.906843953928525,0.7732604730909397,0.7879904286780304,12.514141110469618,-5.5932110985905155,0.37891971395707913,0.3672943904056145,2.169181153082901,2.1681067727954195,-0.13631605997118018
8.729999999999858,0.3508884594784974,0.34707853895347635,0.7728693984061108,0.8026863853280488,-0.13814783494579902,-0.15169643006039438,0.3812805223050352,0.3744267412414919,4.909711741821587,4.908187404721195,0.5003991144109972,0.4855662215177195,0.3483703188663297,0.34479565427837194,4.908187404721195,4.907229472531429,0.7946552409663941,0.7900149307031351,12.106820909375914,-5.518503815459653,0.375422431677488,0.37716224098089557,2.1831785704504894,2.1979372804221153,-0.13848768256424315
8.739999999999858,0.3540772484651531,0.35016644531407004,0.7676161620201968,0.7857867406901616,-0.13948936365718664,-0.13163279217842225,0.382412810417979,0.3858503263763603,4.911793004526132,4.909711741821587,0.5004776521602692,0.4861690590499948,0.3508884594784974,0.34707853895347635,4.909711741821587,4.908187404721195,0.7743802364614641,0.8026863853280488,11.693958062014019,-5.436369698740888,0.3902312450699818,0.3744267412414919,2.1932262591129836,2.18972439109659,-0.13600261373592476
8.749999999999858,0.35792657576169384,0.35371863219100996,0.758539895530935,0.7880429297642364,-0.1401085954302291,-0.12439173929540887,0.38360025892746946,0.3849470738056628,4.9144183033176505,4.911793004526132,0.5004776521602703,0.4904727816547619,0.3540772484651531,0.35016644531407004,4.911793004526132,4.909711741821587,0.7786961248136256,0.7857867406901616,11.278080591565285,-5.346808792542389,0.3930944321068186,0.3858503263763603,2.2019473018236457,2.199041949868122,-0.13675414946375192
8.759999999999858,0.3624218047732431,0.35806599861971977,0.7456509112730768,0.7668452237756346,-0.14000215753520168,-0.13129089749115405,0.3848355635609668,0.38286152905349424,4.9175714193347835,4.9144183033176505,0.5003991144110005,0.4904703210752148,0.35792657576169384,0.35371863219100996,4.9144183033176505,4.911793004526132,0.760483690391344,0.7880429297642364,10.86174179543719,-5.249821932221262,0.38810514142418295,0.3849470738056628,2.203236341622425,2.1783819442215266,-0.13240432245549505
8.769999999999857,0.3675438602474039,0.3629268082881661,0.7289828352233304,0.7424961729896797,-0.13917115099662017,-0.16268955451515016,0.38611113117764934,0.37237396207400625,4.921232905183158,4.9175714193347835,0.5002420513144807,0.48937112594601806,0.3624218047732431,0.35806599861971977,4.9175714193347835,4.9144183033176505,0.739620827898358,0.7668452237756346,10.44750465274058,-5.145410828827778,0.37045298308981645,0.38286152905349424,2.2108470320603395,2.182427473237457,-0.12644431765785197
8.779999999999857,0.37326934394922373,0.3683672220288258,0.7085924494853629,0.7288367412347548,-0.13762113262088127,-0.13250313709234926,0.38741911977481835,0.3922605110102967,4.925380205000432,4.921232905183158,0.5000064876727948,0.4937102319398619,0.3675438602474039,0.3629268082881661,4.921232905183158,4.9175714193347835,0.726981600433224,0.7424961729896797,10.037926544094423,-5.033577428809041,0.3927926201054785,0.37237396207400625,2.208439687027796,2.1998796123307027,-0.12534300991103609
8.789999999999857,0.37957067748678763,0.37455300792792456,0.6845593964394355,0.7216510037615221,-0.13536206990633903,-0.1325622290783099,0.38875148887438676,0.38325040031532664,4.929987793038119,4.925380205000432,0.49969246068417233,0.4986574551757296,0.37326934394922373,0.3683672220288258,4.925380205000432,4.921232905183158,0.7223268210172971,0.7288367412347548,9.635543283210831,-4.914323173428698,0.38663281631242213,0.3922605110102967,2.209189797115323,2.225738054716428,-0.12410444724780506
8.799999999999857,0.3864162714511707,0.3814798710618093,0.6569857438991109,0.6913237519279968,-0.13240826941296477,-0.12979381816038166,0.3901000366187898,0.38905978470025326,4.935027329962686,4.929987793038119,0.49930001993711526,0.5000802325731266,0.37957067748678763,0.37455300792792456,4.929987793038119,4.925380205000432,0.6941908801359533,0.7216510037615221,9.24285324764632,-4.7876610616072774,0.3943239074722747,0.38325040031532664,2.2109017290102426,2.182369788737282,-0.11860036151131731
8.809999999999857,0.39377071984742895,0.38880040331518184,0.6259954116242752,0.634727311101372,-0.12877827924260618,-0.12817728645196327,0.39145647255314303,0.3870660829393691,4.94046783591046,4.935027329962686,0.4988292274025668,0.49674966512476604,0.3864162714511707,0.3814798710618093,4.935027329962686,4.929987793038119,0.6474725905340422,0.6913237519279968,8.86230104840014,-4.653644745807835,0.39224343371506465,0.38905978470025326,2.2099216967016675,2.2014128540870033,-0.1079492618095842
8.819999999999856,0.4015950186140629,0.39631777385228356,0.5917334595515135,0.6199939590991168,-0.12449476656322693,-0.13426864923030593,0.392812448628562,0.3864294302748741,4.946275879224249,4.94046783591046,0.4982801574241258,0.5008989646110527,0.39377071984742895,0.38880040331518184,4.94046783591046,4.935027329962686,0.6293531601370506,0.634727311101372,8.496262216034076,-4.512301885933583,0.3897283563034399,0.3870660829393691,2.210101490718192,2.1866090695743345,-0.1045811907587691
8.829999999999856,0.40984680684812613,0.40464309708747354,0.5543652402943351,0.58148443109327,-0.11958437099447186,-0.11476988929191334,0.3941596208037422,0.39471006803564407,4.952415779870698,4.946275879224249,0.4976528967063068,0.5020979448435982,0.4015950186140629,0.39631777385228356,4.946275879224249,4.94046783591046,0.5932660263273715,0.6199939590991168,8.14702688170662,-4.363800851023057,0.39935087323436513,0.3864294302748741,2.1995507162348074,2.194424797282158,-0.09745484775612462
8.839999999999856,0.4184806291948082,0.41332333831930795,0.5140754181864505,0.5198638711818165,-0.11407753500799032,-0.1353759095683441,0.395489695541526,0.38005175934190316,4.95884982625064,4.952415779870698,0.49694754430084864,0.4976296801042708,0.40984680684812613,0.40464309708747354,4.952415779870698,4.946275879224249,0.5414400712327946,0.58148443109327,7.8167845907709115,-4.208778101944341,0.3802043355611173,0.39471006803564407,2.1939801729492827,2.1885363812494014,-0.08430634178496282
8.849999999999856,0.42744821770031316,0.42213527695585334,0.4710668591778474,0.4838489018029985,-0.10800831245419014,-0.10719509670871856,0.39679447918011135,0.4016136014214824,4.965538504185157,4.95884982625064,0.4961642115910729,0.5014158833556444,0.4184806291948082,0.41332333831930795,4.95884982625064,4.952415779870698,0.5034939667678417,0.5198638711818165,7.507609145011968,-4.047993593750035,0.4018144743292989,0.38005175934190316,2.1900845944998983,2.162325319137819,-0.07928060639979101
8.859999999999856,0.436698791289477,0.4314675417637409,0.4255593967576021,0.447976693186021,-0.10141415647714608,-0.09152677975496193,0.39806593876556307,0.3964134336163322,4.9724407367563055,4.965538504185157,0.495303022274295,0.5051615618240953,0.42744821770031316,0.42213527695585334,4.965538504185157,4.95884982625064,0.46817129370451877,0.4838489018029985,7.221444124136058,-3.882481454644391,0.40512846736218877,0.4016136014214824,2.177961067641514,2.198883317015326,-0.07369402006035441
8.869999999999855,0.4461793709042028,0.4411806665233321,0.3777884802681011,0.42070226714557696,-0.09433568820041933,-0.04247089442018085,0.3992962301026716,0.4178086885758934,4.979514133603188,4.9724407367563055,0.4943641123422914,0.5126929300306567,0.436698791289477,0.4314675417637409,4.9724407367563055,4.965538504185157,0.4419620719730807,0.447976693186021,6.960089493396632,-3.712499212845718,0.4226228342820408,0.3964134336163322,2.162793221970125,2.138934271451754,-0.07151226350732465
8.879999999999855,0.4558351082297993,0.45124574937518874,0.32800371414991536,0.3387173354002984,-0.08681644747698615,-0.07800215584018942,0.40047777168697896,0.38784177149585286,4.986715248258745,4.979514133603188,0.4933476300598245,0.5051564207351552,0.4461793709042028,0.4411806665233321,4.979514133603188,4.9724407367563055,0.37023795997138764,0.42070226714557696,6.7251882403999,-3.5475261211957383,0.3967187261795913,0.4178086885758934,2.1496988348611508,2.130148822219444,-0.05391067135996647
8.889999999999855,0.46560962585459154,0.46096672994895627,0.27646729640361817,0.3101668141945354,-0.07890262736627854,-0.08035065959400989,0.40160326927947476,0.4068525841392747,4.993999841979166,4.986715248258745,0.4922537359412302,0.5108782861950462,0.4558351082297993,0.45124574937518874,4.986715248258745,4.979514133603188,0.3382824406644239,0.3387173354002984,6.518215366530349,-3.382763703077696,0.40744826355344627,0.38784177149585286,2.13571269423941,2.065152961857081,-0.049911556246089894
8.899999999999855,0.4754453666304851,0.4711253751560932,0.22345236788886189,0.2563043800054489,-0.07064279369800061,-0.05955478911565837,0.40266578887215404,0.4010383960784542,5.001323152617318,4.993999841979166,0.49108260272507054,0.5118360580268985,0.46560962585459154,0.46096672994895627,4.993999841979166,4.986715248258745,0.2806513602772852,0.3101668141945354,6.340466779954837,-3.2246021151200233,0.4061164649586646,0.4068525841392747,2.1227006907548613,2.154459141919338,-0.04071068287080526
8.909999999999854,0.48528394996536656,0.48123113098059855,0.1692412830877359,0.18615668231342794,-0.062087591530037005,-0.06360866658397461,0.4036587608774105,0.40005424304960485,5.008640166910922,5.001323152617318,0.4898344153468566,0.5085871218274494,0.4754453666304851,0.4711253751560932,5.001323152617318,4.993999841979166,0.2170616511796938,0.2563043800054489,6.193050901979289,-3.0757752281289186,0.4041216796790306,0.4010383960784542,2.111814576447922,2.0810191641364932,-0.02735599084685081
8.919999999999854,0.4950665327399867,0.49111353186742573,0.11412381664836994,0.12117866931808378,-0.053289439872926,-0.06551709861104754,0.4045760539501409,0.3958461191618738,5.015905894644491,5.008640166910922,0.4885093709098449,0.5065676467517563,0.48528394996536656,0.48123113098059855,5.008640166910922,5.001323152617318,0.15311661705354773,0.18615668231342794,6.076879907335108,-2.932514133965559,0.39443326260102624,0.40005424304960485,2.089628020904868,2.0821995746772606,-0.015454114884330516
8.929999999999854,0.5047341725500053,0.5008914882708511,0.05839531765172805,0.08786498445972436,-0.0443022166861708,-0.028423647968759132,0.40541199767833597,0.41300750133121067,5.023075643027861,5.015905894644491,0.4871076786539124,0.5133016214502943,0.4950665327399867,0.49111353186742573,5.015905894644491,5.008640166910922,0.12099663982163777,0.12117866931808378,5.992664473870075,-2.796332371658365,0.4157525615984354,0.3958461191618738,2.0752139123605864,2.064112731255195,-0.012410133179443283
8.939999999999854,0.514228190968401,0.5108608331218236,0.0023548272457117533,0.04064079310579154,-0.0351809356766096,-0.03489973820799227,0.4061614221559639,0.3990241581215115,5.030105289722626,5.023075643027861,0.4856295599225153,0.5144651037155753,0.5047341725500053,0.5008914882708511,5.023075643027861,5.015905894644491,0.06683151502862508,0.08786498445972436,5.940908847220245,-2.673111552712375,0.4020663924645947,0.41300750133121067,2.0586177182298546,2.0615333680867964,-0.0036042705937516795
8.949999999999854,0.5234905345659666,0.5206490584640124,-0.053696826131268784,-0.022659569934279394,-0.025981416757213147,-0.044258405212154156,0.40681968282157194,0.39817855231768434,5.036951552860436,5.030105289722626,0.48407524812773606,0.5120403910824383,0.514228190968401,0.5108608331218236,5.030105289722626,5.023075643027861,0.007887350272013698,0.04064079310579154,5.9219081002294365,-2.564268524553731,0.39711304819830445,0.3990241581215115,2.0377401218748172,2.008638583764863,0.008608667381574175
8.959999999999853,0.5324641314676019,0.5300108627417546,-0.10945893866549233,-0.08341278920586961,-0.01675995191241942,-0.03758087184586084,0.40738270824226314,0.39971453671014984,5.043572256462835,5.036951552860436,0.48244498871342534,0.5106557377063319,0.5234905345659666,0.5206490584640124,5.036951552860436,5.030105289722626,-0.051453573996878076,-0.022659569934279394,5.935746758455988,-2.4678050598686,0.40152705721300846,0.39817855231768434,2.0199714265301685,2.021778889727246,0.019355125035422693
8.969999999999853,0.541093241284921,0.5389833596583753,-0.16463283595579178,-0.13252152983840015,-0.007572968420963527,-0.019499262762816584,0.40784700615494807,0.4046727853480064,5.04992658963408,5.043572256462835,0.48073903911644317,0.5119499705829105,0.5324641314676019,0.5300108627417546,5.043572256462835,5.036951552860436,-0.10143896207161168,-0.08341278920586961,5.982299813401516,-2.380211009593541,0.4083218396629358,0.39971453671014984,2.0037551323249745,2.0121805812674367,0.02703338907546482
8.979999999999853,0.5493237963313127,0.5476582671913709,-0.21892375507045853,-0.18912241402796034,0.0015233089096795428,0.010560828678434577,0.40820969289017395,0.4122625198149003,5.055975357973231,5.04992658963408,0.4789576687260069,0.5118199310530933,0.541093241284921,0.5389833596583753,5.04992658963408,5.043572256462835,-0.1570754448061744,-0.13252152983840015,6.061234329513579,-2.3011741257358462,0.41784186086575176,0.4046727853480064,1.9862633580753029,1.9944006148924796,0.03583833613827758
8.989999999999853,0.5571037321179385,0.5558723006097022,-0.2720426906756694,-0.2599622098747413,0.01047319451636945,-0.0017441725029823715,0.4084685113858203,0.3967059365355688,5.061681225659817,5.055975357973231,0.47710115884115156,0.5063992880906679,0.5493237963313127,0.5476582671913709,5.055975357973231,5.04992658963408,-0.22363323884245823,-0.18912241402796034,6.172013337347595,-2.231739461079111,0.3973586765173843,0.4122625198149003,1.9596694053128971,1.96372764957734,0.04947301251903424
8.999999999999853,0.5643833052111819,0.5634388687723508,-0.3237081917157482,-0.3087705945701184,0.01922187604399481,0.004934003979738992,0.408621845986267,0.4042040834240103,5.067008946676179,5.061681225659817,0.47516980262630926,0.5060055875024475,0.5571037321179385,0.5558723006097022,5.061681225659817,5.055975357973231,-0.2751724106310884,-0.2599622098747413,6.313901002778063,-2.169974079666405,0.404961164184049,0.3967059365355688,1.9417939501052388,1.9164345710314656,0.057433281269903325
9.009999999999852,0.5711153966313566,0.5705880760772762,-0.3736480963705061,-0.35195998928663086,0.02771574364660046,0.016070786065918462,0.40866874008888837,0.40303281745653013,5.071925583773783,5.067008946676179,0.4731639050650153,0.506371297152732,0.5643833052111819,0.5634388687723508,5.067008946676179,5.061681225659817,-0.31930422011495535,-0.3087705945701184,6.485969181930665,-2.114368780298425,0.4025624654756303,0.4042040834240103,1.9211263895460435,1.934582688417449,0.06421677892454425
9.019999999999852,0.5772557990736047,0.5772999154501782,-0.42160119424532255,-0.4010529943709422,0.03590271275024007,0.025481241834442427,0.4086088851329892,0.4036081159478301,5.076400713747164,5.071925583773783,0.47108378291174774,0.5047563889580461,0.5711153966313566,0.5705880760772762,5.071925583773783,5.067008946676179,-0.3698148267135298,-0.35195998928663086,6.687105409262935,-2.065393712338162,0.40497177237358906,0.40303281745653013,1.9045124645778202,1.9041321178624897,0.07254352649213214
9.029999999999852,0.582763486335131,0.5834521972434278,-0.46731880512551494,-0.44289872986129925,0.04373253858906016,0.04870468973705373,0.40844263764516636,0.4097315531244035,5.080406617692366,5.076400713747164,0.4689297646419081,0.5047552781536344,0.5772557990736047,0.5772999154501782,5.076400713747164,5.071925583773783,-0.4117080380123668,-0.4010529943709422,6.916021324983493,-2.0221148081732414,0.4134032598743475,0.4036081159478301,1.8804134531283734,1.8854103003369147,0.07869691908979337
9.039999999999852,0.5876008634468309,0.5889938129736111,-0.5105662664909894,-0.5033178228301587,0.05115712055009054,0.06823735416128042,0.4081710116067764,0.4112826703070127,5.083918455065043,5.080406617692366,0.46670219039995137,0.49993488649628065,0.582763486335131,0.5834521972434278,5.080406617692366,5.076400713747164,-0.4707874657746455,-0.44289872986129925,7.171262938868241,-1.9866546970674746,0.4165036324129996,0.4097315531244035,1.863669837762198,1.8633658409768312,0.08905892647733044
9.049999999999851,0.5917339961070384,0.5935527545061324,-0.5511243215715596,-0.5376592783908939,0.05813079467853439,0.055657417741935486,0.4077956719122535,0.4004069337354803,5.086914420335721,5.083918455065043,0.4644014119456732,0.49850829627767324,0.5876008634468309,0.5889938129736111,5.083918455065043,5.080406617692366,-0.5004324358392904,-0.5033178228301587,7.451221179599243,-1.9556625296846435,0.39883761724001937,0.4112826703070127,1.8453710715566192,1.8284663324737316,0.0950444582284592
9.059999999999851,0.5951328181332117,0.5973676416503562,-0.5887904018439268,-0.5756332198825082,0.06461061260191658,0.05194675631609839,0.4073189279897139,0.4035918769519587,5.089375881192774,5.086914420335721,0.462027792598663,0.4955257319556566,0.5917339961070384,0.5935527545061324,5.086914420335721,5.083918455065043,-0.5474336252614432,-0.5376592783908939,7.754143273193294,-1.930818808937525,0.4025905041683086,0.4004069337354803,1.8330310611024585,1.8039515548472753,0.10184190969469958
9.069999999999851,0.5977713157583195,0.600327244548393,-0.6233797989031784,-0.6181288447592811,0.07055660518857448,0.07033453235920699,0.4067437205833067,0.4078648507673862,5.091287497389686,5.089375881192774,0.45958170718093155,0.49158233521934314,0.5951328181332117,0.5973676416503562,5.089375881192774,5.086914420335721,-0.5907389943165078,-0.5756332198825082,8.07814480501162,-1.9121449404641029,0.40990293755854895,0.4035918769519587,1.8130588944848693,1.8251380902786778,0.1087449093290499
9.07999999999985,0.5996276877130442,0.6023607922516466,-0.6547267214653499,-0.648647778868447,0.07593202935663275,0.08819525965708026,0.40607359433747486,0.41012242250875297,5.092637319376403,5.091287497389686,0.45706354195772225,0.4894327141223514,0.5977713157583195,0.600327244548393,5.091287497389686,5.089375881192774,-0.6159063452830984,-0.6181288447592811,8.421222157815965,-1.8965177102965511,0.41349666462137846,0.4078648507673862,1.7981140005607126,1.805566952924433,0.11292807812929523
9.08999999999985,0.6006844801543987,0.6036109930658969,-0.6826852340409753,-0.6776404034147577,0.08070359656203133,0.07022698695560696,0.40531268315439256,0.396262439691427,5.093416865981577,5.092637319376403,0.4544736945765153,0.4849849509714416,0.5996276877130442,0.6023607922516466,5.092637319376403,5.091287497389686,-0.6504312477586355,-0.648647778868447,8.78126501075992,-1.8849662009572872,0.3938473129192877,0.41012242250875297,1.7837544294483132,1.7781603522221263,0.11862604209445532
9.09999999999985,0.6009286956258628,0.6040553037408738,-0.7071300753620948,-0.7084152937530356,0.08484168142580976,0.07199179644310441,0.4044656848406219,0.4030300884955062,5.093621180627117,5.093416865981577,0.4518125740042347,0.47994796921408045,0.6006844801543987,0.6036109930658969,5.093416865981577,5.092637319376403,-0.6852422527578048,-0.6776404034147577,9.156069541532087,-1.878105391544288,0.40093135768552496,0.396262439691427,1.7740037512269866,1.7519086742518013,0.12410733452679334
9.10999999999985,0.6003518753555526,0.6036405290867756,-0.7279573544702168,-0.7330003557463022,0.08832050918199588,0.11003009141554906,0.4035378351915192,0.4168853244858896,5.0932488656074595,5.093621180627117,0.4490806004626674,0.4770471901704557,0.6009286956258628,0.6040553037408738,5.093621180627117,5.093416865981577,-0.704889602084144,-0.7084152937530356,9.543351630088853,-1.8725879631187066,0.41921442470912096,0.4030300884955062,1.765897229160151,1.7788119455407743,0.12659333891631985
9.11999999999985,0.5989501543337846,0.6024180083566003,-0.7450851232274724,-0.753073648522367,0.09111832067194714,0.10452728846025833,0.40253486245706216,0.4024220432952895,5.092302094095791,5.0932488656074595,0.4462782053621058,0.47210189527825047,0.6003518753555526,0.6036405290867756,5.0932488656074595,5.093621180627117,-0.7262096343725107,-0.7330003557463022,9.940760270479906,-1.868044163060412,0.40310702399022624,0.4168853244858896,1.7481118961168998,1.7628811592585572,0.13031611307834984
9.12999999999985,0.5967242887486794,0.6003967395273447,-0.7584538238775533,-0.771430977970487,0.09321751382452612,0.08569067531247715,0.40146296049183683,0.3983676146699523,5.090786599771989,5.092302094095791,0.4434058312332225,0.46607529272306086,0.5989501543337846,0.6024180083566003,5.092302094095791,5.0932488656074595,-0.7475198177602976,-0.753073648522367,10.345890618490198,-1.8647089422023566,0.39293146769599274,0.4024220432952895,1.7376677041641932,1.7086176367264425,0.13432144680428387
9.13999999999985,0.59367965550731,0.5975496852316514,-0.7680266116414777,-0.7803315894956236,0.09460476046993331,0.09102452938040267,0.4003287600829186,0.401684018199553,5.08871164403159,5.090786599771989,0.4404639316571902,0.46195578760860184,0.5967242887486794,0.6003967395273447,5.090786599771989,5.092302094095791,-0.7574094694576992,-0.771430977970487,10.756297681363668,-1.8593872553516406,0.39964834266350513,0.3983676146699523,1.7249209477950134,1.7295132871269057,0.13559389762304958
9.14999999999985,0.5898262237145571,0.5939425126639679,-0.7737895516694985,-0.7965960021377954,0.09527109758105606,0.10058193922147715,0.399139270874054,0.40302140779998297,5.086089960917351,5.08871164403159,0.4374529711940555,0.4560532136986066,0.59367965550731,0.5975496852316514,5.08871164403159,5.090786599771989,-0.779565093219748,-0.7803315894956236,11.169510089017082,-1.8552101264966359,0.40231826468056847,0.401684018199553,1.7195571483931085,1.7340557212892285,0.13788929896536134
9.15999999999985,0.5851784981416228,0.5894390393481589,-0.7757516891878733,-0.788774046796241,0.0952119923187703,0.10477413639914011,0.3979018425131312,0.4028750804809891,5.082937680074318,5.086089960917351,0.4343734253093797,0.4533403277661884,0.5898262237145571,0.5939425126639679,5.086089960917351,5.08871164403159,-0.7717751654328088,-0.7965960021377954,11.583043154882112,-1.8448664888928883,0.4012646303709646,0.40302140779998297,1.7181882906768255,1.7209852138004764,0.1360987115819705
9.169999999999849,0.5797554348883147,0.5843051692836033,-0.7739449932390896,-0.7949634420082348,0.09442738014042863,0.09545649823695647,0.39662412268303293,0.3965461766402004,5.079274228148766,5.082937680074318,0.43122578029915726,0.44663777556647416,0.5851784981416228,0.5894390393481589,5.082937680074318,5.086089960917351,-0.7805179223881108,-0.788774046796241,11.994412526594338,-1.8311018538015915,0.3926992182393729,0.4028750804809891,1.7091860980224851,1.7124513639595889,0.13766739371712916
9.179999999999849,0.5735803296063379,0.57828368346562,-0.7684241736247388,-0.7895672805716095,0.09292167551031297,0.09724163666122239,0.3953140083078328,0.3987770494004123,5.0751222092360555,5.079274228148766,0.42801053321302385,0.44172922943339366,0.5797554348883147,0.5843051692836033,5.079274228148766,5.082937680074318,-0.7766753945101399,-0.7949634420082348,12.401147825579022,-1.813110597957492,0.3957770672580623,0.3965461766402004,1.7012079555211288,1.7038931824044492,0.13655445403222632
9.189999999999849,0.5666806788273808,0.5715329396889377,-0.7592663707648878,-0.7767589828071456,0.09070375493161406,0.09992117169829638,0.39397959739221716,0.399879047680545,5.070507265084249,5.0751222092360555,0.42472819177576676,0.4375448786126614,0.5735803296063379,0.57828368346562,5.0751222092360555,5.079274228148766,-0.7672507507249369,-0.7895672805716095,12.800806146855919,-1.780429462725805,0.3990503136254334,0.3987770494004123,1.7076090129298562,1.7115547033634075,0.1339880610762763
9.199999999999848,0.5590880151197439,0.564105952833047,-0.7465707186351158,-0.7688131979312789,0.08778691215012827,0.0819204500683001,0.39262913356850077,0.3906060084574024,5.065457915946793,5.070507265084249,0.42137927430714905,0.43074443586880257,0.5666806788273808,0.5715329396889377,5.070507265084249,5.0751222092360555,-0.7614029250127918,-0.7767589828071456,13.190985593040342,-1.7328215567563332,0.3864774520671289,0.399879047680545,1.7069450201602554,1.7123476467819292,0.13336151696424442
9.209999999999848,0.5508377169761262,0.5559192391238281,-0.730457781041828,-0.7570599353957579,0.08418878559489747,0.0957986408372172,0.39127095962218517,0.4014676293357277,5.06000538309392,5.065457915946793,0.41796430964006087,0.4253251688133794,0.5590880151197439,0.564105952833047,5.065457915946793,5.070507265084249,-0.7518656628083468,-0.7688131979312789,13.56933858898576,-1.6732361494818921,0.4012425772614408,0.3906060084574024,1.7096490886032025,1.70883216775134,0.13059407031044873
9.219999999999848,0.5419687945153173,0.5470546642568619,-0.7110688623310614,-0.7382372217983253,0.07993125822252536,0.0660407904635576,0.3899134675351919,0.38293692546073427,5.054183394107323,5.06000538309392,0.4144838370370107,0.41859317761340814,0.5508377169761262,0.5559192391238281,5.06000538309392,5.065457915946793,-0.7357549867361691,-0.7570599353957579,13.933585378384041,-1.6029460607085337,0.3808709637545919,0.4014676293357277,1.7126643116510851,1.7313197626954429,0.12846148664345375
9.229999999999848,0.5325236522534593,0.5376137729306202,-0.6885651937761055,-0.7058304593059965,0.07504033018225253,0.0559436382020074,0.3885650359238215,0.38739048490312256,5.048027972200292,5.054183394107323,0.41093840610496946,0.41475271445773815,0.5419687945153173,0.5470546642568619,5.054183394107323,5.06000538309392,-0.7084173231913863,-0.7382372217983253,14.281527307676438,-1.521932795515147,0.37821335274889156,0.38293692546073427,1.7172883125380984,1.7101163012802227,0.12286105847288203
9.239999999999847,0.5225478303719602,0.527731820274483,-0.663126997472554,-0.6918171496390564,0.06954596494563531,0.06594164056229235,0.38723399631074285,0.3910609547889735,5.041577210948037,5.048027972200292,0.40732857670858125,0.40767708625181936,0.5325236522534593,0.5376137729306202,5.048027972200292,5.054183394107323,-0.6944757229810454,-0.7058304593059965,14.61105956096196,-1.4325672212866831,0.3880870300349298,0.38739048490312256,1.7232239022855316,1.753662623182103,0.12005473402266359
9.249999999999847,0.5120897260735948,0.5171627422792915,-0.63495243133276,-0.6664562518333425,0.06348190954741276,0.06875560329688121,0.38592856031720474,0.3896593154301172,5.034871035899331,5.041577210948037,0.40365491888175425,0.4018131451442796,0.5225478303719602,0.527731820274483,5.041577210948037,5.048027972200292,-0.6707095669541707,-0.6918171496390564,14.920184409832551,-1.334846085571468,0.3855810378363658,0.3910609547889735,1.725393595092155,1.751635693963025,0.11534959713501186
9.259999999999847,0.5012002967628825,0.5061464550812954,-0.604256418061533,-0.6450722362914628,0.05688549008235867,0.05122690442114232,0.3846567814732356,0.38432494600190575,5.027950954594153,5.034871035899331,0.3999180127376457,0.39477647541134064,0.5120897260735948,0.5171627422792915,5.034871035899331,5.041577210948037,-0.6507466567685959,-0.6664562518333425,15.207023005211084,-1.2294051544759128,0.3793365386398214,0.3896593154301172,1.7413852832741439,1.7413964555377932,0.11136997966995477
9.269999999999847,0.48993274693511796,0.49466989804928685,-0.571269363936141,-0.5785496049514847,0.04979738345960684,0.0396328232850532,0.38342650518993504,0.3833980092094496,5.020859796679262,5.027950954594153,0.3961184483770554,0.3965983073103813,0.5012002967628825,0.5061464550812954,5.027950954594153,5.034871035899331,-0.5982945266627265,-0.6450722362914628,15.469827624949758,-1.1146219592188753,0.377420592918445,0.38432494600190575,1.7470314250777665,1.7558077794427405,0.09807159073890553
9.279999999999847,0.4783422007728416,0.48325739850468985,-0.5362357730025867,-0.549629770857651,0.04226136681374835,0.040767200245322106,0.3822453186726675,0.38560745294081616,5.013641445762275,5.020859796679262,0.39225682579524174,0.3902675678752557,0.48993274693511796,0.49466989804928685,5.020859796679262,5.027950954594153,-0.5662700450863354,-0.5785496049514847,15.706992997817583,-0.9915914927241946,0.38255131793343505,0.3833980092094496,1.7571638337052193,1.7782321700956536,0.09298983062943417
9.289999999999846,0.46648536255952316,0.47130481232830285,-0.4994127638953758,-0.506427190893908,0.03432404609602951,0.05024145439556921,0.38112050140125336,0.3913011775321624,5.006340564796723,5.013641445762275,0.3883337547871758,0.3868382632028706,0.4783422007728416,0.48325739850468985,5.013641445762275,5.020859796679262,-0.5249153867854325,-0.549629770857651,15.917066892254176,-0.8604974733714689,0.3934661584797163,0.38560745294081616,1.774237604400115,1.7884487228515027,0.08446654912543222
9.299999999999846,0.4544201671087125,0.459111901082843,-0.4610684976756825,-0.4839544440907819,0.026034565537557914,0.04194263830921598,0.38005898186628423,0.3862681591247642,4.999002316790895,5.006340564796723,0.38434985485124745,0.37760681427530995,0.46648536255952316,0.47130481232830285,5.006340564796723,5.013641445762275,-0.507863555979412,-0.506427190893908,16.09875986322426,-0.7223178990428232,0.38434337513166406,0.3913011775321624,1.788267261936583,1.7972479703079478,0.08150508680753304
9.309999999999846,0.44220542247596323,0.4465064119752998,-0.42148052630461036,-0.43941033630561743,0.017444299818244607,0.0021366755726238973,0.3790672951538918,0.3719977988439485,4.991672082624313,4.999002316790895,0.3803057550914393,0.3716929297396346,0.4544201671087125,0.459111901082843,4.999002316790895,5.006340564796723,-0.4580124076977348,-0.4839544440907819,16.250954197131808,-0.5763429779416427,0.36788902114171,0.3862681591247642,1.8039966336640858,1.793949294713777,0.0748134822356652
9.319999999999846,0.42990044726917476,0.4338977986323036,-0.3809340722860891,-0.4010803803041242,0.008606530948842941,0.005443062875894881,0.3781515470279479,0.3842060710183879,4.9843951778510895,4.991672082624313,0.3762020941179843,0.36608960156775056,0.44220542247596323,0.4465064119752998,4.991672082624313,4.999002316790895,-0.4208814990024979,-0.43941033630561743,16.37271179195696,-0.42282383272230195,0.38134077337578665,0.3719977988439485,1.8155672729706542,1.8144677288666249,0.06780819706455304
9.329999999999846,0.4175647049027793,0.42121968597961607,-0.3397202510728818,-0.35844760374254075,-0.00042388800983576835,-0.0015591135684580445,0.3773173738550825,0.3769564567387599,4.977216570300518,4.9843951778510895,0.3720395199465211,0.36080453256981865,0.42990044726917476,0.4338977986323036,4.9843951778510895,4.991672082624313,-0.37959855942154747,-0.4010803803041242,16.46328102508617,-0.2618001813909646,0.3727114490767628,0.3842060710183879,1.8325361751354086,1.8667440419660442,0.06041515340979742
9.339999999999845,0.4052574371501723,0.40857853622388074,-0.29813424844294145,-0.32975513066360745,-0.00959088010835007,0.0006353765070248232,0.37656989735478197,0.384571146676527,4.9701806002695825,4.977216570300518,0.3678186898957656,0.352898477250081,0.4175647049027793,0.42121968597961607,4.977216570300518,4.9843951778510895,-0.35235336796651723,-0.35844760374254075,16.52210221807738,-0.09368496714558738,0.38465987830735265,0.3769564567387599,1.8502789641437845,1.8504961969111664,0.05568005897379974
9.349999999999845,0.3930372993406347,0.39587406735999064,-0.2564734657563766,-0.26522431529819857,-0.018837500168664763,-0.03519419493055646,0.3759137119376549,0.36833513026857023,4.9633307051362925,4.9701806002695825,0.3635402704837122,0.3510029889690425,0.4052574371501723,0.40857853622388074,4.9701806002695825,4.977216570300518,-0.29184267194154223,-0.32975513066360745,16.54881158628583,0.08213617655779878,0.36532309174081584,0.384571146676527,1.8706652450089154,1.8838015311112597,0.04487107839094817
9.359999999999845,0.38096199952012316,0.383590864154035,-0.2150356469898534,-0.22026861256210425,-0.02810629659591839,-0.02935583901156287,0.37535284185050344,0.38202573805488893,4.956709150121764,4.9633307051362925,0.359204937322383,0.34685743357143234,0.3930372993406347,0.39587406735999064,4.9633307051362925,4.9701806002695825,-0.24530386899383816,-0.26522431529819857,16.5432446839039,0.2654903710558394,0.3792702123619241,0.36833513026857023,1.8896782975733777,1.8870074458190924,0.036733430582602644
9.369999999999845,0.3690879438462507,0.3714444400297846,-0.17411700056693455,-0.1915368292511816,-0.03733967673059552,-0.012628844766757252,0.3748907312155162,0.38413474723667856,4.950356766895021,4.956709150121764,0.3548133750111411,0.3396967770988588,0.38096199952012316,0.383590864154035,4.956709150121764,4.9633307051362925,-0.2193964230445415,-0.22026861256210425,16.505437548024823,0.4558509063657049,0.3863664819932619,0.38202573805488893,1.9037203734955768,1.9408803471699416,0.03174766293092579
9.379999999999844,0.3574698904346319,0.35933385121127476,-0.1340103301785912,-0.1556690991510042,-0.046480273291391774,-0.019526409995727537,0.3745302031399386,0.38379096942239743,4.9443127016401105,4.950356766895021,0.3503662770285839,0.3337155909567375,0.3690879438462507,0.3714444400297846,4.950356766895021,4.956709150121764,-0.17738857667808738,-0.1915368292511816,16.43562728437373,0.653325205425151,0.3848373845468869,0.38413474723667856,1.930857141749243,1.9174586020265503,0.025618260254537284
9.389999999999844,0.34616061379551566,0.34747191497079805,-0.09500318752074252,-0.11220185724995413,-0.05547130925107411,-0.036139718634391645,0.37427346131294653,0.3796391189851656,4.938614174170163,4.9443127016401105,0.34586434562303536,0.3291201760339041,0.3574698904346319,0.35933385121127476,4.9443127016401105,4.950356766895021,-0.1351033127538453,-0.1556690991510042,16.33425030768953,0.8579148212906702,0.37688116927918686,0.38379096942239743,1.9468759640201458,1.9329243544641683,0.018351738936893958
9.399999999999844,0.3352105819203082,0.33601288037075505,-0.05737606068348832,-0.07433744391505841,-0.06425695871088231,-0.03925944703623806,0.37412207033374595,0.38539133273111176,4.933296249550098,4.938614174170163,0.3413082917016524,0.324197213161986,0.34616061379551566,0.34747191497079805,4.938614174170163,4.9443127016401105,-0.09801986676843127,-0.11220185724995413,16.201940316603505,1.069396071016908,0.3874831808151219,0.3796391189851656,1.9698891787246566,1.951333256487551,0.011815667208769032
9.409999999999844,0.3246676479761411,0.3249359350264678,-0.021400610277115373,-0.026755136136841016,-0.07278270118579531,-0.08172408182070794,0.3740769467759591,0.36724671069810066,4.928391623595335,4.933296249550098,0.33669883471816464,0.3199778461563061,0.3352105819203082,0.33601288037075505,4.933296249550098,4.938614174170163,-0.05162858023358948,-0.07433744391505841,16.039524256601133,1.2879291028831512,0.3652579866770972,0.38539133273111176,1.9898795524653363,1.9869968276424614,0.004958088870161692
9.419999999999844,0.3145767584674167,0.3143862204248104,0.012662034696596478,0.0009953523694694842,-0.08099566686441426,-0.09566639530957008,0.3741383498357516,0.3749331934687337,4.923930423553662,4.928391623595335,0.3320367025592643,0.31309188062701265,0.3246676479761411,0.3249359350264678,4.928391623595335,4.933296249550098,-0.02971757889424053,-0.026755136136841016,15.848017209406192,1.5123514994930758,0.37014802475690955,0.36724671069810066,2.012041290285292,1.995330637846722,0.00129433979779775
9.429999999999843,0.304979679610403,0.30417771381909203,0.04456291022889708,0.0400400219444287,-0.08884497045651912,-0.08257984452591571,0.37430589186926044,0.37995903415453836,4.9199400251076035,4.923930423553662,0.3273226314296645,0.31053111798281846,0.3145767584674167,0.3143862204248104,4.923930423553662,4.928391623595335,0.017930533411785073,0.0009953523694694842,15.628615960050016,1.743428426883857,0.3800704110788483,0.3749331934687337,2.0270711658323646,2.0631701871169796,-0.006353404163726428
9.439999999999843,0.2959147435497366,0.2945803476201833,0.07406676959045441,0.07264178029589954,-0.09628203139366132,-0.08736165592956947,0.37457852245189777,0.3792504053260618,4.9164448867737764,4.9199400251076035,0.32255736573584376,0.30637104201968385,0.304979679610403,0.30417771381909203,4.9199400251076035,4.923930423553662,0.049654150003376085,0.0400400219444287,15.38269188695163,1.9802185419639877,0.37750860656259777,0.37995903415453836,2.0484613724019076,2.0602811886928842,-0.011790694399500534
9.449999999999843,0.2874166159205236,0.28563930344569005,0.10095354568729212,0.1004687268985871,-0.10326087815640111,-0.09366937526686274,0.3749545494778598,0.37912279327703696,4.913466402683035,4.9164448867737764,0.31774165796849585,0.301786346106901,0.2959147435497366,0.2945803476201833,4.9164448867737764,4.9199400251076035,0.07668140950748174,0.07264178029589954,15.111781940219116,2.221431407375799,0.37795024655397164,0.3792504053260618,2.0646166133005632,2.068837712121064,-0.016147042661210975
9.459999999999843,0.2795160861355072,0.2773739905845205,0.12501971472563653,0.12467065949817978,-0.10973843480138665,-0.12130386766887367,0.37543164864620776,0.3696826471892587,4.911022774485608,4.913466402683035,0.3128762685837027,0.2961919456898043,0.2874166159205236,0.28563930344569005,4.913466402683035,4.9164448867737764,0.09965931613638887,0.1004687268985871,14.817579574502789,2.465269166894708,0.36581819599257615,0.37912279327703696,2.0858714295894636,2.083209759154461,-0.01881795510528378
9.469999999999843,0.2722398816392162,0.26979299521590333,0.1460795540958158,0.13632196515591258,-0.1156747877973735,-0.10758972541053395,0.37600687483524153,0.38438235945093335,4.9091289031173675,4.911022774485608,0.30796196588284963,0.2910817101457616,0.2795160861355072,0.2773739905845205,4.911022774485608,4.913466402683035,0.11046545568890906,0.12467065949817978,14.501924352061497,2.7073746065979423,0.38438552594089426,0.3696826471892587,2.1006431891094826,2.099801238699169,-0.021288714929858288
9.479999999999842,0.26561050723641755,0.26280490559909975,0.16396628799124713,0.16735105115044235,-0.12103343148738385,-0.11552500507387485,0.37667668365693163,0.37588975002760244,4.90779630099811,4.9091289031173675,0.3029995258913014,0.28962628275364855,0.2722398816392162,0.26979299521590333,4.9091289031173675,4.911022774485608,0.15200506010622805,0.13632196515591258,14.166790664129886,2.9536205597058545,0.37516576243836747,0.38438235945093335,2.115601332842663,2.139911307287753,-0.026821377154548798
9.489999999999842,0.2596461104603216,0.25668560854180544,0.17853311501417096,0.19390107486688593,-0.12578149069722228,-0.15473939373346335,0.37743694245686576,0.3639656003713699,4.907033025086205,4.90779630099811,0.2979897322358592,0.286517631658753,0.26561050723641755,0.26280490559909975,4.90779630099811,4.9091289031173675,0.17679747686719616,0.16735105115044235,13.814275879130399,3.2009645005413523,0.3595504391537296,0.37588975002760244,2.131857219980246,2.1181482588973974,-0.029832023116947548
9.499999999999842,0.254360373798589,0.251338094300998,0.1896541130218979,0.20112166657356892,-0.12988991915368808,-0.10803301131221496,0.37828297403828476,0.3964295697330031,4.906843631129429,4.907033025086205,0.2929333760210165,0.2841638266286924,0.2596461104603216,0.25668560854180544,4.907033025086205,4.90779630099811,0.1770127554070542,0.19390107486688593,13.446587401983344,3.4401590457513365,0.39211568724876855,0.3639656003713699,2.1468372202068875,2.1475360412295825,-0.03282573232769437
9.509999999999842,0.24976243444549673,0.2465413134711012,0.19722501660994118,0.20861857582640772,-0.13333367267673207,-0.1336843176341017,0.3792095740475994,0.36824203866580224,4.907229149252149,4.906843631129429,0.28783125570403484,0.27933648716782206,0.254360373798589,0.251338094300998,4.906843631129429,4.907033025086205,0.1881476683940788,0.20112166657356892,13.06602992987085,3.6724700206771805,0.3748734590220298,0.3964295697330031,2.160437568772756,2.198515157174614,-0.03279517369672086
9.519999999999841,0.24585683208866135,0.24238575896341283,0.20116386399644845,0.20750936833134162,-0.13609185617125785,-0.13127629446827319,0.3802110301764988,0.38896146529824566,4.9081870809848684,4.907229149252149,0.2826841769688579,0.27487260798562724,0.24976243444549673,0.2465413134711012,4.907229149252149,4.906843631129429,0.1900707383073881,0.20861857582640772,12.67499130586679,3.899482356976438,0.3882495113458191,0.36824203866580224,2.171198235784667,2.12247857614379,-0.03248684902221441
9.529999999999841,0.24264348508145572,0.23884790306966763,0.20141151012780484,0.20986494572601605,-0.13814784371180966,-0.11920004778261938,0.3812811950125394,0.3851119404586493,4.909711417665775,4.9081870809848684,0.27749295259888473,0.27214390551944784,0.24585683208866135,0.24238575896341283,4.9081870809848684,4.907229149252149,0.19546945344962416,0.20750936833134162,12.275927811220148,4.113962829696288,0.3922916328590558,0.38896146529824566,2.183822153608846,2.2137801623658095,-0.033296002449780204
9.539999999999841,0.24011769518532716,0.2360492075052227,0.19793200275294728,0.21548163923683136,-0.13948937134278838,-0.14473003356321523,0.3824134787415246,0.3764717755292183,4.911792679977275,4.909711417665775,0.27225840234862203,0.2691387512876955,0.24264348508145572,0.23884790306966763,4.909711417665775,4.9081870809848684,0.20427342267283724,0.20986494572601605,11.871350421806488,4.310936872776651,0.3755583458633566,0.3851119404586493,2.1939680392098215,2.169481257706675,-0.03308954378247278
9.54999999999984,0.23827018088919416,0.2340448008325444,0.190712820384926,0.21052568659497145,-0.1401086020815132,-0.1509083133525076,0.3836009223789414,0.38061146687437775,4.914417978407557,4.911792679977275,0.26698135281423513,0.2658430266164178,0.24011769518532716,0.2360492075052227,4.911792679977275,4.909711417665775,0.19975547512065012,0.21548163923683136,11.463808329697908,4.491990982988697,0.38232069690242887,0.3764717755292183,2.2014534085310755,2.183596258094353,-0.031798225783873396
9.55999999999984,0.237087139149282,0.23269993744366402,0.17976496924583116,0.18983347979027618,-0.14000216320192033,-0.1477303885781566,0.38483622762204134,0.3834299324234883,4.91757109409822,4.914417978407557,0.261662637303019,0.2605698196333117,0.23827018088919416,0.2340448008325444,4.914417978407557,4.911792679977275,0.1837425474351543,0.21052568659497145,11.055874287668452,4.6594651772397295,0.3867562802164372,0.38061146687437775,2.209601797423375,2.215303984804619,-0.0278698821896477
9.56999999999984,0.23655033520316904,0.231885337777515,0.16512293861006608,0.17961887264601198,-0.13917115574813746,-0.13647551038906308,0.38611179671162715,0.3871052007684377,4.921232579649169,4.91757109409822,0.2563030957018093,0.25731885835080603,0.237087139149282,0.23269993744366402,4.91757109409822,4.914417978407557,0.1751125969519375,0.18983347979027618,10.650128391255874,4.816293685825099,0.39158930330676284,0.3834299324234883,2.2086407229475893,2.220439793453587,-0.02543352057329104
9.57999999999984,0.23663721993885492,0.23180777381103707,0.1468445135516707,0.17036380750124533,-0.1376211365335328,-0.14543514847975256,0.38741978575688485,0.3805829117140536,4.925379879199169,4.921232579649169,0.25090357434435473,0.25470710753204345,0.23655033520316904,0.231885337777515,4.921232579649169,4.91757109409822,0.1703365567078577,0.17961887264601198,10.249141852721888,4.964051987537893,0.3795700388435074,0.3871052007684377,2.209582599223262,2.2119516243569515,-0.022899333721006387
9.58999999999984,0.23732107411708056,0.23244634257910693,0.1250104446757382,0.14401624729650983,-0.13536207305760772,-0.1488827553308886,0.3887521508686344,0.3821804492113436,4.929987467003334,4.925379879199169,0.24546492587767083,0.24967491979019102,0.23663721993885492,0.23180777381103707,4.925379879199169,4.921232579649169,0.1470999310318597,0.17036380750124533,9.855460955752434,5.102879052082986,0.383194221415075,0.3805829117140536,2.2110224585212843,2.199386372954037,-0.01722857721108409
9.59999999999984,0.23857117856382526,0.23357568187766084,0.09972397537323203,0.11843929638846123,-0.13240827187038334,-0.14577209430673743,0.39010070025623145,0.3845590889781249,4.935027003735962,4.929987467003334,0.2399880091273973,0.2460028499885331,0.23732107411708056,0.23244634257910693,4.929987467003334,4.925379879199169,0.12478037807556278,0.14401624729650983,9.47159071281249,5.23327875434437,0.386973053317654,0.3821804492113436,2.213119009225604,2.2124508717171576,-0.012427168110872272
9.60999999999984,0.2403530092748235,0.2352614611934494,0.07111022764585949,0.06966037910901565,-0.1287782810940162,-0.14307083999904166,0.39145713718352476,0.38505659104749174,4.940467509526822,4.935027003735962,0.23447368896217943,0.23824566393133625,0.23857117856382526,0.23357568187766084,4.935027003735962,4.929987467003334,0.08330493099720764,0.11843929638846123,9.099978697326568,5.355489079511082,0.38734668210520434,0.3845590889781249,2.2112948749899046,2.2148398348395353,-0.002984202737886854
9.61999999999984,0.24262845620167198,0.23727358317726782,0.03931544863213554,0.050655859918642354,-0.12449476789710971,-0.14235152012544722,0.39281311495522286,0.38422572508696823,4.946275552721097,4.940467509526822,0.22892283615709536,0.23749007365348468,0.2403530092748235,0.2352614611934494,4.940467509526822,4.935027003735962,0.06494476624878617,0.06966037910901565,8.742998751195397,5.469907128214688,0.38404809177135385,0.38505659104749174,2.205229986830282,2.2092160250485904,-0.00021649047621685735
9.62999999999984,0.2453560643265401,0.2400405500315475,0.004506120563182288,0.031120637358338834,-0.11958437190386326,-0.13742913661661865,0.39416028841839523,0.3860902870687013,4.952415453285729,4.946275552721097,0.22333632725615052,0.23727095082245672,0.24262845620167198,0.23727358317726782,4.946275552721097,4.940467509526822,0.04324700986170595,0.050655859918642354,8.402935286955072,5.576697847800774,0.3885106582799747,0.38422572508696823,2.2008859461251875,2.201536280779894,0.002769599209090784
9.639999999999839,0.24849129547590937,0.2433872279496824,-0.03313206177969716,-0.0053623666513526215,-0.11407753558625996,-0.1121642461053718,0.3954903643322128,0.39588524676612613,4.958849499623076,4.952415453285729,0.21771504443386125,0.2348243039255415,0.2453560643265401,0.2400405500315475,4.952415453285729,4.946275552721097,0.007276441863610029,0.031120637358338834,8.081967900199885,5.675921457961634,0.40017982363380217,0.3860902870687013,2.192492205787922,2.1971796154331127,0.008562924024140911
9.649999999999839,0.2519868091817516,0.24701980012551067,-0.0733953409545152,-0.047309773139060346,-0.10800831279548236,-0.10909222990284993,0.39679515092046325,0.39033359464456896,4.965538177555043,4.958849499623076,0.21205987535594917,0.2307797197914441,0.24849129547590937,0.2433872279496824,4.958849499623076,4.952415453285729,-0.03136078729935829,-0.0053623666513526215,7.782156505825217,5.767630771090028,0.39272414393889366,0.39588524676612613,2.1854618794482077,2.1858316158289623,0.01624008033406657
9.659999999999838,0.25579276076959057,0.2509045376115085,-0.11606316775088656,-0.09719487181566591,-0.10141415668288518,-0.09124467775995598,0.39806660727295373,0.3990516288695869,4.972440410162179,4.965538177555043,0.20637171303916846,0.22619887980295503,0.2519868091817516,0.24701980012551067,4.965538177555043,4.958849499623076,-0.07744198298932826,-0.047309773139060346,7.505427162061048,5.851860377232975,0.4041590564434094,0.39033359464456896,2.1728660632323633,2.1510621672506636,0.024705657808553466
9.669999999999838,0.25985711473923034,0.25498167346647754,-0.16089958551255398,-0.13191848654652177,-0.09433568834848548,-0.08981857834227638,0.3992969004777197,0.39477256894488866,4.979513807090348,4.972440410162179,0.20065145571028822,0.2244743583265967,0.25579276076959057,0.2509045376115085,4.972440410162179,4.965538177555043,-0.11259701930879643,-0.09719487181566591,7.2535587584597865,5.928636094997246,0.3995605184263415,0.3990516288695869,2.1672118238987155,2.150457497789242,0.030507315139880836
9.679999999999838,0.2641259714070192,0.2594356248306078,-0.20765471920980305,-0.1686461972753045,-0.08681644766451216,-0.08561956337689584,0.4004784421198822,0.3973533283864103,4.986714921866632,4.979513807090348,0.19490000666425203,0.2227132287499167,0.25985711473923034,0.25498167346647754,4.979513807090348,4.972440410162179,-0.14926405971759169,-0.13191848654652177,7.028170943180639,5.997970533668194,0.40233653555792537,0.39477256894488866,2.151294652191567,2.1249672637137182,0.03672239608069108
9.689999999999838,0.26854390469821326,0.2641295012218919,-0.2560663588216543,-0.22667816203914554,-0.07890262768210038,-0.07361920269826984,0.4016039462888408,0.40049540471587,4.993999515757858,4.986714921866632,0.18911827412153714,0.21705964406933637,0.2641259714070192,0.2594356248306078,4.986714921866632,4.979513807090348,-0.20229652588836233,-0.1686461972753045,6.8307126565773215,6.059869271553924,0.40603636332281856,0.3973533283864103,2.141954653291824,2.1250582669917657,0.047069857152555516
9.699999999999838,0.2730543089218531,0.268765382185768,-0.30586162635202635,-0.2703567611162203,-0.07064279425700382,-0.07868298035924402,0.4026664659654976,0.3935864511869506,5.001322826610139,4.993999515757858,0.18330717108473604,0.21384800375733254,0.26854390469821326,0.2641295012218919,4.993999515757858,4.986714921866632,-0.2467775695441677,-0.22667816203914554,6.662452564863879,6.114336417095194,0.39319678478871734,0.40049540471587,2.1233837255674417,2.111157018856064,0.05491737842843547
9.709999999999837,0.2775997523143249,0.27354543379095336,-0.35675871381591673,-0.33338955087560324,-0.06208759241768699,-0.07132962198501563,0.403659439839489,0.3991674961354234,5.008639841156032,5.001322826610139,0.17746761519438267,0.20726103770691964,0.2730543089218531,0.268765382185768,5.001322826610139,4.993999515757858,-0.30494347246800196,-0.2703567611162203,6.524470340743548,6.161373909757617,0.40228836436090687,0.3935864511869506,2.109410257249342,2.08731189901716,0.06628439608403372
9.719999999999837,0.2821223351199077,0.2781894830176719,-0.4084686794378217,-0.3879246042028179,-0.05328944118002059,-0.06387298016305563,0.4045767358383461,0.3980170020491844,5.015905569177629,5.008639841156032,0.1716005285840464,0.2025297218502317,0.2775997523143249,0.27354543379095336,5.008639841156032,5.001322826610139,-0.35948935618762057,-0.33338955087560324,6.417649766325477,6.20098294058831,0.400747048746814,0.3991674961354234,2.092713882399591,2.0944405978371643,0.07565976116744019
9.729999999999837,0.2865640499690637,0.2828203071031382,-0.4606972882535059,-0.44715465156298184,-0.0443022185054619,-0.05740260154652564,0.405412681076494,0.39766250708766376,5.023075317883012,5.015905569177629,0.16570683773471642,0.1967734776952304,0.2821223351199077,0.2781894830176719,5.015905569177629,5.008639841156032,-0.416773748808725,-0.3879246042028179,6.342673373499172,6.233164114795108,0.39930680565546534,0.3980170020491844,2.074474085770491,2.07057623001397,0.08604682940790781
9.739999999999837,0.2908671423284065,0.2873323622473498,-0.5131468826450525,-0.4786533971463327,-0.035180938090961233,-0.031166841880062742,0.4061621056083123,0.40673484296930235,5.0301049649331775,5.023075317883012,0.15978747332849969,0.1978218043530386,0.2865640499690637,0.2828203071031382,5.023075317883012,5.015905569177629,-0.44427308510672403,-0.44715465156298184,6.300018393012511,6.257917786378831,0.41079256456584035,0.39766250708766376,2.0555068845584095,2.0525010540771547,0.08951055789431123
9.749999999999837,0.2949744688270639,0.2919649822116951,-0.5655182687607391,-0.5294981332592246,-0.025981419838643976,-0.022299552183937248,0.4068203706818337,0.40333760855322665,5.036951228458527,5.0301049649331775,0.15384337010165539,0.19358023004014124,0.2908671423284065,0.2873323622473498,5.0301049649331775,5.023075317883012,-0.5029965625019187,-0.4786533971463327,6.289954790608166,6.27524405537692,0.40760875642440786,0.40673484296930235,2.0416919486203824,2.03598093429234,0.09838475217155385
9.759999999999836,0.2988298513024041,0.2963153294433164,-0.6175126040057974,-0.5938854643911343,-0.016759955749828005,-0.016456290046282004,0.4073833958014231,0.4035156363634706,5.04357193247721,5.036951228458527,0.14787546669698926,0.18622185455661905,0.2949744688270639,0.2919649822116951,5.036951228458527,5.0301049649331775,-0.5629251074208501,-0.5294981332592246,6.312544601446424,6.28514298747244,0.40709006424875444,0.40333760855322665,2.0178118675636556,1.9992234999355207,0.11009347488669735
9.769999999999836,0.30237842446631985,0.30020398810794796,-0.6688332714656012,-0.6682492078677764,-0.007572973075305162,-0.000585035580721753,0.4078476921681552,0.40885590323148385,5.049926266092625,5.04357193247721,0.141884705515631,0.17702999555703872,0.2988298513024041,0.2963153294433164,5.04357193247721,5.036951228458527,-0.6324300417343036,-0.5938854643911343,6.367642920282832,6.287614618841341,0.4134292818350736,0.4035156363634706,2.00363420376535,1.9852266219242156,0.12317399255090924
9.779999999999836,0.30556697515761316,0.30355170185161073,-0.7191877277323074,-0.7098258269133532,0.0015233033889739574,-0.0034541579415938383,0.40821037722125564,0.4010010365666058,5.055975034901203,5.049926266092625,0.13587203256821834,0.17358154614307306,0.30237842446631985,0.30020398810794796,5.049926266092625,5.04357193247721,-0.6775230953663929,-0.6682492078677764,6.454900710673714,6.282658973662238,0.4003453206589308,0.40885590323148385,1.9817269637674773,1.9738669613302005,0.12997015570853768
9.789999999999836,0.30834427121762037,0.30673128523000126,-0.7682893106327314,-0.7488482038479312,0.01047318808616169,0.03244794887336146,0.4084691938701519,0.4178043279508364,5.061680903079392,5.055975034901203,0.12983839732551072,0.1719123752574885,0.30556697515761316,0.30355170185161073,5.055975034901203,5.049926266092625,-0.718955812270902,-0.7098258269133532,6.573768672387965,6.270276062654053,0.4203572111082872,0.4010010365666058,1.9592761959048925,1.9417785709871032,0.13481890997251275
9.799999999999836,0.3106613781112931,0.3096341624013529,-0.8158589949154106,-0.8057588734985437,0.01922186866786124,0.016785541394374267,0.40862253092811957,0.39963225816869224,5.0670086246063,5.061680903079392,0.1237847525684571,0.1636177949080682,0.30834427121762037,0.30673128523000126,5.061680903079392,5.055975034901203,-0.7755021297467449,-0.7488482038479312,6.723502705962635,6.250465889400335,0.4022490743981887,0.4178043279508364,1.945836827963112,1.941035846262033,0.1460163674932847
9.809999999999835,0.31247196149947126,0.311962740796787,-0.8616270847802947,-0.8496832056267729,0.02771573527143513,0.01692237466676779,0.4086694201235898,0.40612392644185163,5.0719252622309,5.0670086246063,0.1177120542377407,0.1583616648317598,0.3106613781112931,0.3096341624013529,5.0670086246063,5.061680903079392,-0.8200568172056047,-0.8057588734985437,6.903170779572154,6.223228456588718,0.4072723022932154,0.39963225816869224,1.922060637322124,1.8890441118815238,0.15360107596502717
9.819999999999835,0.3137325740576217,0.31382130639889627,-0.9053348326376456,-0.8894930065806688,0.035902703368537583,0.03779498222448539,0.4086095644494755,0.41068178516850706,5.076400392742866,5.0719252622309,0.11162126128282489,0.15431337585553603,0.31247196149947126,0.311962740796787,5.0719252622309,5.0670086246063,-0.8602013042303444,-0.8496832056267729,7.111660399873372,6.188563765594084,0.4146079658467682,0.40612392644185163,1.9066761526172606,1.9164074044188653,0.15950793054336024
9.829999999999835,0.31440292493522504,0.31520683027799784,-0.94673597616957,-0.9347168857642503,0.04373252817712118,0.050512449496136605,0.4084433158239993,0.4096409113858773,5.080406297235915,5.076400392742866,0.10551333551052396,0.14813461674892994,0.3137325740576217,0.31382130639889627,5.076400392742866,5.0719252622309,-0.906404516168282,-0.8894930065806688,7.347688043572415,6.146471816847291,0.41304238740391447,0.41068178516850706,1.8872055735328872,1.89191860710675,0.1670722135290679
9.839999999999835,0.3144461303364849,0.31590974726954035,-0.9855981846110737,-0.9725225750256337,0.05115710909304784,0.034567755309674084,0.40817168734358117,0.39726168852563915,5.083918135162169,5.080406297235915,0.09938924143312267,0.1415852167628675,0.31440292493522504,0.31520683027799784,5.080406297235915,5.076400392742866,-0.943867790692416,-0.9347168857642503,7.60980819657908,6.096952610814436,0.39460716900964304,0.4096409113858773,1.8650109011592904,1.85919794484268,0.17432453050667285
9.849999999999834,0.313828943815492,0.3158490948108767,-1.021704408968894,-1.008349110495029,0.05813078217527234,0.04372701778788609,0.40779634668916265,0.40495056176364363,5.086914100988071,5.083918135162169,0.0932499461160686,0.1357031563071743,0.3144461303364849,0.31590974726954035,5.083918135162169,5.080406297235915,-0.9806772274881002,-0.9725225750256337,7.896424158698682,6.040006147711069,0.4039473609681549,0.39726168852563915,1.8477845436624964,1.8346750708541777,0.1801459385037024
9.859999999999834,0.31252196496769263,0.3149532176509174,-1.0548541302106007,-1.0386673594538371,0.0646105990497907,0.06157726601259266,0.4073196063704919,0.40653207751492326,5.089375562399346,5.086914100988071,0.08709641902526129,0.13063305734552622,0.313828943815492,0.3158490948108767,5.086914100988071,5.083918135162169,-1.0091417177589006,-1.008349110495029,8.205799068095113,5.975632427828869,0.40760315246203316,0.40495056176364363,1.8278888940170517,1.8494026080725654,0.18432016030539117
9.869999999999834,0.3104998253091344,0.31324418989469344,-1.0848645011005207,-1.0728569076075016,0.07055659056658717,0.0698729675811174,0.4067443992191506,0.40623476055203417,5.091287179149052,5.089375562399346,0.08092963187396232,0.12307363224997556,0.31252196496769263,0.3149532176509174,5.089375562399346,5.086914100988071,-1.0488079683734874,-1.0386673594538371,8.536067434941058,5.90383145103089,0.4055687940148763,0.40653207751492326,1.8161264257381489,1.8185082164442674,0.19017055764471788
9.879999999999834,0.30774135024188637,0.31066233464012194,-1.1115713779715293,-1.1042791413545199,0.07593201366933736,0.0617847773132257,0.4060742722783322,0.3987982758658031,5.09263700168165,5.091287179149052,0.07475055846935055,0.11454095449330622,0.3104998253091344,0.31324418989469344,5.091287179149052,5.089375562399346,-1.0797487967314732,-1.0728569076075016,8.885246759450162,5.82460321748081,0.39514624436733126,0.40623476055203417,1.7983114063932863,1.799119011624457,0.19612138014681574
9.889999999999834,0.3042296961181799,0.30725777920933706,-1.1348302404144557,-1.134206390721161,0.08070357982599458,0.0742950642008372,0.4053133612951491,0.4050128193142814,5.093416548821811,5.09263700168165,0.06856017455874666,0.10639381265887789,0.30774135024188637,0.31066233464012194,5.09263700168165,5.091287179149052,-1.1101684350126617,-1.1042791413545199,9.251250046346478,5.737947727284274,0.40520228553371723,0.3987982758658031,1.7816280444341686,1.7814380736317474,0.20086396655045918
9.899999999999833,0.29995246152591015,0.30305610017834056,-1.1545169962727782,-1.1556706795208593,0.08484166365931015,0.09349230806021971,0.4044663662990099,0.4081443666605196,5.093620863988952,5.093416548821811,0.06235945767553134,0.09938665512677981,0.3042296961181799,0.30725777920933706,5.093416548821811,5.09263700168165,-1.1264235203446737,-1.134206390721161,9.631898125627567,5.643864981015883,0.41081511564530454,0.4050128193142814,1.7675355111195614,1.7833090314061342,0.20366944505156076
9.909999999999833,0.29490177204649415,0.29814302855125974,-1.17052867054705,-1.1788815370681933,0.08832049039297461,0.09829510198697122,0.40353851558533355,0.40555878225316594,5.093248549477024,5.093620863988952,0.05614938698478143,0.09087690896038793,0.29995246152591015,0.30305610017834056,5.093620863988952,5.093416548821811,-1.1553211810569726,-1.1556706795208593,10.024932259390997,5.542354978587437,0.4044016411084375,0.4081443666605196,1.7606845988265705,1.7574969762824806,0.20726611959087182
9.919999999999833,0.289074337863959,0.2924537422820117,-1.182783976756773,-1.1997897155004407,0.09111830089905301,0.10063167567470337,0.40253554097829464,0.4048517265988359,5.092301778461559,5.093248549477024,0.04993094312864844,0.08171691548228006,0.29490177204649415,0.29814302855125974,5.093248549477024,5.093620863988952,-1.17804240681005,-1.1788815370681933,10.428026646058342,5.4334177204032965,0.4035066182952767,0.40555878225316594,1.7468999609520877,1.7357142176365525,0.21073682679973166
9.929999999999833,0.28247148374356196,0.2859890952773915,-1.191223770153679,-1.2050642661255628,0.09321749311673747,0.10038928816161656,0.4014636414559905,0.40375684155020103,5.090786284618088,5.092301778461559,0.043705108071503726,0.0743632096670966,0.289074337863959,0.2924537422820117,5.092301778461559,5.093248549477024,-1.182136432817281,-1.1997897155004407,10.838801413842415,5.317053208698489,0.4018630156760731,0.4048517265988359,1.7389133588793106,1.7277703126050825,0.21162588561029494
9.939999999999833,0.2750991510394324,0.27888346529071134,-1.1958113815251459,-1.2076859320519198,0.0946047388589281,0.11328465137747601,0.4003294413982945,0.4083790797084398,5.088711329333499,5.090786284618088,0.037472864944874985,0.06745551696357506,0.28247148374356196,0.2859890952773915,5.090786284618088,5.092301778461559,-1.1878132914032506,-1.2050642661255628,11.254835468428066,5.193261446533949,0.4111320365370599,0.40375684155020103,1.7275216161744484,1.7235880968664383,0.2114279483271363
9.949999999999832,0.266967871547844,0.2710635116171264,-1.1965328306433438,-1.206310284223353,0.09527107511582296,0.11947029627590744,0.39913995082439,0.4073629756688915,5.086089646645885,5.088711329333499,0.03123519789219837,0.06028662152996977,0.2750991510394324,0.27888346529071134,5.088711329333499,5.090786284618088,-1.189502005076162,-1.2076859320519198,11.673679341228267,5.06204244066666,0.40908794316958486,0.4083790797084398,1.7210077723393327,1.7183937402976222,0.2107768900871566
9.959999999999832,0.25809271318517263,0.2624969355474457,-1.1933969185782947,-1.2036984822094288,0.09521196906276813,0.10703519883479468,0.39790252000644194,0.4001620713613475,5.082937366196257,5.086089646645885,0.024993091913410828,0.05172545973817376,0.266967871547844,0.2710635116171264,5.086089646645885,5.088711329333499,-1.189762466637718,-1.206310284223353,12.092868234764843,4.923396204441553,0.3971343748992823,0.4073629756688915,1.7134515682079687,1.701595879779021,0.2107714758092719
9.969999999999832,0.24849319763796163,0.253145614074298,-1.1864351978065784,-1.2120704023928799,0.09442735616751015,0.10448418419077185,0.39662479792524985,0.4022603304651838,5.079273914627787,5.082937366196257,0.018747532709407193,0.04082505075459675,0.25809271318517263,0.2624969355474457,5.082937366196257,5.086089646645885,-1.205496994377003,-1.2036984822094288,12.509935056441726,4.777322741897962,0.40003127572584285,0.4001620713613475,1.7090818003813846,1.6953608886300404,0.21232056331970123
9.979999999999832,0.23819319031031128,0.24288815500619607,-1.175701819297818,-1.2007929326142184,0.09292165089745147,0.10425207629429364,0.395314683380082,0.4021641954791663,5.075121896034294,5.079273914627787,0.012499506526386601,0.032692053040030075,0.24849319763796163,0.253145614074298,5.079273914627787,5.082937366196257,-1.1906100136363513,-1.2120704023928799,12.922423693389128,4.623822133410578,0.3998038167658843,0.4022603304651838,1.708480212222399,1.711251289118911,0.210196101966166
9.989999999999831,0.22722076307462483,0.23201796406085132,-1.1612732554810987,-1.1761309953866943,0.09070372974933064,0.09957132643276181,0.3939802707763604,0.3999171490348162,5.070506952164243,5.075121896034294,0.006250000000112768,0.026315217569106528,0.23819319031031128,0.24288815500619607,5.075121896034294,5.079273914627787,-1.1711718157673934,-1.2007929326142184,13.327902212984686,4.462894598454667,0.3967361109615839,0.4021641954791663,1.7091197595670191,1.712463366157744,0.2057027464917448
9.999999999999831,0.2156080305198272,0.22062263217237482,-1.1432478982727103,-1.1581720842859948,0.08778688648019727,0.08441097970176736,0.3926298052847435,0.3937082898940097,5.065457603268128,5.070506952164243,1.1276743427934832e-13,0.017497330164012517,0.22722076307462483,0.23201796406085132,5.070506952164243,5.075121896034294,-1.154727271503211,-1.1761309953866943,13.723976016393452,4.294540632201327,0.3890595785325576,0.3999171490348162,1.7076839382409643,1.7132505192096272,0.20312530200836232
10.009999999999831,0.20339096057983483,0.20854134080873948,-1.12174553195063,-1.1540725905701097,0.08418875952203242,0.08533999822247192,0.39127163062516007,0.3975733256989203,5.060005070615073,5.065457603268128,-0.006249506526161099,0.006104297756028091,0.2156080305198272,0.22062263217237482,5.065457603268128,5.070506952164243,-1.1535497122202476,-1.1581720842859948,14.108301321715459,4.118760712203063,0.39591243785079117,0.3937082898940097,1.7095005005671646,1.7178733652181424,0.2024370430527114
10.01999999999983,0.19060916060993932,0.19565671687962802,-1.0969066805581447,-1.1049080428238254,0.07993123182959885,0.09564946905558547,0.3899141373533517,0.3991125152066268,5.054183081786698,5.060005070615073,-0.012497532709181757,0.003043272829609309,0.20339096057983483,0.20854134080873948,5.060005070615073,5.065457603268128,-1.1118463688567795,-1.1540725905701097,14.47859847820404,3.935560291296794,0.3989047798227534,0.3975733256989203,1.7097249419880967,1.7352895597593596,0.1926134440500187
10.02999999999983,0.17730564016581177,0.1825622035961163,-1.06889183034897,-1.0961074873458472,0.07504030355661216,0.09407150074400143,0.3885657063389973,0.39779800829544804,5.048027659995127,5.054183081786698,-0.01874309191318549,-0.008738984525276869,0.19060916060993932,0.19565671687962802,5.054183081786698,5.060005070615073,-1.1011308893149052,-1.1049080428238254,14.832665261163466,3.744944306984723,0.39534942504552306,0.3991125152066268,1.7148529241340333,1.7225948235046113,0.19130118812139318
10.03999999999983,0.16352655191858528,0.16865565503905247,-1.0378805283753565,-1.0670886020038544,0.06954593816852638,0.08611148744714303,0.3872346623822161,0.3951794685641764,5.041576898816458,5.048027659995127,-0.024985197891973166,-0.017769896396664216,0.17730564016581177,0.1825622035961163,5.048027659995127,5.054183081786698,-1.0718701038258973,-1.0961074873458472,15.168389924784039,3.5469383336723146,0.39180642230515955,0.39779800829544804,1.7235552535583976,1.7217336839523723,0.18642555143571668
10.04999999999983,0.14932091231119318,0.15433934633554583,-1.0040703595302836,-1.0003188564902699,0.06348188272285586,0.07728018275813936,0.38592922160594756,0.3936960178324205,5.034870723795505,5.041576898816458,-0.031222864944649948,-0.019821698142526538,0.16352655191858528,0.16865565503905247,5.041576898816458,5.048027659995127,-1.0178055043368186,-1.0670886020038544,15.483764336590843,3.341692572362724,0.38992541603335623,0.3951794685641764,1.730807597153817,1.7283394169253923,0.17416104447807237
10.05999999999983,0.13474030371850682,0.13999760531993474,-0.9676758049217181,-0.9875895192821825,0.056885463315780385,0.06556570082369591,0.38465743957427806,0.3909397753745619,5.027950642472652,5.034870723795505,-0.037455108071278886,-0.03282156917844708,0.14932091231119318,0.15433934633554583,5.034870723795505,5.041576898816458,-1.003917588753693,-1.0003188564902699,15.776896640527909,3.129290238351405,0.38662955830364476,0.3936960178324205,1.7370087727515753,1.7421189506561006,0.17281917449838183
10.06999999999983,0.11983856002214159,0.12486714109010574,-0.9289269858343038,-0.9624851210968662,0.04979735684894296,0.04097435031330977,0.383427160792192,0.3830346781755404,5.0208594844965955,5.027950642472652,-0.043680943128423834,-0.04477191303713197,0.13474030371850682,0.13999760531993474,5.027950642472652,5.034870723795505,-0.971316663459989,-0.9875895192821825,16.046023515061307,2.910228469414575,0.3775478979402138,0.3909397753745619,1.7477164581223315,1.7562080303686698,0.1696390541272377
10.07999999999983,0.10467143764088471,0.10935683255387282,-0.8880682987666784,-0.9126100564166201,0.042261340453154536,0.027751416750874038,0.3822459713318596,0.38313100633933805,5.013641133476255,5.0208594844965955,-0.04989938698455709,-0.051687133662839356,0.11983856002214159,0.12486714109010574,5.0208594844965955,5.027950642472652,-0.9273731808345758,-0.9624851210968662,16.28952191730818,2.686139634270073,0.37565337809944216,0.3830346781755404,1.7593697263479753,1.7737269025963145,0.1610439662167122
10.08999999999983,0.08929627416992635,0.09382202125439215,-0.8453569483383666,-0.8784735835940976,0.03432402007992369,0.02584278719651778,0.3811211529059785,0.38361842473214297,5.006340252366037,5.013641133476255,-0.0561094576753073,-0.06017797038327071,0.10467143764088471,0.10935683255387282,5.013641133476255,5.0208594844965955,-0.891888758787263,-0.9126100564166201,16.50592022863062,2.459299503866371,0.37786164036615294,0.38313100633933805,1.7744878888897666,1.8044383985507415,0.15399999163766287
10.09999999999983,0.07377163687468677,0.07803129879086033,-0.8010613861191401,-0.8165759853887611,0.026034539951774377,0.036046765138220686,0.3800596335618919,0.38974306545834475,4.999002004176247,5.006340252366037,-0.06231017455852295,-0.06306863468407636,0.08929627416992635,0.09382202125439215,5.006340252366037,5.013641133476255,-0.8398044583556159,-0.8784735835940976,16.693908618459115,2.2365946257388676,0.3906797422781967,0.38361842473214297,1.7881285494660908,1.8131922748911409,0.1410999334749367
10.109999999999829,0.05815696335750377,0.062353051671731136,-0.7554596646498184,-0.7916022069568984,0.01744427474187014,0.03911932490758778,0.37906794907538843,0.38996623957484056,4.991671769788019,4.999002004176247,-0.06850055846912721,-0.0747202723585013,0.07377163687468677,0.07803129879086033,4.999002004176247,5.006340252366037,-0.8185301583648344,-0.8165759853887611,16.852348352815984,2.014259766865525,0.39147973403140973,0.38974306545834475,1.8036356580087118,1.8224998584788095,0.13707332403023242
10.119999999999829,0.04251219676726401,0.046326457781663125,-0.7088377174064476,-0.7482310041608596,0.008606506451940193,0.018941893782415523,0.37815220086600076,0.3820414262324926,4.984394864757045,4.991671769788019,-0.07467963187373938,-0.08344290759877862,0.05815696335750377,0.062353051671731136,4.991671769788019,4.999002004176247,-0.7687836249222902,-0.7916022069568984,16.98028031099149,1.8001175819142614,0.3786857281148987,0.38996623957484056,1.817480084725275,1.8195699753333372,0.12976936538044176
10.129999999999828,0.02689741794966565,0.030342704395806278,-0.6614875762443014,-0.6806987787254225,-0.00042391185164741135,0.010183408269581775,0.37731802253615,0.3848822773105499,4.977216256913466,4.984394864757045,-0.08084641902503878,-0.08683974925906254,0.04251219676726401,0.046326457781663125,4.984394864757045,4.991671769788019,-0.7092993887060725,-0.7482310041608596,17.076932197847185,1.5974131905056819,0.38279331799037347,0.3820414262324926,1.8364691961725206,1.8280712477466898,0.11718245365486882
10.139999999999828,0.011372476945345088,0.014684219492565435,-0.6137055390614015,-0.6287866302417782,-0.009590903206619962,-0.007620241427450106,0.3765705444565065,0.3794818298305638,4.970180286556051,4.977216256913466,-0.08699994611584655,-0.09400814150404821,0.02689741794966565,0.030342704395806278,4.977216256913466,4.984394864757045,-0.6562569754160767,-0.6806987787254225,17.141724681191914,1.4012364844035914,0.37489025635353873,0.3848822773105499,1.851847027000631,1.8624057528213054,0.10869236099661364
10.149999999999828,-0.004003373770376614,-0.0008935596008491156,-0.5657903009742214,-0.5889590637027119,-0.018837522451042157,-0.005991561207464065,0.37591435609834495,0.38636733450408955,4.963330391065435,4.970180286556051,-0.0931392414329011,-0.10282360528074112,0.011372476945345088,0.014684219492565435,4.970180286556051,4.977216256913466,-0.6159464627077633,-0.6287866302417782,17.174276070471112,1.2212809379777692,0.3867603462176739,0.3794818298305638,1.871803290575299,1.8776910905318278,0.101930045679892
10.159999999999828,-0.019171841943066172,-0.016453642066686758,-0.518041062918734,-0.5395240543560763,-0.028106317990572945,-0.017553369645878045,0.3753534861854763,0.3808946408099849,4.956708835665415,4.963330391065435,-0.09926333551030292,-0.10999168615274976,-0.004003373770376614,-0.0008935596008491156,4.963330391065435,4.970180286556051,-0.5666032390600991,-0.5889590637027119,17.17440545267675,1.0582813262124176,0.3777886105487574,0.38636733450408955,1.8922619244336243,1.9087836618162342,0.093538044086063
10.169999999999828,-0.034075951776227104,-0.031768589257933064,-0.4707556322124462,-0.4837295412316275,-0.0373396971799027,-0.02824780509219555,0.3748913704792846,0.3811883224313615,4.950356452026976,4.956708835665415,-0.10537126128260442,-0.11560536062794292,-0.019171841943066172,-0.016453642066686758,4.956708835665415,4.963330391065435,-0.5130063124084222,-0.5395240543560763,17.142134804500017,0.9089453313214838,0.3777313383120639,0.3808946408099849,1.9115847554754835,1.9104477756927127,0.08383677137000986
10.179999999999827,-0.04866039150430081,-0.046717296159116045,-0.42422852918830567,-0.43602366146195115,-0.046480292728074094,-0.03941764648683088,0.374530840564981,0.37974739417445286,4.94431238634786,4.950356452026976,-0.11146205423752083,-0.12269632432407973,-0.034075951776227104,-0.031768589257933064,4.950356452026976,4.956708835665415,-0.4651232965925567,-0.4837295412316275,17.077689208831792,0.769994322602526,0.3763043071744238,0.3811883224313615,1.928321829988754,1.9370714477818052,0.07597902816496369
10.189999999999827,-0.06287185013351407,-0.06135450898172056,-0.37874911444856096,-0.4033449818585824,-0.05547132762305569,-0.028263039185752535,0.3742740987649053,0.3891575101677613,4.9386138584424195,4.94431238634786,-0.11753475256823787,-0.131847929430945,-0.04866039150430081,-0.046717296159116045,4.94431238634786,4.950356452026976,-0.4352642198855104,-0.43602366146195115,16.98149610560812,0.6379317724988574,0.3917375684724666,0.37974739417445286,1.9490136573072785,1.9565884458026053,0.07049342044922444
10.199999999999827,-0.07665934127799967,-0.07575981175123084,-0.334599750359783,-0.3531025137875422,-0.06425697597699145,-0.05300157876776569,0.3741227089037992,0.3769259923860136,4.933295933367569,4.9386138584424195,-0.12358839732529214,-0.13800334642713608,-0.06287185013351407,-0.06135450898172056,4.9386138584424195,4.94431238634786,-0.3798621164200903,-0.4033449818585824,16.854182615838706,0.514866997221948,0.3758315645428496,0.3891575101677613,1.9741933633008462,1.9788501813956427,0.06224353467590524
10.209999999999827,-0.08997451211892984,-0.08963700339600217,-0.2920540103747476,-0.291866675466145,-0.07278271731347975,-0.07019906523205918,0.3740775830790532,0.3776016678551927,4.928391306940966,4.933295933367569,-0.12962203256800045,-0.14121192925117268,-0.07665934127799967,-0.07575981175123084,4.933295933367569,4.9386138584424195,-0.3226304310392396,-0.3531025137875422,16.696571805451292,0.4009506175078439,0.3729778581881384,0.3769259923860136,1.991227114464273,1.9769321517905252,0.05157492585517051
10.219999999999827,-0.10277193562863082,-0.10284857469335182,-0.2513749487056695,-0.25933361450685644,-0.08099568181861222,-0.07651202479413813,0.3741389875507296,0.3800654365329092,4.923930106415764,4.928391306940966,-0.13563470551541387,-0.1497087105454068,-0.08997451211892984,-0.08963700339600217,4.928391306940966,4.933295933367569,-0.29416578518195163,-0.291866675466145,16.50967738714582,0.2938688062418423,0.3800265924726148,0.3776016678551927,2.012426340294984,2.0190173737818857,0.04686013585205498
10.229999999999826,-0.11500938431966747,-0.11568896245039256,-0.2128134423387748,-0.2142851343746966,-0.08884498421783485,-0.09796617033362894,0.37430652720398594,0.37156321264943065,4.919939707474902,4.923930106415764,-0.14162546669677287,-0.15533996202479758,-0.10277193562863082,-0.10284857469335182,4.923930106415764,4.928391306940966,-0.24066017587843824,-0.25933361450685644,16.294697578099367,0.19486139093332538,0.3674554523775393,0.3800654365329092,2.02835219461065,2.0459837552907585,0.039650999574405016
10.239999999999826,-0.12664808390601098,-0.1278917075958442,-0.17660661588483645,-0.1830346576719325,-0.09628204393989435,-0.09367737131531548,0.37457915530166136,0.3814821626973147,4.916444568641399,4.919939707474902,-0.1475933701014398,-0.1623522923932035,-0.11500938431966747,-0.11568896245039256,4.919939707474902,4.923930106415764,-0.2122530808952232,-0.2142851343746966,16.053007045802474,0.10250458170425625,0.38153222714494384,0.37156321264943065,2.048698487049026,2.0541317712848177,0.034460584797359306
10.249999999999826,-0.13765294538997747,-0.1394647203829911,-0.1429763594218519,-0.15334777797552893,-0.10326088947201915,-0.10877656423274717,0.37495518363169716,0.3716756868994752,4.913466084049648,4.916444568641399,-0.15353747332828493,-0.16959925560183967,-0.12664808390601098,-0.1278917075958442,4.916444568641399,4.919939707474902,-0.1791741161797719,-0.1830346576719325,15.786148339116767,0.016732024652822766,0.36880592509298993,0.3814821626973147,2.0659001975678466,2.092834020614666,0.030134535218848568
10.259999999999826,-0.1479927742260859,-0.1503028504271928,-0.11212794800477903,-0.11631284591653196,-0.10973844488669833,-0.09959463051821722,0.3754322826784514,0.3837054172612506,4.911022455349379,4.913466084049648,-0.15945683773450253,-0.17322297325027924,-0.13765294538997747,-0.1394647203829911,4.913466084049648,4.916444568641399,-0.13904607172190606,-0.15334777797552893,15.495822199761323,-0.061813890729607496,0.3844082347379358,0.3716756868994752,2.085573544511129,2.080922487046875,0.022920122823086447
10.269999999999825,-0.1576404553496818,-0.1602546795790373,-0.08424877041917468,-0.09225845655544537,-0.1156747966559522,-0.10931795585023657,0.37600751089260254,0.3780739027503338,4.909128583481173,4.911022455349379,-0.1653505285838334,-0.17963821816362738,-0.1479927742260859,-0.1503028504271928,4.911022455349379,4.913466084049648,-0.12201508038929923,-0.11631284591653196,15.183876544879555,-0.13484884060492286,0.3773050149488756,0.3837054172612506,2.1070450934250773,2.118549098989852,0.019383538584590077
10.279999999999825,-0.16657311299763114,-0.1694608031665439,-0.059507174230562634,-0.05468133985760339,-0.12103343913454437,-0.14014360317318034,0.376677316556847,0.36757168769645976,4.907795980865556,4.909128583481173,-0.17121761519417059,-0.1832046099095555,-0.1576404553496818,-0.1602546795790373,4.909128583481173,4.911022455349379,-0.07547954946771093,-0.09225845655544537,14.852295312667632,-0.2001283213687033,0.36370269823026363,0.3780739027503338,2.118041217692283,2.114202862328958,0.013743806743011594
10.289999999999825,-0.17477224439594605,-0.1777506231062064,-0.0380514324981907,-0.028728685025826636,-0.12578149714267522,-0.1436978982733613,0.3774375757943791,0.3756215954074133,4.907032704470282,4.907795980865556,-0.1770571710845249,-0.18747104991308883,-0.16657311299763114,-0.1694608031665439,4.907795980865556,4.909128583481173,-0.053446710718806766,-0.05468133985760339,14.503185665710621,-0.2590646569236395,0.3744880202502261,0.36757168769645976,2.136756013858349,2.1323484774220334,0.009720426806882426
10.299999999999825,-0.18222382653280314,-0.185297480767578,-0.020008837494686942,-0.017709022145317263,-0.129889924422308,-0.1305678981253193,0.3782836098869552,0.3806861078719558,4.906843310041751,4.907032704470282,-0.18286827412132697,-0.19274756624576497,-0.17477224439594605,-0.1777506231062064,4.907032704470282,4.907795980865556,-0.04461878257811343,-0.028728685025826636,14.138765420399785,-0.31369290357440677,0.3833873476398585,0.3756215954074133,2.150657055721017,2.178210341162614,0.007450085478186985
10.309999999999825,-0.1889183953910623,-0.1922339594320351,-0.005484925196846549,0.002108277673493846,-0.1333336768047702,-0.1354765372542058,0.37921020761832963,0.37752380561348226,4.90722882770466,4.906843310041751,-0.18865000666404286,-0.19672828007192641,-0.18222382653280314,-0.185297480767578,4.906843310041751,4.907032704470282,-0.01754430823738578,-0.017709022145317263,13.761349184914058,-0.3622553397671006,0.3766741757907611,0.3806861078719558,2.1615086069687233,2.1738391601536686,0.004494320639891303
10.319999999999824,-0.19485109716596666,-0.19837265304545426,0.00543716597498836,0.005100152864350699,-0.13609185918954206,-0.1419635200164282,0.38021166723188465,0.37695320528463344,4.908186758998882,4.90722882770466,-0.19440145571008008,-0.20273679295187122,-0.1889183953910623,-0.1922339594320351,4.90722882770466,4.906843310041751,-0.016214111637246374,0.002108277673493846,13.373333994073427,-0.4079596780492618,0.37602255426979825,0.37752380561348226,2.1707890174108875,2.1697537677509144,0.004364139906416958
10.329999999999824,-0.20002171115338804,-0.2038631681058055,0.012697199196618894,0.014949274082907566,-0.13814784567144472,-0.14265948643060994,0.3812818308744473,0.379529042113877,4.909711095257484,4.908186758998882,-0.20012171303896137,-0.20653684933357616,-0.19485109716596666,-0.19837265304545426,4.908186758998882,4.90722882770466,-0.0031259836151809224,0.005100152864350699,12.97718492604782,-0.4496491638476183,0.3819709147507128,0.37695320528463344,2.183675009090143,2.1809208771873365,0.0026736812277706745
10.339999999999824,-0.20443464415882967,-0.20853384565965605,0.0162582040251067,0.03715683255162442,-0.1394893722888699,-0.1434885467075562,0.3824141174882869,0.3797361343012282,4.911792357172205,4.909711095257484,-0.20580987535574316,-0.20692394119262486,-0.20002171115338804,-0.2038631681058055,4.909711095257484,4.908186758998882,0.027938842520587988,0.014949274082907566,12.57542000786623,-0.4834149960627384,0.38184885863254775,0.379529042113877,2.188321021146147,2.1940250594121466,-0.0016099044670311868
10.349999999999824,-0.20809889644224233,-0.21224626152275636,0.016106700279912824,0.04426169450840059,-0.1401086020751628,-0.1544945349052246,0.38360156389688516,0.3759762475008283,4.914417655227983,4.911792357172205,-0.21146504443365638,-0.21001997521991705,-0.20443464415882967,-0.20853384565965605,4.911792357172205,4.909711095257484,0.026232387071803885,0.03715683255162442,12.170594638716507,-0.514187223483372,0.3736415165633638,0.3797361343012282,2.2001596867523205,2.19613151914007,-0.002226286302839303
10.359999999999824,-0.2110279993832059,-0.21524271573233347,0.012252779740131507,0.035066089201118304,-0.1400021623092883,-0.13845027268098659,0.3848368693605847,0.3869310099511102,4.917570770569183,4.914417655227983,-0.21708632725594681,-0.21451848668204587,-0.20809889644224233,-0.21224626152275636,4.914417655227983,4.911792357172205,0.020747637550014117,0.04426169450840059,11.765285873335026,-0.5446923393615196,0.38981845555085026,0.3759762475008283,2.2054046515999843,2.201455706579197,-0.0007242290502876003
10.369999999999823,-0.2132399252243772,-0.21766667458859196,0.004730044954662962,0.023647425769202188,-0.13917115403332686,-0.13548236228164398,0.3861124398465252,0.38345645758349556,4.921232255801738,4.917570770569183,-0.22267283615689284,-0.22018557383601534,-0.2110279993832059,-0.21524271573233347,4.917570770569183,4.914417655227983,0.013334124898744108,0.035066089201118304,11.362076507446233,-0.5760881773564143,0.3870626544587804,0.3869310099511102,2.204161591322027,2.216729413566208,0.0025188992474233785
10.379999999999823,-0.2147569694252467,-0.21943686474723037,-0.0064045949821251716,0.011401685536564165,-0.13762113406839943,-0.12183656032396334,0.38742042847745345,0.3918079905740595,4.925379555064775,4.921232255801738,-0.22822368896197814,-0.22420725298302258,-0.2132399252243772,-0.21766667458859196,4.921232255801738,4.917570770569183,0.006068138230834499,0.023647425769202188,10.963538937382552,-0.6081770671326506,0.3969514867892446,0.38345645758349556,2.211510475388354,2.1928822157882877,0.004770388235792206
10.389999999999823,-0.21560560633236034,-0.22050013662771423,-0.021071271245860022,0.0013524841814750097,-0.135362069912766,-0.15329920701149574,0.3887527944470276,0.37359650692890445,4.929987142627155,4.925379555064775,-0.23373800912719725,-0.22868812841252356,-0.2147569694252467,-0.21943686474723037,4.925379555064775,4.921232255801738,-0.0005740895691951119,0.011401685536564165,10.572218778971365,-0.6402708697890748,0.3744289477218976,0.3918079905740595,2.2124817464557944,2.2007598031194475,0.008187991784809334
10.399999999999823,-0.21581631904483284,-0.22081912838137693,-0.03916764394096381,-0.03495618815677036,-0.13240826812385179,-0.17293793371550226,0.3901013410145366,0.3760791401745828,4.935026679162213,4.929987142627155,-0.23921492587747206,-0.23728514416096516,-0.21560560633236034,-0.22050013662771423,4.929987142627155,4.925379555064775,-0.030933939339212062,0.0013524841814750097,10.190618963821395,-0.6787071768832827,0.37066094358537993,0.37359650692890445,2.2117375195711713,2.182065249251116,0.016466015779588228
10.409999999999823,-0.2154234045269779,-0.22069439170878685,-0.06056953054631225,-0.042598656955893766,-0.12877827681539442,-0.1579877855892523,0.3914577791999283,0.3825266366860036,4.940467184796062,4.935026679162213,-0.2446535743441573,-0.2373226599622432,-0.21581631904483284,-0.22081912838137693,4.935026679162213,4.929987142627155,-0.032287551552438704,-0.03495618815677036,9.821183321235551,-0.7179275333764124,0.3839028915211994,0.3760791401745828,2.2085227345437968,2.2338509384156273,0.01662826825345634
10.419999999999822,-0.2144647551820525,-0.2197123060164973,-0.08513167206941337,-0.05679094930027175,-0.12449476317145769,-0.13376793569444795,0.3928137599059541,0.38887762001508375,4.946275227869357,4.940467184796062,-0.2500530957016132,-0.2377929940769439,-0.2154234045269779,-0.22069439170878685,4.940467184796062,4.935026679162213,-0.05347859973189586,-0.042598656955893766,9.46628105467613,-0.7596125974266393,0.3932072091171802,0.3825266366860036,2.204115218340158,2.229479421144625,0.018080688060446604
10.429999999999822,-0.21298161826420117,-0.21809845212570006,-0.11268863299183812,-0.08981533930109181,-0.11958436682411647,-0.1155144625500833,0.39416093532131785,0.39303521283949705,4.952415128348115,4.946275227869357,-0.25541263730282426,-0.24180204598360602,-0.2144647551820525,-0.2197123060164973,4.946275227869357,4.940467184796062,-0.0833848361299256,-0.05679094930027175,9.12819064944255,-0.805508567353963,0.39943142453084624,0.38887762001508375,2.2015336274950883,2.2046632546724907,0.023703593857905964
10.439999999999822,-0.21101833465038342,-0.21611841341108548,-0.14305583120030366,-0.12882584705772349,-0.11407753024387123,-0.11218803793829454,0.39549101074625753,0.389507402620458,4.958849174637086,4.952415128348115,-0.2607313528140418,-0.24705202065830184,-0.21298161826420117,-0.21809845212570006,4.952415128348115,4.946275227869357,-0.11826903371886796,-0.08981533930109181,8.809085027315943,-0.8659035396181659,0.39348546528455164,0.39303521283949705,2.191522352001674,2.1824069279407214,0.03093360724721636
10.449999999999822,-0.20862205863874853,-0.21377309394347482,-0.17603069229272128,-0.1508755854056198,-0.10800830727436528,-0.11865521196654152,0.3967957951799109,0.3891146695044859,4.965537852561742,4.958849174637086,-0.26600840234843015,-0.24853180101918804,-0.21101833465038342,-0.21611841341108548,4.958849174637086,4.952415128348115,-0.1398128999746395,-0.12882584705772349,8.5110170228747,-0.9386766355635362,0.3922288370559783,0.389507402620458,2.1867432173956862,2.1564944687998078,0.03475870707571321
10.459999999999821,-0.2058424605642928,-0.21084899406245716,-0.21139392175364297,-0.18558199502936526,-0.10141415106112676,-0.11033623789222571,0.3980672524584034,0.3922767512549915,4.972440085204475,4.965537852561742,-0.2712429525986943,-0.25162618689363087,-0.20862205863874853,-0.21377309394347482,4.965537852561742,4.958849174637086,-0.1735912839935366,-0.1508755854056198,8.235905551505116,-1.0227405057659287,0.3961930831055095,0.3891146695044859,2.1790202393263103,2.1658248695648354,0.0407771928311737
10.469999999999821,-0.2027314141346818,-0.20759868475798132,-0.24891088739828748,-0.2288981765703949,-0.09433568271572887,-0.10312468157321283,0.3992975464168199,0.39179654080836485,4.979513482207479,4.972440085204475,-0.2764341769686689,-0.2561100492003174,-0.2058424605642928,-0.21084899406245716,4.972440085204475,4.965537852561742,-0.21332462632992608,-0.18558199502936526,7.985522665114625,-1.117475748532927,0.39506984924784316,0.3922767512549915,2.1624707138905883,2.159914580229712,0.04851136444233606
10.479999999999821,-0.19934267048575138,-0.20412527093453708,-0.28833310323253925,-0.25905819753803533,-0.08681644210931563,-0.07716262910503274,0.40047909031744067,0.40161324147332983,4.986714597097826,4.979513482207479,-0.28158125570384734,-0.2565583739014947,-0.2027314141346818,-0.20759868475798132,4.979513482207479,4.972440085204475,-0.2432991938985617,-0.2288981765703949,7.761481459441034,-1.219908131513449,0.40621088068243794,0.39179654080836485,2.149430164512829,2.139553101268142,0.052433102966957634
10.48999999999982,-0.19573152103478572,-0.20028064386724506,-0.3293998049886221,-0.3008996577477053,-0.07890262229828465,-0.07173758830280204,0.4016045962992829,0.3974804554374016,4.993999191140577,4.986714597097826,-0.28668337602083055,-0.26009444346466826,-0.19934267048575138,-0.20412527093453708,4.986714597097826,4.979513482207479,-0.28345953265681384,-0.25905819753803533,7.565225252614575,-1.3305672371398587,0.4026700504212413,0.40161324147332983,2.1395183299001523,2.1266659754720663,0.059813799597423195
